window_end,site_id,device_type,method,monitor_only_queue,new_candidates_window,churn_removed,review_flags_if_previously_active,exportable_candidates
2019-03-29,US,amcrest-cam-wired,dib,0,0,0,0,0
2019-03-29,US,appletv,dib,0,0,0,0,0
2019-03-29,US,blink-camera,dib,0,0,0,0,0
2019-03-29,US,blink-security-hub,dib,0,0,0,0,0
2019-03-29,US,brewer,dib,0,0,0,0,0
2019-03-29,US,bulb1,dib,0,0,0,0,0
2019-03-29,US,cloudcam,dib,0,0,0,0,0
2019-03-29,US,dlink-mov,dib,0,0,0,0,0
2019-03-29,US,dryer,dib,0,0,0,0,0
2019-03-29,US,echodot,dib,0,0,0,0,0
2019-03-29,US,echoplus,dib,0,0,0,0,0
2019-03-29,US,echospot,dib,0,0,0,0,0
2019-03-29,US,firetv,dib,0,0,0,0,0
2019-03-29,US,fridge,dib,0,0,0,0,0
2019-03-29,US,google-home-mini,dib,0,0,0,0,0
2019-03-29,US,google-home-mini2,dib,0,0,0,0,0
2019-03-29,US,ikettle,dib,0,0,0,0,0
2019-03-29,US,insteon-hub,dib,0,0,0,0,0
2019-03-29,US,invoke,dib,0,0,0,0,0
2019-03-29,US,lefun-cam-wired,dib,0,0,0,0,0
2019-03-29,US,lgtv-wired,dib,0,0,0,0,0
2019-03-29,US,lightify-hub,dib,0,0,0,0,0
2019-03-29,US,luohe-spycam,dib,0,0,0,0,0
2019-03-29,US,magichome-strip,dib,0,0,0,0,0
2019-03-29,US,microseven-camera,dib,0,0,0,0,0
2019-03-29,US,microwave,dib,0,0,0,0,0
2019-03-29,US,nest-tstat,dib,0,0,0,0,0
2019-03-29,US,philips-hue,dib,4,4,0,0,4
2019-03-29,US,ring-doorbell,dib,0,0,0,0,0
2019-03-29,US,roku-tv,dib,0,0,0,0,0
2019-03-29,US,samsungtv-wired,dib,0,0,0,0,0
2019-03-29,US,sengled-hub,dib,0,0,0,0,0
2019-03-29,US,smartthings,dib,4,4,0,0,4
2019-03-29,US,sousvide,dib,0,0,0,0,0
2019-03-29,US,t-echodot,dib,0,0,0,0,0
2019-03-29,US,t-smartthings-hub,dib,0,0,0,0,0
2019-03-29,US,t-wemo-plug,dib,0,0,0,0,0
2019-03-29,US,tp-link-plug,dib,0,0,0,0,0
2019-03-29,US,tplink-bulb,dib,0,0,0,0,0
2019-03-29,US,wansview-cam-wired,dib,0,0,0,0,0
2019-03-29,US,washer,dib,0,0,0,0,0
2019-03-29,US,wink-hub2,dib,0,0,0,0,0
2019-03-29,US,xiaomi-cleaner,dib,0,0,0,0,0
2019-03-29,US,xiaomi-hub,dib,0,0,0,0,0
2019-03-29,US,xiaomi-ricecooker,dib,0,0,0,0,0
2019-03-29,US,xiaomi-strip,dib,0,0,0,0,0
2019-03-29,US,yi-camera,dib,0,0,0,0,0
2019-03-29,US,zmodo-doorbell,dib,0,0,0,0,0
2019-03-29,US,amcrest-cam-wired,pooled_union,0,0,0,0,0
2019-03-29,US,appletv,pooled_union,0,0,0,0,0
2019-03-29,US,blink-camera,pooled_union,0,0,0,0,0
2019-03-29,US,blink-security-hub,pooled_union,0,0,0,0,0
2019-03-29,US,brewer,pooled_union,0,0,0,0,0
2019-03-29,US,bulb1,pooled_union,0,0,0,0,0
2019-03-29,US,cloudcam,pooled_union,0,0,0,0,0
2019-03-29,US,dlink-mov,pooled_union,0,0,0,0,0
2019-03-29,US,dryer,pooled_union,0,0,0,0,0
2019-03-29,US,echodot,pooled_union,0,0,0,0,0
2019-03-29,US,echoplus,pooled_union,0,0,0,0,0
2019-03-29,US,echospot,pooled_union,0,0,0,0,0
2019-03-29,US,firetv,pooled_union,0,0,0,0,0
2019-03-29,US,fridge,pooled_union,0,0,0,0,0
2019-03-29,US,google-home-mini,pooled_union,0,0,0,0,0
2019-03-29,US,google-home-mini2,pooled_union,0,0,0,0,0
2019-03-29,US,ikettle,pooled_union,0,0,0,0,0
2019-03-29,US,insteon-hub,pooled_union,0,0,0,0,0
2019-03-29,US,invoke,pooled_union,0,0,0,0,0
2019-03-29,US,lefun-cam-wired,pooled_union,0,0,0,0,0
2019-03-29,US,lgtv-wired,pooled_union,0,0,0,0,0
2019-03-29,US,lightify-hub,pooled_union,0,0,0,0,0
2019-03-29,US,luohe-spycam,pooled_union,0,0,0,0,0
2019-03-29,US,magichome-strip,pooled_union,0,0,0,0,0
2019-03-29,US,microseven-camera,pooled_union,0,0,0,0,0
2019-03-29,US,microwave,pooled_union,0,0,0,0,0
2019-03-29,US,nest-tstat,pooled_union,0,0,0,0,0
2019-03-29,US,philips-hue,pooled_union,10,10,0,0,4
2019-03-29,US,ring-doorbell,pooled_union,0,0,0,0,0
2019-03-29,US,roku-tv,pooled_union,0,0,0,0,0
2019-03-29,US,samsungtv-wired,pooled_union,0,0,0,0,0
2019-03-29,US,sengled-hub,pooled_union,2,2,0,0,0
2019-03-29,US,smartthings,pooled_union,7,7,0,0,4
2019-03-29,US,sousvide,pooled_union,0,0,0,0,0
2019-03-29,US,t-echodot,pooled_union,0,0,0,0,0
2019-03-29,US,t-smartthings-hub,pooled_union,0,0,0,0,0
2019-03-29,US,t-wemo-plug,pooled_union,0,0,0,0,0
2019-03-29,US,tp-link-plug,pooled_union,0,0,0,0,0
2019-03-29,US,tplink-bulb,pooled_union,0,0,0,0,0
2019-03-29,US,wansview-cam-wired,pooled_union,5,5,0,0,3
2019-03-29,US,washer,pooled_union,0,0,0,0,0
2019-03-29,US,wink-hub2,pooled_union,0,0,0,0,0
2019-03-29,US,xiaomi-cleaner,pooled_union,0,0,0,0,0
2019-03-29,US,xiaomi-hub,pooled_union,0,0,0,0,0
2019-03-29,US,xiaomi-ricecooker,pooled_union,0,0,0,0,0
2019-03-29,US,xiaomi-strip,pooled_union,0,0,0,0,0
2019-03-29,US,yi-camera,pooled_union,0,0,0,0,0
2019-03-29,US,zmodo-doorbell,pooled_union,0,0,0,0,0
2019-03-29,US,amcrest-cam-wired,quorum_only,0,0,0,0,0
2019-03-29,US,appletv,quorum_only,0,0,0,0,0
2019-03-29,US,blink-camera,quorum_only,0,0,0,0,0
2019-03-29,US,blink-security-hub,quorum_only,0,0,0,0,0
2019-03-29,US,brewer,quorum_only,0,0,0,0,0
2019-03-29,US,bulb1,quorum_only,0,0,0,0,0
2019-03-29,US,cloudcam,quorum_only,0,0,0,0,0
2019-03-29,US,dlink-mov,quorum_only,0,0,0,0,0
2019-03-29,US,dryer,quorum_only,0,0,0,0,0
2019-03-29,US,echodot,quorum_only,0,0,0,0,0
2019-03-29,US,echoplus,quorum_only,0,0,0,0,0
2019-03-29,US,echospot,quorum_only,0,0,0,0,0
2019-03-29,US,firetv,quorum_only,0,0,0,0,0
2019-03-29,US,fridge,quorum_only,0,0,0,0,0
2019-03-29,US,google-home-mini,quorum_only,0,0,0,0,0
2019-03-29,US,google-home-mini2,quorum_only,0,0,0,0,0
2019-03-29,US,ikettle,quorum_only,0,0,0,0,0
2019-03-29,US,insteon-hub,quorum_only,0,0,0,0,0
2019-03-29,US,invoke,quorum_only,0,0,0,0,0
2019-03-29,US,lefun-cam-wired,quorum_only,0,0,0,0,0
2019-03-29,US,lgtv-wired,quorum_only,0,0,0,0,0
2019-03-29,US,lightify-hub,quorum_only,0,0,0,0,0
2019-03-29,US,luohe-spycam,quorum_only,0,0,0,0,0
2019-03-29,US,magichome-strip,quorum_only,0,0,0,0,0
2019-03-29,US,microseven-camera,quorum_only,0,0,0,0,0
2019-03-29,US,microwave,quorum_only,0,0,0,0,0
2019-03-29,US,nest-tstat,quorum_only,0,0,0,0,0
2019-03-29,US,philips-hue,quorum_only,6,6,0,0,4
2019-03-29,US,ring-doorbell,quorum_only,0,0,0,0,0
2019-03-29,US,roku-tv,quorum_only,0,0,0,0,0
2019-03-29,US,samsungtv-wired,quorum_only,0,0,0,0,0
2019-03-29,US,sengled-hub,quorum_only,0,0,0,0,0
2019-03-29,US,smartthings,quorum_only,5,5,0,0,4
2019-03-29,US,sousvide,quorum_only,0,0,0,0,0
2019-03-29,US,t-echodot,quorum_only,0,0,0,0,0
2019-03-29,US,t-smartthings-hub,quorum_only,0,0,0,0,0
2019-03-29,US,t-wemo-plug,quorum_only,0,0,0,0,0
2019-03-29,US,tp-link-plug,quorum_only,0,0,0,0,0
2019-03-29,US,tplink-bulb,quorum_only,0,0,0,0,0
2019-03-29,US,wansview-cam-wired,quorum_only,0,0,0,0,0
2019-03-29,US,washer,quorum_only,0,0,0,0,0
2019-03-29,US,wink-hub2,quorum_only,0,0,0,0,0
2019-03-29,US,xiaomi-cleaner,quorum_only,0,0,0,0,0
2019-03-29,US,xiaomi-hub,quorum_only,0,0,0,0,0
2019-03-29,US,xiaomi-ricecooker,quorum_only,0,0,0,0,0
2019-03-29,US,xiaomi-strip,quorum_only,0,0,0,0,0
2019-03-29,US,yi-camera,quorum_only,0,0,0,0,0
2019-03-29,US,zmodo-doorbell,quorum_only,0,0,0,0,0
2019-03-29,US,amcrest-cam-wired,majority,0,0,0,0,0
2019-03-29,US,appletv,majority,0,0,0,0,0
2019-03-29,US,blink-camera,majority,0,0,0,0,0
2019-03-29,US,blink-security-hub,majority,0,0,0,0,0
2019-03-29,US,brewer,majority,0,0,0,0,0
2019-03-29,US,bulb1,majority,0,0,0,0,0
2019-03-29,US,cloudcam,majority,0,0,0,0,0
2019-03-29,US,dlink-mov,majority,0,0,0,0,0
2019-03-29,US,dryer,majority,0,0,0,0,0
2019-03-29,US,echodot,majority,0,0,0,0,0
2019-03-29,US,echoplus,majority,0,0,0,0,0
2019-03-29,US,echospot,majority,0,0,0,0,0
2019-03-29,US,firetv,majority,0,0,0,0,0
2019-03-29,US,fridge,majority,0,0,0,0,0
2019-03-29,US,google-home-mini,majority,0,0,0,0,0
2019-03-29,US,google-home-mini2,majority,0,0,0,0,0
2019-03-29,US,ikettle,majority,0,0,0,0,0
2019-03-29,US,insteon-hub,majority,0,0,0,0,0
2019-03-29,US,invoke,majority,0,0,0,0,0
2019-03-29,US,lefun-cam-wired,majority,0,0,0,0,0
2019-03-29,US,lgtv-wired,majority,0,0,0,0,0
2019-03-29,US,lightify-hub,majority,0,0,0,0,0
2019-03-29,US,luohe-spycam,majority,0,0,0,0,0
2019-03-29,US,magichome-strip,majority,0,0,0,0,0
2019-03-29,US,microseven-camera,majority,0,0,0,0,0
2019-03-29,US,microwave,majority,0,0,0,0,0
2019-03-29,US,nest-tstat,majority,0,0,0,0,0
2019-03-29,US,philips-hue,majority,10,10,0,0,4
2019-03-29,US,ring-doorbell,majority,0,0,0,0,0
2019-03-29,US,roku-tv,majority,0,0,0,0,0
2019-03-29,US,samsungtv-wired,majority,0,0,0,0,0
2019-03-29,US,sengled-hub,majority,2,2,0,0,0
2019-03-29,US,smartthings,majority,7,7,0,0,4
2019-03-29,US,sousvide,majority,0,0,0,0,0
2019-03-29,US,t-echodot,majority,0,0,0,0,0
2019-03-29,US,t-smartthings-hub,majority,0,0,0,0,0
2019-03-29,US,t-wemo-plug,majority,0,0,0,0,0
2019-03-29,US,tp-link-plug,majority,0,0,0,0,0
2019-03-29,US,tplink-bulb,majority,0,0,0,0,0
2019-03-29,US,wansview-cam-wired,majority,5,5,0,0,3
2019-03-29,US,washer,majority,0,0,0,0,0
2019-03-29,US,wink-hub2,majority,0,0,0,0,0
2019-03-29,US,xiaomi-cleaner,majority,0,0,0,0,0
2019-03-29,US,xiaomi-hub,majority,0,0,0,0,0
2019-03-29,US,xiaomi-ricecooker,majority,0,0,0,0,0
2019-03-29,US,xiaomi-strip,majority,0,0,0,0,0
2019-03-29,US,yi-camera,majority,0,0,0,0,0
2019-03-29,US,zmodo-doorbell,majority,0,0,0,0,0
2019-03-29,US,amcrest-cam-wired,dib_without_portability_gate,0,0,0,0,0
2019-03-29,US,appletv,dib_without_portability_gate,0,0,0,0,0
2019-03-29,US,blink-camera,dib_without_portability_gate,0,0,0,0,0
2019-03-29,US,blink-security-hub,dib_without_portability_gate,0,0,0,0,0
2019-03-29,US,brewer,dib_without_portability_gate,0,0,0,0,0
2019-03-29,US,bulb1,dib_without_portability_gate,0,0,0,0,0
2019-03-29,US,cloudcam,dib_without_portability_gate,0,0,0,0,0
2019-03-29,US,dlink-mov,dib_without_portability_gate,0,0,0,0,0
2019-03-29,US,dryer,dib_without_portability_gate,0,0,0,0,0
2019-03-29,US,echodot,dib_without_portability_gate,0,0,0,0,0
2019-03-29,US,echoplus,dib_without_portability_gate,0,0,0,0,0
2019-03-29,US,echospot,dib_without_portability_gate,0,0,0,0,0
2019-03-29,US,firetv,dib_without_portability_gate,0,0,0,0,0
2019-03-29,US,fridge,dib_without_portability_gate,0,0,0,0,0
2019-03-29,US,google-home-mini,dib_without_portability_gate,0,0,0,0,0
2019-03-29,US,google-home-mini2,dib_without_portability_gate,0,0,0,0,0
2019-03-29,US,ikettle,dib_without_portability_gate,0,0,0,0,0
2019-03-29,US,insteon-hub,dib_without_portability_gate,0,0,0,0,0
2019-03-29,US,invoke,dib_without_portability_gate,0,0,0,0,0
2019-03-29,US,lefun-cam-wired,dib_without_portability_gate,0,0,0,0,0
2019-03-29,US,lgtv-wired,dib_without_portability_gate,0,0,0,0,0
2019-03-29,US,lightify-hub,dib_without_portability_gate,0,0,0,0,0
2019-03-29,US,luohe-spycam,dib_without_portability_gate,0,0,0,0,0
2019-03-29,US,magichome-strip,dib_without_portability_gate,0,0,0,0,0
2019-03-29,US,microseven-camera,dib_without_portability_gate,0,0,0,0,0
2019-03-29,US,microwave,dib_without_portability_gate,0,0,0,0,0
2019-03-29,US,nest-tstat,dib_without_portability_gate,0,0,0,0,0
2019-03-29,US,philips-hue,dib_without_portability_gate,6,6,0,0,4
2019-03-29,US,ring-doorbell,dib_without_portability_gate,0,0,0,0,0
2019-03-29,US,roku-tv,dib_without_portability_gate,0,0,0,0,0
2019-03-29,US,samsungtv-wired,dib_without_portability_gate,0,0,0,0,0
2019-03-29,US,sengled-hub,dib_without_portability_gate,0,0,0,0,0
2019-03-29,US,smartthings,dib_without_portability_gate,5,5,0,0,4
2019-03-29,US,sousvide,dib_without_portability_gate,0,0,0,0,0
2019-03-29,US,t-echodot,dib_without_portability_gate,0,0,0,0,0
2019-03-29,US,t-smartthings-hub,dib_without_portability_gate,0,0,0,0,0
2019-03-29,US,t-wemo-plug,dib_without_portability_gate,0,0,0,0,0
2019-03-29,US,tp-link-plug,dib_without_portability_gate,0,0,0,0,0
2019-03-29,US,tplink-bulb,dib_without_portability_gate,0,0,0,0,0
2019-03-29,US,wansview-cam-wired,dib_without_portability_gate,0,0,0,0,0
2019-03-29,US,washer,dib_without_portability_gate,0,0,0,0,0
2019-03-29,US,wink-hub2,dib_without_portability_gate,0,0,0,0,0
2019-03-29,US,xiaomi-cleaner,dib_without_portability_gate,0,0,0,0,0
2019-03-29,US,xiaomi-hub,dib_without_portability_gate,0,0,0,0,0
2019-03-29,US,xiaomi-ricecooker,dib_without_portability_gate,0,0,0,0,0
2019-03-29,US,xiaomi-strip,dib_without_portability_gate,0,0,0,0,0
2019-03-29,US,yi-camera,dib_without_portability_gate,0,0,0,0,0
2019-03-29,US,zmodo-doorbell,dib_without_portability_gate,0,0,0,0,0
2019-03-29,UK,allure-speaker,dib,0,0,0,0,0
2019-03-29,UK,appletv,dib,0,0,0,0,0
2019-03-29,UK,blink-camera,dib,0,0,0,0,0
2019-03-29,UK,blink-security-hub,dib,0,0,0,0,0
2019-03-29,UK,bosiwo-camera-wifi,dib,0,0,0,0,0
2019-03-29,UK,bosiwo-camera-wired,dib,0,0,0,0,0
2019-03-29,UK,charger-camera,dib,0,0,0,0,0
2019-03-29,UK,echodot,dib,0,0,0,0,0
2019-03-29,UK,echoplus,dib,0,0,0,0,0
2019-03-29,UK,echospot,dib,0,0,0,0,0
2019-03-29,UK,firetv,dib,0,0,0,0,0
2019-03-29,UK,google-home,dib,0,0,0,0,0
2019-03-29,UK,google-home-mini,dib,0,0,0,0,0
2019-03-29,UK,honeywell-thermostat,dib,0,0,0,0,0
2019-03-29,UK,insteon-hub,dib,0,0,0,0,0
2019-03-29,UK,lightify-hub,dib,0,0,0,0,0
2019-03-29,UK,magichome-strip,dib,0,0,0,0,0
2019-03-29,UK,nest-tstat,dib,0,0,0,0,0
2019-03-29,UK,netatmo-weather,dib,0,0,0,0,0
2019-03-29,UK,philips-hue,dib,4,4,0,0,4
2019-03-29,UK,ring-doorbell,dib,0,0,0,0,0
2019-03-29,UK,roku-tv,dib,0,0,0,0,0
2019-03-29,UK,samsungtv-wired,dib,0,0,0,0,0
2019-03-29,UK,sengled-hub,dib,0,0,0,0,0
2019-03-29,UK,smarter-coffee-mach,dib,0,0,0,0,0
2019-03-29,UK,smartthings,dib,4,4,0,0,4
2019-03-29,UK,sousvide,dib,0,0,0,0,0
2019-03-29,UK,t-wemo-plug,dib,0,0,0,0,0
2019-03-29,UK,tp-link-plug,dib,0,0,0,0,0
2019-03-29,UK,tplink-bulb,dib,0,0,0,0,0
2019-03-29,UK,tplink-plug2,dib,0,0,0,0,0
2019-03-29,UK,wansview-cam-wired,dib,0,0,0,0,0
2019-03-29,UK,xiaomi-cam2,dib,0,0,0,0,0
2019-03-29,UK,xiaomi-cleaner,dib,0,0,0,0,0
2019-03-29,UK,xiaomi-hub,dib,0,0,0,0,0
2019-03-29,UK,xiaomi-plug,dib,0,0,0,0,0
2019-03-29,UK,yi-camera,dib,0,0,0,0,0
2019-03-29,UK,allure-speaker,pooled_union,0,0,0,0,0
2019-03-29,UK,appletv,pooled_union,0,0,0,0,0
2019-03-29,UK,blink-camera,pooled_union,0,0,0,0,0
2019-03-29,UK,blink-security-hub,pooled_union,0,0,0,0,0
2019-03-29,UK,bosiwo-camera-wifi,pooled_union,0,0,0,0,0
2019-03-29,UK,bosiwo-camera-wired,pooled_union,10,10,0,0,0
2019-03-29,UK,charger-camera,pooled_union,0,0,0,0,0
2019-03-29,UK,echodot,pooled_union,0,0,0,0,0
2019-03-29,UK,echoplus,pooled_union,0,0,0,0,0
2019-03-29,UK,echospot,pooled_union,0,0,0,0,0
2019-03-29,UK,firetv,pooled_union,0,0,0,0,0
2019-03-29,UK,google-home,pooled_union,0,0,0,0,0
2019-03-29,UK,google-home-mini,pooled_union,0,0,0,0,0
2019-03-29,UK,honeywell-thermostat,pooled_union,0,0,0,0,0
2019-03-29,UK,insteon-hub,pooled_union,0,0,0,0,0
2019-03-29,UK,lightify-hub,pooled_union,0,0,0,0,0
2019-03-29,UK,magichome-strip,pooled_union,0,0,0,0,0
2019-03-29,UK,nest-tstat,pooled_union,0,0,0,0,0
2019-03-29,UK,netatmo-weather,pooled_union,0,0,0,0,0
2019-03-29,UK,philips-hue,pooled_union,10,10,0,0,4
2019-03-29,UK,ring-doorbell,pooled_union,0,0,0,0,0
2019-03-29,UK,roku-tv,pooled_union,0,0,0,0,0
2019-03-29,UK,samsungtv-wired,pooled_union,0,0,0,0,0
2019-03-29,UK,sengled-hub,pooled_union,2,2,0,0,0
2019-03-29,UK,smarter-coffee-mach,pooled_union,0,0,0,0,0
2019-03-29,UK,smartthings,pooled_union,7,7,0,0,4
2019-03-29,UK,sousvide,pooled_union,0,0,0,0,0
2019-03-29,UK,t-wemo-plug,pooled_union,0,0,0,0,0
2019-03-29,UK,tp-link-plug,pooled_union,0,0,0,0,0
2019-03-29,UK,tplink-bulb,pooled_union,0,0,0,0,0
2019-03-29,UK,tplink-plug2,pooled_union,0,0,0,0,0
2019-03-29,UK,wansview-cam-wired,pooled_union,5,5,0,0,3
2019-03-29,UK,xiaomi-cam2,pooled_union,0,0,0,0,0
2019-03-29,UK,xiaomi-cleaner,pooled_union,0,0,0,0,0
2019-03-29,UK,xiaomi-hub,pooled_union,0,0,0,0,0
2019-03-29,UK,xiaomi-plug,pooled_union,0,0,0,0,0
2019-03-29,UK,yi-camera,pooled_union,0,0,0,0,0
2019-03-29,UK,allure-speaker,quorum_only,0,0,0,0,0
2019-03-29,UK,appletv,quorum_only,0,0,0,0,0
2019-03-29,UK,blink-camera,quorum_only,0,0,0,0,0
2019-03-29,UK,blink-security-hub,quorum_only,0,0,0,0,0
2019-03-29,UK,bosiwo-camera-wifi,quorum_only,0,0,0,0,0
2019-03-29,UK,bosiwo-camera-wired,quorum_only,0,0,0,0,0
2019-03-29,UK,charger-camera,quorum_only,0,0,0,0,0
2019-03-29,UK,echodot,quorum_only,0,0,0,0,0
2019-03-29,UK,echoplus,quorum_only,0,0,0,0,0
2019-03-29,UK,echospot,quorum_only,0,0,0,0,0
2019-03-29,UK,firetv,quorum_only,0,0,0,0,0
2019-03-29,UK,google-home,quorum_only,0,0,0,0,0
2019-03-29,UK,google-home-mini,quorum_only,0,0,0,0,0
2019-03-29,UK,honeywell-thermostat,quorum_only,0,0,0,0,0
2019-03-29,UK,insteon-hub,quorum_only,0,0,0,0,0
2019-03-29,UK,lightify-hub,quorum_only,0,0,0,0,0
2019-03-29,UK,magichome-strip,quorum_only,0,0,0,0,0
2019-03-29,UK,nest-tstat,quorum_only,0,0,0,0,0
2019-03-29,UK,netatmo-weather,quorum_only,0,0,0,0,0
2019-03-29,UK,philips-hue,quorum_only,6,6,0,0,4
2019-03-29,UK,ring-doorbell,quorum_only,0,0,0,0,0
2019-03-29,UK,roku-tv,quorum_only,0,0,0,0,0
2019-03-29,UK,samsungtv-wired,quorum_only,0,0,0,0,0
2019-03-29,UK,sengled-hub,quorum_only,0,0,0,0,0
2019-03-29,UK,smarter-coffee-mach,quorum_only,0,0,0,0,0
2019-03-29,UK,smartthings,quorum_only,5,5,0,0,4
2019-03-29,UK,sousvide,quorum_only,0,0,0,0,0
2019-03-29,UK,t-wemo-plug,quorum_only,0,0,0,0,0
2019-03-29,UK,tp-link-plug,quorum_only,0,0,0,0,0
2019-03-29,UK,tplink-bulb,quorum_only,0,0,0,0,0
2019-03-29,UK,tplink-plug2,quorum_only,0,0,0,0,0
2019-03-29,UK,wansview-cam-wired,quorum_only,0,0,0,0,0
2019-03-29,UK,xiaomi-cam2,quorum_only,0,0,0,0,0
2019-03-29,UK,xiaomi-cleaner,quorum_only,0,0,0,0,0
2019-03-29,UK,xiaomi-hub,quorum_only,0,0,0,0,0
2019-03-29,UK,xiaomi-plug,quorum_only,0,0,0,0,0
2019-03-29,UK,yi-camera,quorum_only,0,0,0,0,0
2019-03-29,UK,allure-speaker,majority,0,0,0,0,0
2019-03-29,UK,appletv,majority,0,0,0,0,0
2019-03-29,UK,blink-camera,majority,0,0,0,0,0
2019-03-29,UK,blink-security-hub,majority,0,0,0,0,0
2019-03-29,UK,bosiwo-camera-wifi,majority,0,0,0,0,0
2019-03-29,UK,bosiwo-camera-wired,majority,10,10,0,0,0
2019-03-29,UK,charger-camera,majority,0,0,0,0,0
2019-03-29,UK,echodot,majority,0,0,0,0,0
2019-03-29,UK,echoplus,majority,0,0,0,0,0
2019-03-29,UK,echospot,majority,0,0,0,0,0
2019-03-29,UK,firetv,majority,0,0,0,0,0
2019-03-29,UK,google-home,majority,0,0,0,0,0
2019-03-29,UK,google-home-mini,majority,0,0,0,0,0
2019-03-29,UK,honeywell-thermostat,majority,0,0,0,0,0
2019-03-29,UK,insteon-hub,majority,0,0,0,0,0
2019-03-29,UK,lightify-hub,majority,0,0,0,0,0
2019-03-29,UK,magichome-strip,majority,0,0,0,0,0
2019-03-29,UK,nest-tstat,majority,0,0,0,0,0
2019-03-29,UK,netatmo-weather,majority,0,0,0,0,0
2019-03-29,UK,philips-hue,majority,10,10,0,0,4
2019-03-29,UK,ring-doorbell,majority,0,0,0,0,0
2019-03-29,UK,roku-tv,majority,0,0,0,0,0
2019-03-29,UK,samsungtv-wired,majority,0,0,0,0,0
2019-03-29,UK,sengled-hub,majority,2,2,0,0,0
2019-03-29,UK,smarter-coffee-mach,majority,0,0,0,0,0
2019-03-29,UK,smartthings,majority,7,7,0,0,4
2019-03-29,UK,sousvide,majority,0,0,0,0,0
2019-03-29,UK,t-wemo-plug,majority,0,0,0,0,0
2019-03-29,UK,tp-link-plug,majority,0,0,0,0,0
2019-03-29,UK,tplink-bulb,majority,0,0,0,0,0
2019-03-29,UK,tplink-plug2,majority,0,0,0,0,0
2019-03-29,UK,wansview-cam-wired,majority,5,5,0,0,3
2019-03-29,UK,xiaomi-cam2,majority,0,0,0,0,0
2019-03-29,UK,xiaomi-cleaner,majority,0,0,0,0,0
2019-03-29,UK,xiaomi-hub,majority,0,0,0,0,0
2019-03-29,UK,xiaomi-plug,majority,0,0,0,0,0
2019-03-29,UK,yi-camera,majority,0,0,0,0,0
2019-03-29,UK,allure-speaker,dib_without_portability_gate,0,0,0,0,0
2019-03-29,UK,appletv,dib_without_portability_gate,0,0,0,0,0
2019-03-29,UK,blink-camera,dib_without_portability_gate,0,0,0,0,0
2019-03-29,UK,blink-security-hub,dib_without_portability_gate,0,0,0,0,0
2019-03-29,UK,bosiwo-camera-wifi,dib_without_portability_gate,0,0,0,0,0
2019-03-29,UK,bosiwo-camera-wired,dib_without_portability_gate,0,0,0,0,0
2019-03-29,UK,charger-camera,dib_without_portability_gate,0,0,0,0,0
2019-03-29,UK,echodot,dib_without_portability_gate,0,0,0,0,0
2019-03-29,UK,echoplus,dib_without_portability_gate,0,0,0,0,0
2019-03-29,UK,echospot,dib_without_portability_gate,0,0,0,0,0
2019-03-29,UK,firetv,dib_without_portability_gate,0,0,0,0,0
2019-03-29,UK,google-home,dib_without_portability_gate,0,0,0,0,0
2019-03-29,UK,google-home-mini,dib_without_portability_gate,0,0,0,0,0
2019-03-29,UK,honeywell-thermostat,dib_without_portability_gate,0,0,0,0,0
2019-03-29,UK,insteon-hub,dib_without_portability_gate,0,0,0,0,0
2019-03-29,UK,lightify-hub,dib_without_portability_gate,0,0,0,0,0
2019-03-29,UK,magichome-strip,dib_without_portability_gate,0,0,0,0,0
2019-03-29,UK,nest-tstat,dib_without_portability_gate,0,0,0,0,0
2019-03-29,UK,netatmo-weather,dib_without_portability_gate,0,0,0,0,0
2019-03-29,UK,philips-hue,dib_without_portability_gate,6,6,0,0,4
2019-03-29,UK,ring-doorbell,dib_without_portability_gate,0,0,0,0,0
2019-03-29,UK,roku-tv,dib_without_portability_gate,0,0,0,0,0
2019-03-29,UK,samsungtv-wired,dib_without_portability_gate,0,0,0,0,0
2019-03-29,UK,sengled-hub,dib_without_portability_gate,0,0,0,0,0
2019-03-29,UK,smarter-coffee-mach,dib_without_portability_gate,0,0,0,0,0
2019-03-29,UK,smartthings,dib_without_portability_gate,5,5,0,0,4
2019-03-29,UK,sousvide,dib_without_portability_gate,0,0,0,0,0
2019-03-29,UK,t-wemo-plug,dib_without_portability_gate,0,0,0,0,0
2019-03-29,UK,tp-link-plug,dib_without_portability_gate,0,0,0,0,0
2019-03-29,UK,tplink-bulb,dib_without_portability_gate,0,0,0,0,0
2019-03-29,UK,tplink-plug2,dib_without_portability_gate,0,0,0,0,0
2019-03-29,UK,wansview-cam-wired,dib_without_portability_gate,0,0,0,0,0
2019-03-29,UK,xiaomi-cam2,dib_without_portability_gate,0,0,0,0,0
2019-03-29,UK,xiaomi-cleaner,dib_without_portability_gate,0,0,0,0,0
2019-03-29,UK,xiaomi-hub,dib_without_portability_gate,0,0,0,0,0
2019-03-29,UK,xiaomi-plug,dib_without_portability_gate,0,0,0,0,0
2019-03-29,UK,yi-camera,dib_without_portability_gate,0,0,0,0,0
2019-03-30,US,amcrest-cam-wired,dib,0,0,0,0,0
2019-03-30,US,appletv,dib,0,0,0,0,0
2019-03-30,US,blink-camera,dib,0,0,0,0,0
2019-03-30,US,blink-security-hub,dib,0,0,0,0,0
2019-03-30,US,brewer,dib,0,0,0,0,0
2019-03-30,US,bulb1,dib,0,0,0,0,0
2019-03-30,US,cloudcam,dib,0,0,0,0,0
2019-03-30,US,dlink-mov,dib,0,0,0,0,0
2019-03-30,US,dryer,dib,0,0,0,0,0
2019-03-30,US,echodot,dib,0,0,0,0,0
2019-03-30,US,echoplus,dib,0,0,0,0,0
2019-03-30,US,echospot,dib,0,0,0,0,0
2019-03-30,US,firetv,dib,0,0,0,0,0
2019-03-30,US,fridge,dib,0,0,0,0,0
2019-03-30,US,google-home-mini,dib,0,0,0,0,0
2019-03-30,US,google-home-mini2,dib,0,0,0,0,0
2019-03-30,US,ikettle,dib,0,0,0,0,0
2019-03-30,US,insteon-hub,dib,0,0,0,0,0
2019-03-30,US,invoke,dib,0,0,0,0,0
2019-03-30,US,lefun-cam-wired,dib,0,0,0,0,0
2019-03-30,US,lgtv-wired,dib,0,0,0,0,0
2019-03-30,US,lightify-hub,dib,0,0,0,0,0
2019-03-30,US,luohe-spycam,dib,0,0,0,0,0
2019-03-30,US,magichome-strip,dib,0,0,0,0,0
2019-03-30,US,microseven-camera,dib,0,0,0,0,0
2019-03-30,US,microwave,dib,0,0,0,0,0
2019-03-30,US,nest-tstat,dib,0,0,0,0,0
2019-03-30,US,philips-hue,dib,4,0,0,0,4
2019-03-30,US,ring-doorbell,dib,0,0,0,0,0
2019-03-30,US,roku-tv,dib,0,0,0,0,0
2019-03-30,US,samsungtv-wired,dib,0,0,0,0,0
2019-03-30,US,sengled-hub,dib,0,0,0,0,0
2019-03-30,US,smartthings,dib,4,0,0,0,4
2019-03-30,US,sousvide,dib,0,0,0,0,0
2019-03-30,US,t-echodot,dib,0,0,0,0,0
2019-03-30,US,t-smartthings-hub,dib,0,0,0,0,0
2019-03-30,US,t-wemo-plug,dib,0,0,0,0,0
2019-03-30,US,tp-link-plug,dib,0,0,0,0,0
2019-03-30,US,tplink-bulb,dib,0,0,0,0,0
2019-03-30,US,wansview-cam-wired,dib,0,0,0,0,0
2019-03-30,US,washer,dib,0,0,0,0,0
2019-03-30,US,wink-hub2,dib,0,0,0,0,0
2019-03-30,US,xiaomi-cleaner,dib,0,0,0,0,0
2019-03-30,US,xiaomi-hub,dib,0,0,0,0,0
2019-03-30,US,xiaomi-ricecooker,dib,0,0,0,0,0
2019-03-30,US,xiaomi-strip,dib,0,0,0,0,0
2019-03-30,US,yi-camera,dib,0,0,0,0,0
2019-03-30,US,zmodo-doorbell,dib,0,0,0,0,0
2019-03-30,US,amcrest-cam-wired,pooled_union,3169,3169,0,0,2
2019-03-30,US,appletv,pooled_union,0,0,0,0,0
2019-03-30,US,blink-camera,pooled_union,0,0,0,0,0
2019-03-30,US,blink-security-hub,pooled_union,0,0,0,0,0
2019-03-30,US,brewer,pooled_union,0,0,0,0,0
2019-03-30,US,bulb1,pooled_union,0,0,0,0,0
2019-03-30,US,cloudcam,pooled_union,0,0,0,0,0
2019-03-30,US,dlink-mov,pooled_union,0,0,0,0,0
2019-03-30,US,dryer,pooled_union,0,0,0,0,0
2019-03-30,US,echodot,pooled_union,0,0,0,0,0
2019-03-30,US,echoplus,pooled_union,0,0,0,0,0
2019-03-30,US,echospot,pooled_union,0,0,0,0,0
2019-03-30,US,firetv,pooled_union,0,0,0,0,0
2019-03-30,US,fridge,pooled_union,0,0,0,0,0
2019-03-30,US,google-home-mini,pooled_union,0,0,0,0,0
2019-03-30,US,google-home-mini2,pooled_union,0,0,0,0,0
2019-03-30,US,ikettle,pooled_union,0,0,0,0,0
2019-03-30,US,insteon-hub,pooled_union,5,5,0,0,4
2019-03-30,US,invoke,pooled_union,0,0,0,0,0
2019-03-30,US,lefun-cam-wired,pooled_union,5,5,0,0,0
2019-03-30,US,lgtv-wired,pooled_union,0,0,0,0,0
2019-03-30,US,lightify-hub,pooled_union,0,0,0,0,0
2019-03-30,US,luohe-spycam,pooled_union,0,0,0,0,0
2019-03-30,US,magichome-strip,pooled_union,0,0,0,0,0
2019-03-30,US,microseven-camera,pooled_union,1,1,0,0,0
2019-03-30,US,microwave,pooled_union,0,0,0,0,0
2019-03-30,US,nest-tstat,pooled_union,0,0,0,0,0
2019-03-30,US,philips-hue,pooled_union,10,0,0,0,4
2019-03-30,US,ring-doorbell,pooled_union,0,0,0,0,0
2019-03-30,US,roku-tv,pooled_union,0,0,0,0,0
2019-03-30,US,samsungtv-wired,pooled_union,0,0,0,0,0
2019-03-30,US,sengled-hub,pooled_union,2,0,0,0,0
2019-03-30,US,smartthings,pooled_union,10,3,0,0,4
2019-03-30,US,sousvide,pooled_union,0,0,0,0,0
2019-03-30,US,t-echodot,pooled_union,0,0,0,0,0
2019-03-30,US,t-smartthings-hub,pooled_union,0,0,0,0,0
2019-03-30,US,t-wemo-plug,pooled_union,0,0,0,0,0
2019-03-30,US,tp-link-plug,pooled_union,0,0,0,0,0
2019-03-30,US,tplink-bulb,pooled_union,0,0,0,0,0
2019-03-30,US,wansview-cam-wired,pooled_union,5,0,0,0,3
2019-03-30,US,washer,pooled_union,0,0,0,0,0
2019-03-30,US,wink-hub2,pooled_union,0,0,0,0,0
2019-03-30,US,xiaomi-cleaner,pooled_union,0,0,0,0,0
2019-03-30,US,xiaomi-hub,pooled_union,0,0,0,0,0
2019-03-30,US,xiaomi-ricecooker,pooled_union,0,0,0,0,0
2019-03-30,US,xiaomi-strip,pooled_union,0,0,0,0,0
2019-03-30,US,yi-camera,pooled_union,0,0,0,0,0
2019-03-30,US,zmodo-doorbell,pooled_union,0,0,0,0,0
2019-03-30,US,amcrest-cam-wired,quorum_only,0,0,0,0,0
2019-03-30,US,appletv,quorum_only,0,0,0,0,0
2019-03-30,US,blink-camera,quorum_only,0,0,0,0,0
2019-03-30,US,blink-security-hub,quorum_only,0,0,0,0,0
2019-03-30,US,brewer,quorum_only,0,0,0,0,0
2019-03-30,US,bulb1,quorum_only,0,0,0,0,0
2019-03-30,US,cloudcam,quorum_only,0,0,0,0,0
2019-03-30,US,dlink-mov,quorum_only,0,0,0,0,0
2019-03-30,US,dryer,quorum_only,0,0,0,0,0
2019-03-30,US,echodot,quorum_only,0,0,0,0,0
2019-03-30,US,echoplus,quorum_only,0,0,0,0,0
2019-03-30,US,echospot,quorum_only,0,0,0,0,0
2019-03-30,US,firetv,quorum_only,0,0,0,0,0
2019-03-30,US,fridge,quorum_only,0,0,0,0,0
2019-03-30,US,google-home-mini,quorum_only,0,0,0,0,0
2019-03-30,US,google-home-mini2,quorum_only,0,0,0,0,0
2019-03-30,US,ikettle,quorum_only,0,0,0,0,0
2019-03-30,US,insteon-hub,quorum_only,0,0,0,0,0
2019-03-30,US,invoke,quorum_only,0,0,0,0,0
2019-03-30,US,lefun-cam-wired,quorum_only,0,0,0,0,0
2019-03-30,US,lgtv-wired,quorum_only,0,0,0,0,0
2019-03-30,US,lightify-hub,quorum_only,0,0,0,0,0
2019-03-30,US,luohe-spycam,quorum_only,0,0,0,0,0
2019-03-30,US,magichome-strip,quorum_only,0,0,0,0,0
2019-03-30,US,microseven-camera,quorum_only,0,0,0,0,0
2019-03-30,US,microwave,quorum_only,0,0,0,0,0
2019-03-30,US,nest-tstat,quorum_only,0,0,0,0,0
2019-03-30,US,philips-hue,quorum_only,7,1,0,0,4
2019-03-30,US,ring-doorbell,quorum_only,0,0,0,0,0
2019-03-30,US,roku-tv,quorum_only,0,0,0,0,0
2019-03-30,US,samsungtv-wired,quorum_only,0,0,0,0,0
2019-03-30,US,sengled-hub,quorum_only,0,0,0,0,0
2019-03-30,US,smartthings,quorum_only,5,0,0,0,4
2019-03-30,US,sousvide,quorum_only,0,0,0,0,0
2019-03-30,US,t-echodot,quorum_only,0,0,0,0,0
2019-03-30,US,t-smartthings-hub,quorum_only,0,0,0,0,0
2019-03-30,US,t-wemo-plug,quorum_only,0,0,0,0,0
2019-03-30,US,tp-link-plug,quorum_only,0,0,0,0,0
2019-03-30,US,tplink-bulb,quorum_only,0,0,0,0,0
2019-03-30,US,wansview-cam-wired,quorum_only,0,0,0,0,0
2019-03-30,US,washer,quorum_only,0,0,0,0,0
2019-03-30,US,wink-hub2,quorum_only,0,0,0,0,0
2019-03-30,US,xiaomi-cleaner,quorum_only,0,0,0,0,0
2019-03-30,US,xiaomi-hub,quorum_only,0,0,0,0,0
2019-03-30,US,xiaomi-ricecooker,quorum_only,0,0,0,0,0
2019-03-30,US,xiaomi-strip,quorum_only,0,0,0,0,0
2019-03-30,US,yi-camera,quorum_only,0,0,0,0,0
2019-03-30,US,zmodo-doorbell,quorum_only,0,0,0,0,0
2019-03-30,US,amcrest-cam-wired,majority,3169,3169,0,0,2
2019-03-30,US,appletv,majority,0,0,0,0,0
2019-03-30,US,blink-camera,majority,0,0,0,0,0
2019-03-30,US,blink-security-hub,majority,0,0,0,0,0
2019-03-30,US,brewer,majority,0,0,0,0,0
2019-03-30,US,bulb1,majority,0,0,0,0,0
2019-03-30,US,cloudcam,majority,0,0,0,0,0
2019-03-30,US,dlink-mov,majority,0,0,0,0,0
2019-03-30,US,dryer,majority,0,0,0,0,0
2019-03-30,US,echodot,majority,0,0,0,0,0
2019-03-30,US,echoplus,majority,0,0,0,0,0
2019-03-30,US,echospot,majority,0,0,0,0,0
2019-03-30,US,firetv,majority,0,0,0,0,0
2019-03-30,US,fridge,majority,0,0,0,0,0
2019-03-30,US,google-home-mini,majority,0,0,0,0,0
2019-03-30,US,google-home-mini2,majority,0,0,0,0,0
2019-03-30,US,ikettle,majority,0,0,0,0,0
2019-03-30,US,insteon-hub,majority,5,5,0,0,4
2019-03-30,US,invoke,majority,0,0,0,0,0
2019-03-30,US,lefun-cam-wired,majority,5,5,0,0,0
2019-03-30,US,lgtv-wired,majority,0,0,0,0,0
2019-03-30,US,lightify-hub,majority,0,0,0,0,0
2019-03-30,US,luohe-spycam,majority,0,0,0,0,0
2019-03-30,US,magichome-strip,majority,0,0,0,0,0
2019-03-30,US,microseven-camera,majority,1,1,0,0,0
2019-03-30,US,microwave,majority,0,0,0,0,0
2019-03-30,US,nest-tstat,majority,0,0,0,0,0
2019-03-30,US,philips-hue,majority,10,0,0,0,4
2019-03-30,US,ring-doorbell,majority,0,0,0,0,0
2019-03-30,US,roku-tv,majority,0,0,0,0,0
2019-03-30,US,samsungtv-wired,majority,0,0,0,0,0
2019-03-30,US,sengled-hub,majority,2,0,0,0,0
2019-03-30,US,smartthings,majority,10,3,0,0,4
2019-03-30,US,sousvide,majority,0,0,0,0,0
2019-03-30,US,t-echodot,majority,0,0,0,0,0
2019-03-30,US,t-smartthings-hub,majority,0,0,0,0,0
2019-03-30,US,t-wemo-plug,majority,0,0,0,0,0
2019-03-30,US,tp-link-plug,majority,0,0,0,0,0
2019-03-30,US,tplink-bulb,majority,0,0,0,0,0
2019-03-30,US,wansview-cam-wired,majority,5,0,0,0,3
2019-03-30,US,washer,majority,0,0,0,0,0
2019-03-30,US,wink-hub2,majority,0,0,0,0,0
2019-03-30,US,xiaomi-cleaner,majority,0,0,0,0,0
2019-03-30,US,xiaomi-hub,majority,0,0,0,0,0
2019-03-30,US,xiaomi-ricecooker,majority,0,0,0,0,0
2019-03-30,US,xiaomi-strip,majority,0,0,0,0,0
2019-03-30,US,yi-camera,majority,0,0,0,0,0
2019-03-30,US,zmodo-doorbell,majority,0,0,0,0,0
2019-03-30,US,amcrest-cam-wired,dib_without_portability_gate,0,0,0,0,0
2019-03-30,US,appletv,dib_without_portability_gate,0,0,0,0,0
2019-03-30,US,blink-camera,dib_without_portability_gate,0,0,0,0,0
2019-03-30,US,blink-security-hub,dib_without_portability_gate,0,0,0,0,0
2019-03-30,US,brewer,dib_without_portability_gate,0,0,0,0,0
2019-03-30,US,bulb1,dib_without_portability_gate,0,0,0,0,0
2019-03-30,US,cloudcam,dib_without_portability_gate,0,0,0,0,0
2019-03-30,US,dlink-mov,dib_without_portability_gate,0,0,0,0,0
2019-03-30,US,dryer,dib_without_portability_gate,0,0,0,0,0
2019-03-30,US,echodot,dib_without_portability_gate,0,0,0,0,0
2019-03-30,US,echoplus,dib_without_portability_gate,0,0,0,0,0
2019-03-30,US,echospot,dib_without_portability_gate,0,0,0,0,0
2019-03-30,US,firetv,dib_without_portability_gate,0,0,0,0,0
2019-03-30,US,fridge,dib_without_portability_gate,0,0,0,0,0
2019-03-30,US,google-home-mini,dib_without_portability_gate,0,0,0,0,0
2019-03-30,US,google-home-mini2,dib_without_portability_gate,0,0,0,0,0
2019-03-30,US,ikettle,dib_without_portability_gate,0,0,0,0,0
2019-03-30,US,insteon-hub,dib_without_portability_gate,0,0,0,0,0
2019-03-30,US,invoke,dib_without_portability_gate,0,0,0,0,0
2019-03-30,US,lefun-cam-wired,dib_without_portability_gate,0,0,0,0,0
2019-03-30,US,lgtv-wired,dib_without_portability_gate,0,0,0,0,0
2019-03-30,US,lightify-hub,dib_without_portability_gate,0,0,0,0,0
2019-03-30,US,luohe-spycam,dib_without_portability_gate,0,0,0,0,0
2019-03-30,US,magichome-strip,dib_without_portability_gate,0,0,0,0,0
2019-03-30,US,microseven-camera,dib_without_portability_gate,0,0,0,0,0
2019-03-30,US,microwave,dib_without_portability_gate,0,0,0,0,0
2019-03-30,US,nest-tstat,dib_without_portability_gate,0,0,0,0,0
2019-03-30,US,philips-hue,dib_without_portability_gate,7,1,0,0,4
2019-03-30,US,ring-doorbell,dib_without_portability_gate,0,0,0,0,0
2019-03-30,US,roku-tv,dib_without_portability_gate,0,0,0,0,0
2019-03-30,US,samsungtv-wired,dib_without_portability_gate,0,0,0,0,0
2019-03-30,US,sengled-hub,dib_without_portability_gate,0,0,0,0,0
2019-03-30,US,smartthings,dib_without_portability_gate,5,0,0,0,4
2019-03-30,US,sousvide,dib_without_portability_gate,0,0,0,0,0
2019-03-30,US,t-echodot,dib_without_portability_gate,0,0,0,0,0
2019-03-30,US,t-smartthings-hub,dib_without_portability_gate,0,0,0,0,0
2019-03-30,US,t-wemo-plug,dib_without_portability_gate,0,0,0,0,0
2019-03-30,US,tp-link-plug,dib_without_portability_gate,0,0,0,0,0
2019-03-30,US,tplink-bulb,dib_without_portability_gate,0,0,0,0,0
2019-03-30,US,wansview-cam-wired,dib_without_portability_gate,0,0,0,0,0
2019-03-30,US,washer,dib_without_portability_gate,0,0,0,0,0
2019-03-30,US,wink-hub2,dib_without_portability_gate,0,0,0,0,0
2019-03-30,US,xiaomi-cleaner,dib_without_portability_gate,0,0,0,0,0
2019-03-30,US,xiaomi-hub,dib_without_portability_gate,0,0,0,0,0
2019-03-30,US,xiaomi-ricecooker,dib_without_portability_gate,0,0,0,0,0
2019-03-30,US,xiaomi-strip,dib_without_portability_gate,0,0,0,0,0
2019-03-30,US,yi-camera,dib_without_portability_gate,0,0,0,0,0
2019-03-30,US,zmodo-doorbell,dib_without_portability_gate,0,0,0,0,0
2019-03-30,UK,allure-speaker,dib,0,0,0,0,0
2019-03-30,UK,appletv,dib,0,0,0,0,0
2019-03-30,UK,blink-camera,dib,0,0,0,0,0
2019-03-30,UK,blink-security-hub,dib,0,0,0,0,0
2019-03-30,UK,bosiwo-camera-wifi,dib,0,0,0,0,0
2019-03-30,UK,bosiwo-camera-wired,dib,0,0,0,0,0
2019-03-30,UK,charger-camera,dib,0,0,0,0,0
2019-03-30,UK,echodot,dib,0,0,0,0,0
2019-03-30,UK,echoplus,dib,0,0,0,0,0
2019-03-30,UK,echospot,dib,0,0,0,0,0
2019-03-30,UK,firetv,dib,0,0,0,0,0
2019-03-30,UK,google-home,dib,0,0,0,0,0
2019-03-30,UK,google-home-mini,dib,0,0,0,0,0
2019-03-30,UK,honeywell-thermostat,dib,0,0,0,0,0
2019-03-30,UK,insteon-hub,dib,0,0,0,0,0
2019-03-30,UK,lightify-hub,dib,0,0,0,0,0
2019-03-30,UK,magichome-strip,dib,0,0,0,0,0
2019-03-30,UK,nest-tstat,dib,0,0,0,0,0
2019-03-30,UK,netatmo-weather,dib,0,0,0,0,0
2019-03-30,UK,philips-hue,dib,4,0,0,0,4
2019-03-30,UK,ring-doorbell,dib,0,0,0,0,0
2019-03-30,UK,roku-tv,dib,0,0,0,0,0
2019-03-30,UK,samsungtv-wired,dib,0,0,0,0,0
2019-03-30,UK,sengled-hub,dib,0,0,0,0,0
2019-03-30,UK,smarter-coffee-mach,dib,0,0,0,0,0
2019-03-30,UK,smartthings,dib,4,0,0,0,4
2019-03-30,UK,sousvide,dib,0,0,0,0,0
2019-03-30,UK,t-wemo-plug,dib,0,0,0,0,0
2019-03-30,UK,tp-link-plug,dib,0,0,0,0,0
2019-03-30,UK,tplink-bulb,dib,0,0,0,0,0
2019-03-30,UK,tplink-plug2,dib,0,0,0,0,0
2019-03-30,UK,wansview-cam-wired,dib,0,0,0,0,0
2019-03-30,UK,xiaomi-cam2,dib,0,0,0,0,0
2019-03-30,UK,xiaomi-cleaner,dib,0,0,0,0,0
2019-03-30,UK,xiaomi-hub,dib,0,0,0,0,0
2019-03-30,UK,xiaomi-plug,dib,0,0,0,0,0
2019-03-30,UK,yi-camera,dib,0,0,0,0,0
2019-03-30,UK,allure-speaker,pooled_union,0,0,0,0,0
2019-03-30,UK,appletv,pooled_union,0,0,0,0,0
2019-03-30,UK,blink-camera,pooled_union,0,0,0,0,0
2019-03-30,UK,blink-security-hub,pooled_union,0,0,0,0,0
2019-03-30,UK,bosiwo-camera-wifi,pooled_union,0,0,0,0,0
2019-03-30,UK,bosiwo-camera-wired,pooled_union,14,4,0,0,0
2019-03-30,UK,charger-camera,pooled_union,0,0,0,0,0
2019-03-30,UK,echodot,pooled_union,0,0,0,0,0
2019-03-30,UK,echoplus,pooled_union,0,0,0,0,0
2019-03-30,UK,echospot,pooled_union,0,0,0,0,0
2019-03-30,UK,firetv,pooled_union,0,0,0,0,0
2019-03-30,UK,google-home,pooled_union,0,0,0,0,0
2019-03-30,UK,google-home-mini,pooled_union,0,0,0,0,0
2019-03-30,UK,honeywell-thermostat,pooled_union,0,0,0,0,0
2019-03-30,UK,insteon-hub,pooled_union,5,5,0,0,4
2019-03-30,UK,lightify-hub,pooled_union,0,0,0,0,0
2019-03-30,UK,magichome-strip,pooled_union,0,0,0,0,0
2019-03-30,UK,nest-tstat,pooled_union,0,0,0,0,0
2019-03-30,UK,netatmo-weather,pooled_union,0,0,0,0,0
2019-03-30,UK,philips-hue,pooled_union,10,0,0,0,4
2019-03-30,UK,ring-doorbell,pooled_union,0,0,0,0,0
2019-03-30,UK,roku-tv,pooled_union,0,0,0,0,0
2019-03-30,UK,samsungtv-wired,pooled_union,0,0,0,0,0
2019-03-30,UK,sengled-hub,pooled_union,2,0,0,0,0
2019-03-30,UK,smarter-coffee-mach,pooled_union,0,0,0,0,0
2019-03-30,UK,smartthings,pooled_union,10,3,0,0,4
2019-03-30,UK,sousvide,pooled_union,0,0,0,0,0
2019-03-30,UK,t-wemo-plug,pooled_union,0,0,0,0,0
2019-03-30,UK,tp-link-plug,pooled_union,0,0,0,0,0
2019-03-30,UK,tplink-bulb,pooled_union,0,0,0,0,0
2019-03-30,UK,tplink-plug2,pooled_union,0,0,0,0,0
2019-03-30,UK,wansview-cam-wired,pooled_union,5,0,0,0,3
2019-03-30,UK,xiaomi-cam2,pooled_union,0,0,0,0,0
2019-03-30,UK,xiaomi-cleaner,pooled_union,0,0,0,0,0
2019-03-30,UK,xiaomi-hub,pooled_union,0,0,0,0,0
2019-03-30,UK,xiaomi-plug,pooled_union,0,0,0,0,0
2019-03-30,UK,yi-camera,pooled_union,0,0,0,0,0
2019-03-30,UK,allure-speaker,quorum_only,0,0,0,0,0
2019-03-30,UK,appletv,quorum_only,0,0,0,0,0
2019-03-30,UK,blink-camera,quorum_only,0,0,0,0,0
2019-03-30,UK,blink-security-hub,quorum_only,0,0,0,0,0
2019-03-30,UK,bosiwo-camera-wifi,quorum_only,0,0,0,0,0
2019-03-30,UK,bosiwo-camera-wired,quorum_only,0,0,0,0,0
2019-03-30,UK,charger-camera,quorum_only,0,0,0,0,0
2019-03-30,UK,echodot,quorum_only,0,0,0,0,0
2019-03-30,UK,echoplus,quorum_only,0,0,0,0,0
2019-03-30,UK,echospot,quorum_only,0,0,0,0,0
2019-03-30,UK,firetv,quorum_only,0,0,0,0,0
2019-03-30,UK,google-home,quorum_only,0,0,0,0,0
2019-03-30,UK,google-home-mini,quorum_only,0,0,0,0,0
2019-03-30,UK,honeywell-thermostat,quorum_only,0,0,0,0,0
2019-03-30,UK,insteon-hub,quorum_only,0,0,0,0,0
2019-03-30,UK,lightify-hub,quorum_only,0,0,0,0,0
2019-03-30,UK,magichome-strip,quorum_only,0,0,0,0,0
2019-03-30,UK,nest-tstat,quorum_only,0,0,0,0,0
2019-03-30,UK,netatmo-weather,quorum_only,0,0,0,0,0
2019-03-30,UK,philips-hue,quorum_only,7,1,0,0,4
2019-03-30,UK,ring-doorbell,quorum_only,0,0,0,0,0
2019-03-30,UK,roku-tv,quorum_only,0,0,0,0,0
2019-03-30,UK,samsungtv-wired,quorum_only,0,0,0,0,0
2019-03-30,UK,sengled-hub,quorum_only,0,0,0,0,0
2019-03-30,UK,smarter-coffee-mach,quorum_only,0,0,0,0,0
2019-03-30,UK,smartthings,quorum_only,5,0,0,0,4
2019-03-30,UK,sousvide,quorum_only,0,0,0,0,0
2019-03-30,UK,t-wemo-plug,quorum_only,0,0,0,0,0
2019-03-30,UK,tp-link-plug,quorum_only,0,0,0,0,0
2019-03-30,UK,tplink-bulb,quorum_only,0,0,0,0,0
2019-03-30,UK,tplink-plug2,quorum_only,0,0,0,0,0
2019-03-30,UK,wansview-cam-wired,quorum_only,0,0,0,0,0
2019-03-30,UK,xiaomi-cam2,quorum_only,0,0,0,0,0
2019-03-30,UK,xiaomi-cleaner,quorum_only,0,0,0,0,0
2019-03-30,UK,xiaomi-hub,quorum_only,0,0,0,0,0
2019-03-30,UK,xiaomi-plug,quorum_only,0,0,0,0,0
2019-03-30,UK,yi-camera,quorum_only,0,0,0,0,0
2019-03-30,UK,allure-speaker,majority,0,0,0,0,0
2019-03-30,UK,appletv,majority,0,0,0,0,0
2019-03-30,UK,blink-camera,majority,0,0,0,0,0
2019-03-30,UK,blink-security-hub,majority,0,0,0,0,0
2019-03-30,UK,bosiwo-camera-wifi,majority,0,0,0,0,0
2019-03-30,UK,bosiwo-camera-wired,majority,14,4,0,0,0
2019-03-30,UK,charger-camera,majority,0,0,0,0,0
2019-03-30,UK,echodot,majority,0,0,0,0,0
2019-03-30,UK,echoplus,majority,0,0,0,0,0
2019-03-30,UK,echospot,majority,0,0,0,0,0
2019-03-30,UK,firetv,majority,0,0,0,0,0
2019-03-30,UK,google-home,majority,0,0,0,0,0
2019-03-30,UK,google-home-mini,majority,0,0,0,0,0
2019-03-30,UK,honeywell-thermostat,majority,0,0,0,0,0
2019-03-30,UK,insteon-hub,majority,5,5,0,0,4
2019-03-30,UK,lightify-hub,majority,0,0,0,0,0
2019-03-30,UK,magichome-strip,majority,0,0,0,0,0
2019-03-30,UK,nest-tstat,majority,0,0,0,0,0
2019-03-30,UK,netatmo-weather,majority,0,0,0,0,0
2019-03-30,UK,philips-hue,majority,10,0,0,0,4
2019-03-30,UK,ring-doorbell,majority,0,0,0,0,0
2019-03-30,UK,roku-tv,majority,0,0,0,0,0
2019-03-30,UK,samsungtv-wired,majority,0,0,0,0,0
2019-03-30,UK,sengled-hub,majority,2,0,0,0,0
2019-03-30,UK,smarter-coffee-mach,majority,0,0,0,0,0
2019-03-30,UK,smartthings,majority,10,3,0,0,4
2019-03-30,UK,sousvide,majority,0,0,0,0,0
2019-03-30,UK,t-wemo-plug,majority,0,0,0,0,0
2019-03-30,UK,tp-link-plug,majority,0,0,0,0,0
2019-03-30,UK,tplink-bulb,majority,0,0,0,0,0
2019-03-30,UK,tplink-plug2,majority,0,0,0,0,0
2019-03-30,UK,wansview-cam-wired,majority,5,0,0,0,3
2019-03-30,UK,xiaomi-cam2,majority,0,0,0,0,0
2019-03-30,UK,xiaomi-cleaner,majority,0,0,0,0,0
2019-03-30,UK,xiaomi-hub,majority,0,0,0,0,0
2019-03-30,UK,xiaomi-plug,majority,0,0,0,0,0
2019-03-30,UK,yi-camera,majority,0,0,0,0,0
2019-03-30,UK,allure-speaker,dib_without_portability_gate,0,0,0,0,0
2019-03-30,UK,appletv,dib_without_portability_gate,0,0,0,0,0
2019-03-30,UK,blink-camera,dib_without_portability_gate,0,0,0,0,0
2019-03-30,UK,blink-security-hub,dib_without_portability_gate,0,0,0,0,0
2019-03-30,UK,bosiwo-camera-wifi,dib_without_portability_gate,0,0,0,0,0
2019-03-30,UK,bosiwo-camera-wired,dib_without_portability_gate,0,0,0,0,0
2019-03-30,UK,charger-camera,dib_without_portability_gate,0,0,0,0,0
2019-03-30,UK,echodot,dib_without_portability_gate,0,0,0,0,0
2019-03-30,UK,echoplus,dib_without_portability_gate,0,0,0,0,0
2019-03-30,UK,echospot,dib_without_portability_gate,0,0,0,0,0
2019-03-30,UK,firetv,dib_without_portability_gate,0,0,0,0,0
2019-03-30,UK,google-home,dib_without_portability_gate,0,0,0,0,0
2019-03-30,UK,google-home-mini,dib_without_portability_gate,0,0,0,0,0
2019-03-30,UK,honeywell-thermostat,dib_without_portability_gate,0,0,0,0,0
2019-03-30,UK,insteon-hub,dib_without_portability_gate,0,0,0,0,0
2019-03-30,UK,lightify-hub,dib_without_portability_gate,0,0,0,0,0
2019-03-30,UK,magichome-strip,dib_without_portability_gate,0,0,0,0,0
2019-03-30,UK,nest-tstat,dib_without_portability_gate,0,0,0,0,0
2019-03-30,UK,netatmo-weather,dib_without_portability_gate,0,0,0,0,0
2019-03-30,UK,philips-hue,dib_without_portability_gate,7,1,0,0,4
2019-03-30,UK,ring-doorbell,dib_without_portability_gate,0,0,0,0,0
2019-03-30,UK,roku-tv,dib_without_portability_gate,0,0,0,0,0
2019-03-30,UK,samsungtv-wired,dib_without_portability_gate,0,0,0,0,0
2019-03-30,UK,sengled-hub,dib_without_portability_gate,0,0,0,0,0
2019-03-30,UK,smarter-coffee-mach,dib_without_portability_gate,0,0,0,0,0
2019-03-30,UK,smartthings,dib_without_portability_gate,5,0,0,0,4
2019-03-30,UK,sousvide,dib_without_portability_gate,0,0,0,0,0
2019-03-30,UK,t-wemo-plug,dib_without_portability_gate,0,0,0,0,0
2019-03-30,UK,tp-link-plug,dib_without_portability_gate,0,0,0,0,0
2019-03-30,UK,tplink-bulb,dib_without_portability_gate,0,0,0,0,0
2019-03-30,UK,tplink-plug2,dib_without_portability_gate,0,0,0,0,0
2019-03-30,UK,wansview-cam-wired,dib_without_portability_gate,0,0,0,0,0
2019-03-30,UK,xiaomi-cam2,dib_without_portability_gate,0,0,0,0,0
2019-03-30,UK,xiaomi-cleaner,dib_without_portability_gate,0,0,0,0,0
2019-03-30,UK,xiaomi-hub,dib_without_portability_gate,0,0,0,0,0
2019-03-30,UK,xiaomi-plug,dib_without_portability_gate,0,0,0,0,0
2019-03-30,UK,yi-camera,dib_without_portability_gate,0,0,0,0,0
2019-04-02,US,amcrest-cam-wired,dib,0,0,0,0,0
2019-04-02,US,appletv,dib,0,0,0,0,0
2019-04-02,US,blink-camera,dib,0,0,0,0,0
2019-04-02,US,blink-security-hub,dib,0,0,0,0,0
2019-04-02,US,brewer,dib,0,0,0,0,0
2019-04-02,US,bulb1,dib,0,0,0,0,0
2019-04-02,US,cloudcam,dib,0,0,0,0,0
2019-04-02,US,dlink-mov,dib,0,0,0,0,0
2019-04-02,US,dryer,dib,0,0,0,0,0
2019-04-02,US,echodot,dib,0,0,0,0,0
2019-04-02,US,echoplus,dib,0,0,0,0,0
2019-04-02,US,echospot,dib,0,0,0,0,0
2019-04-02,US,firetv,dib,0,0,0,0,0
2019-04-02,US,fridge,dib,0,0,0,0,0
2019-04-02,US,google-home-mini,dib,0,0,0,0,0
2019-04-02,US,google-home-mini2,dib,0,0,0,0,0
2019-04-02,US,ikettle,dib,0,0,0,0,0
2019-04-02,US,insteon-hub,dib,0,0,0,0,0
2019-04-02,US,invoke,dib,0,0,0,0,0
2019-04-02,US,lefun-cam-wired,dib,0,0,0,0,0
2019-04-02,US,lgtv-wired,dib,0,0,0,0,0
2019-04-02,US,lightify-hub,dib,0,0,0,0,0
2019-04-02,US,luohe-spycam,dib,0,0,0,0,0
2019-04-02,US,magichome-strip,dib,0,0,0,0,0
2019-04-02,US,microseven-camera,dib,0,0,0,0,0
2019-04-02,US,microwave,dib,0,0,0,0,0
2019-04-02,US,nest-tstat,dib,0,0,0,0,0
2019-04-02,US,philips-hue,dib,4,0,0,0,4
2019-04-02,US,ring-doorbell,dib,0,0,0,0,0
2019-04-02,US,roku-tv,dib,0,0,0,0,0
2019-04-02,US,samsungtv-wired,dib,0,0,0,0,0
2019-04-02,US,sengled-hub,dib,0,0,0,0,0
2019-04-02,US,smartthings,dib,4,0,0,0,4
2019-04-02,US,sousvide,dib,0,0,0,0,0
2019-04-02,US,t-echodot,dib,0,0,0,0,0
2019-04-02,US,t-smartthings-hub,dib,0,0,0,0,0
2019-04-02,US,t-wemo-plug,dib,0,0,0,0,0
2019-04-02,US,tp-link-plug,dib,0,0,0,0,0
2019-04-02,US,tplink-bulb,dib,0,0,0,0,0
2019-04-02,US,wansview-cam-wired,dib,0,0,0,0,0
2019-04-02,US,washer,dib,0,0,0,0,0
2019-04-02,US,wink-hub2,dib,0,0,0,0,0
2019-04-02,US,xiaomi-cleaner,dib,0,0,0,0,0
2019-04-02,US,xiaomi-hub,dib,0,0,0,0,0
2019-04-02,US,xiaomi-ricecooker,dib,0,0,0,0,0
2019-04-02,US,xiaomi-strip,dib,0,0,0,0,0
2019-04-02,US,yi-camera,dib,0,0,0,0,0
2019-04-02,US,zmodo-doorbell,dib,0,0,0,0,0
2019-04-02,US,amcrest-cam-wired,pooled_union,3169,0,0,0,2
2019-04-02,US,appletv,pooled_union,0,0,0,0,0
2019-04-02,US,blink-camera,pooled_union,0,0,0,0,0
2019-04-02,US,blink-security-hub,pooled_union,0,0,0,0,0
2019-04-02,US,brewer,pooled_union,0,0,0,0,0
2019-04-02,US,bulb1,pooled_union,0,0,0,0,0
2019-04-02,US,cloudcam,pooled_union,0,0,0,0,0
2019-04-02,US,dlink-mov,pooled_union,0,0,0,0,0
2019-04-02,US,dryer,pooled_union,0,0,0,0,0
2019-04-02,US,echodot,pooled_union,0,0,0,0,0
2019-04-02,US,echoplus,pooled_union,0,0,0,0,0
2019-04-02,US,echospot,pooled_union,0,0,0,0,0
2019-04-02,US,firetv,pooled_union,0,0,0,0,0
2019-04-02,US,fridge,pooled_union,0,0,0,0,0
2019-04-02,US,google-home-mini,pooled_union,0,0,0,0,0
2019-04-02,US,google-home-mini2,pooled_union,0,0,0,0,0
2019-04-02,US,ikettle,pooled_union,0,0,0,0,0
2019-04-02,US,insteon-hub,pooled_union,5,0,0,0,4
2019-04-02,US,invoke,pooled_union,0,0,0,0,0
2019-04-02,US,lefun-cam-wired,pooled_union,5,0,0,0,0
2019-04-02,US,lgtv-wired,pooled_union,0,0,0,0,0
2019-04-02,US,lightify-hub,pooled_union,0,0,0,0,0
2019-04-02,US,luohe-spycam,pooled_union,0,0,0,0,0
2019-04-02,US,magichome-strip,pooled_union,0,0,0,0,0
2019-04-02,US,microseven-camera,pooled_union,1,0,0,0,0
2019-04-02,US,microwave,pooled_union,0,0,0,0,0
2019-04-02,US,nest-tstat,pooled_union,0,0,0,0,0
2019-04-02,US,philips-hue,pooled_union,10,0,0,0,4
2019-04-02,US,ring-doorbell,pooled_union,0,0,0,0,0
2019-04-02,US,roku-tv,pooled_union,0,0,0,0,0
2019-04-02,US,samsungtv-wired,pooled_union,0,0,0,0,0
2019-04-02,US,sengled-hub,pooled_union,2,0,0,0,0
2019-04-02,US,smartthings,pooled_union,10,0,0,0,4
2019-04-02,US,sousvide,pooled_union,0,0,0,0,0
2019-04-02,US,t-echodot,pooled_union,0,0,0,0,0
2019-04-02,US,t-smartthings-hub,pooled_union,0,0,0,0,0
2019-04-02,US,t-wemo-plug,pooled_union,0,0,0,0,0
2019-04-02,US,tp-link-plug,pooled_union,0,0,0,0,0
2019-04-02,US,tplink-bulb,pooled_union,0,0,0,0,0
2019-04-02,US,wansview-cam-wired,pooled_union,5,0,0,0,3
2019-04-02,US,washer,pooled_union,0,0,0,0,0
2019-04-02,US,wink-hub2,pooled_union,4,4,0,0,0
2019-04-02,US,xiaomi-cleaner,pooled_union,0,0,0,0,0
2019-04-02,US,xiaomi-hub,pooled_union,0,0,0,0,0
2019-04-02,US,xiaomi-ricecooker,pooled_union,0,0,0,0,0
2019-04-02,US,xiaomi-strip,pooled_union,0,0,0,0,0
2019-04-02,US,yi-camera,pooled_union,0,0,0,0,0
2019-04-02,US,zmodo-doorbell,pooled_union,0,0,0,0,0
2019-04-02,US,amcrest-cam-wired,quorum_only,0,0,0,0,0
2019-04-02,US,appletv,quorum_only,0,0,0,0,0
2019-04-02,US,blink-camera,quorum_only,0,0,0,0,0
2019-04-02,US,blink-security-hub,quorum_only,0,0,0,0,0
2019-04-02,US,brewer,quorum_only,0,0,0,0,0
2019-04-02,US,bulb1,quorum_only,0,0,0,0,0
2019-04-02,US,cloudcam,quorum_only,0,0,0,0,0
2019-04-02,US,dlink-mov,quorum_only,0,0,0,0,0
2019-04-02,US,dryer,quorum_only,0,0,0,0,0
2019-04-02,US,echodot,quorum_only,0,0,0,0,0
2019-04-02,US,echoplus,quorum_only,0,0,0,0,0
2019-04-02,US,echospot,quorum_only,0,0,0,0,0
2019-04-02,US,firetv,quorum_only,0,0,0,0,0
2019-04-02,US,fridge,quorum_only,0,0,0,0,0
2019-04-02,US,google-home-mini,quorum_only,0,0,0,0,0
2019-04-02,US,google-home-mini2,quorum_only,0,0,0,0,0
2019-04-02,US,ikettle,quorum_only,0,0,0,0,0
2019-04-02,US,insteon-hub,quorum_only,0,0,0,0,0
2019-04-02,US,invoke,quorum_only,0,0,0,0,0
2019-04-02,US,lefun-cam-wired,quorum_only,0,0,0,0,0
2019-04-02,US,lgtv-wired,quorum_only,0,0,0,0,0
2019-04-02,US,lightify-hub,quorum_only,0,0,0,0,0
2019-04-02,US,luohe-spycam,quorum_only,0,0,0,0,0
2019-04-02,US,magichome-strip,quorum_only,0,0,0,0,0
2019-04-02,US,microseven-camera,quorum_only,0,0,0,0,0
2019-04-02,US,microwave,quorum_only,0,0,0,0,0
2019-04-02,US,nest-tstat,quorum_only,0,0,0,0,0
2019-04-02,US,philips-hue,quorum_only,7,0,0,0,4
2019-04-02,US,ring-doorbell,quorum_only,0,0,0,0,0
2019-04-02,US,roku-tv,quorum_only,0,0,0,0,0
2019-04-02,US,samsungtv-wired,quorum_only,0,0,0,0,0
2019-04-02,US,sengled-hub,quorum_only,0,0,0,0,0
2019-04-02,US,smartthings,quorum_only,5,0,0,0,4
2019-04-02,US,sousvide,quorum_only,0,0,0,0,0
2019-04-02,US,t-echodot,quorum_only,0,0,0,0,0
2019-04-02,US,t-smartthings-hub,quorum_only,0,0,0,0,0
2019-04-02,US,t-wemo-plug,quorum_only,0,0,0,0,0
2019-04-02,US,tp-link-plug,quorum_only,0,0,0,0,0
2019-04-02,US,tplink-bulb,quorum_only,0,0,0,0,0
2019-04-02,US,wansview-cam-wired,quorum_only,0,0,0,0,0
2019-04-02,US,washer,quorum_only,0,0,0,0,0
2019-04-02,US,wink-hub2,quorum_only,0,0,0,0,0
2019-04-02,US,xiaomi-cleaner,quorum_only,0,0,0,0,0
2019-04-02,US,xiaomi-hub,quorum_only,0,0,0,0,0
2019-04-02,US,xiaomi-ricecooker,quorum_only,0,0,0,0,0
2019-04-02,US,xiaomi-strip,quorum_only,0,0,0,0,0
2019-04-02,US,yi-camera,quorum_only,0,0,0,0,0
2019-04-02,US,zmodo-doorbell,quorum_only,0,0,0,0,0
2019-04-02,US,amcrest-cam-wired,majority,3169,0,0,0,2
2019-04-02,US,appletv,majority,0,0,0,0,0
2019-04-02,US,blink-camera,majority,0,0,0,0,0
2019-04-02,US,blink-security-hub,majority,0,0,0,0,0
2019-04-02,US,brewer,majority,0,0,0,0,0
2019-04-02,US,bulb1,majority,0,0,0,0,0
2019-04-02,US,cloudcam,majority,0,0,0,0,0
2019-04-02,US,dlink-mov,majority,0,0,0,0,0
2019-04-02,US,dryer,majority,0,0,0,0,0
2019-04-02,US,echodot,majority,0,0,0,0,0
2019-04-02,US,echoplus,majority,0,0,0,0,0
2019-04-02,US,echospot,majority,0,0,0,0,0
2019-04-02,US,firetv,majority,0,0,0,0,0
2019-04-02,US,fridge,majority,0,0,0,0,0
2019-04-02,US,google-home-mini,majority,0,0,0,0,0
2019-04-02,US,google-home-mini2,majority,0,0,0,0,0
2019-04-02,US,ikettle,majority,0,0,0,0,0
2019-04-02,US,insteon-hub,majority,5,0,0,0,4
2019-04-02,US,invoke,majority,0,0,0,0,0
2019-04-02,US,lefun-cam-wired,majority,5,0,0,0,0
2019-04-02,US,lgtv-wired,majority,0,0,0,0,0
2019-04-02,US,lightify-hub,majority,0,0,0,0,0
2019-04-02,US,luohe-spycam,majority,0,0,0,0,0
2019-04-02,US,magichome-strip,majority,0,0,0,0,0
2019-04-02,US,microseven-camera,majority,1,0,0,0,0
2019-04-02,US,microwave,majority,0,0,0,0,0
2019-04-02,US,nest-tstat,majority,0,0,0,0,0
2019-04-02,US,philips-hue,majority,10,0,0,0,4
2019-04-02,US,ring-doorbell,majority,0,0,0,0,0
2019-04-02,US,roku-tv,majority,0,0,0,0,0
2019-04-02,US,samsungtv-wired,majority,0,0,0,0,0
2019-04-02,US,sengled-hub,majority,2,0,0,0,0
2019-04-02,US,smartthings,majority,10,0,0,0,4
2019-04-02,US,sousvide,majority,0,0,0,0,0
2019-04-02,US,t-echodot,majority,0,0,0,0,0
2019-04-02,US,t-smartthings-hub,majority,0,0,0,0,0
2019-04-02,US,t-wemo-plug,majority,0,0,0,0,0
2019-04-02,US,tp-link-plug,majority,0,0,0,0,0
2019-04-02,US,tplink-bulb,majority,0,0,0,0,0
2019-04-02,US,wansview-cam-wired,majority,5,0,0,0,3
2019-04-02,US,washer,majority,0,0,0,0,0
2019-04-02,US,wink-hub2,majority,4,4,0,0,0
2019-04-02,US,xiaomi-cleaner,majority,0,0,0,0,0
2019-04-02,US,xiaomi-hub,majority,0,0,0,0,0
2019-04-02,US,xiaomi-ricecooker,majority,0,0,0,0,0
2019-04-02,US,xiaomi-strip,majority,0,0,0,0,0
2019-04-02,US,yi-camera,majority,0,0,0,0,0
2019-04-02,US,zmodo-doorbell,majority,0,0,0,0,0
2019-04-02,US,amcrest-cam-wired,dib_without_portability_gate,0,0,0,0,0
2019-04-02,US,appletv,dib_without_portability_gate,0,0,0,0,0
2019-04-02,US,blink-camera,dib_without_portability_gate,0,0,0,0,0
2019-04-02,US,blink-security-hub,dib_without_portability_gate,0,0,0,0,0
2019-04-02,US,brewer,dib_without_portability_gate,0,0,0,0,0
2019-04-02,US,bulb1,dib_without_portability_gate,0,0,0,0,0
2019-04-02,US,cloudcam,dib_without_portability_gate,0,0,0,0,0
2019-04-02,US,dlink-mov,dib_without_portability_gate,0,0,0,0,0
2019-04-02,US,dryer,dib_without_portability_gate,0,0,0,0,0
2019-04-02,US,echodot,dib_without_portability_gate,0,0,0,0,0
2019-04-02,US,echoplus,dib_without_portability_gate,0,0,0,0,0
2019-04-02,US,echospot,dib_without_portability_gate,0,0,0,0,0
2019-04-02,US,firetv,dib_without_portability_gate,0,0,0,0,0
2019-04-02,US,fridge,dib_without_portability_gate,0,0,0,0,0
2019-04-02,US,google-home-mini,dib_without_portability_gate,0,0,0,0,0
2019-04-02,US,google-home-mini2,dib_without_portability_gate,0,0,0,0,0
2019-04-02,US,ikettle,dib_without_portability_gate,0,0,0,0,0
2019-04-02,US,insteon-hub,dib_without_portability_gate,0,0,0,0,0
2019-04-02,US,invoke,dib_without_portability_gate,0,0,0,0,0
2019-04-02,US,lefun-cam-wired,dib_without_portability_gate,0,0,0,0,0
2019-04-02,US,lgtv-wired,dib_without_portability_gate,0,0,0,0,0
2019-04-02,US,lightify-hub,dib_without_portability_gate,0,0,0,0,0
2019-04-02,US,luohe-spycam,dib_without_portability_gate,0,0,0,0,0
2019-04-02,US,magichome-strip,dib_without_portability_gate,0,0,0,0,0
2019-04-02,US,microseven-camera,dib_without_portability_gate,0,0,0,0,0
2019-04-02,US,microwave,dib_without_portability_gate,0,0,0,0,0
2019-04-02,US,nest-tstat,dib_without_portability_gate,0,0,0,0,0
2019-04-02,US,philips-hue,dib_without_portability_gate,7,0,0,0,4
2019-04-02,US,ring-doorbell,dib_without_portability_gate,0,0,0,0,0
2019-04-02,US,roku-tv,dib_without_portability_gate,0,0,0,0,0
2019-04-02,US,samsungtv-wired,dib_without_portability_gate,0,0,0,0,0
2019-04-02,US,sengled-hub,dib_without_portability_gate,0,0,0,0,0
2019-04-02,US,smartthings,dib_without_portability_gate,5,0,0,0,4
2019-04-02,US,sousvide,dib_without_portability_gate,0,0,0,0,0
2019-04-02,US,t-echodot,dib_without_portability_gate,0,0,0,0,0
2019-04-02,US,t-smartthings-hub,dib_without_portability_gate,0,0,0,0,0
2019-04-02,US,t-wemo-plug,dib_without_portability_gate,0,0,0,0,0
2019-04-02,US,tp-link-plug,dib_without_portability_gate,0,0,0,0,0
2019-04-02,US,tplink-bulb,dib_without_portability_gate,0,0,0,0,0
2019-04-02,US,wansview-cam-wired,dib_without_portability_gate,0,0,0,0,0
2019-04-02,US,washer,dib_without_portability_gate,0,0,0,0,0
2019-04-02,US,wink-hub2,dib_without_portability_gate,0,0,0,0,0
2019-04-02,US,xiaomi-cleaner,dib_without_portability_gate,0,0,0,0,0
2019-04-02,US,xiaomi-hub,dib_without_portability_gate,0,0,0,0,0
2019-04-02,US,xiaomi-ricecooker,dib_without_portability_gate,0,0,0,0,0
2019-04-02,US,xiaomi-strip,dib_without_portability_gate,0,0,0,0,0
2019-04-02,US,yi-camera,dib_without_portability_gate,0,0,0,0,0
2019-04-02,US,zmodo-doorbell,dib_without_portability_gate,0,0,0,0,0
2019-04-02,UK,allure-speaker,dib,0,0,0,0,0
2019-04-02,UK,appletv,dib,0,0,0,0,0
2019-04-02,UK,blink-camera,dib,0,0,0,0,0
2019-04-02,UK,blink-security-hub,dib,0,0,0,0,0
2019-04-02,UK,bosiwo-camera-wifi,dib,0,0,0,0,0
2019-04-02,UK,bosiwo-camera-wired,dib,0,0,0,0,0
2019-04-02,UK,charger-camera,dib,0,0,0,0,0
2019-04-02,UK,echodot,dib,0,0,0,0,0
2019-04-02,UK,echoplus,dib,0,0,0,0,0
2019-04-02,UK,echospot,dib,0,0,0,0,0
2019-04-02,UK,firetv,dib,0,0,0,0,0
2019-04-02,UK,google-home,dib,0,0,0,0,0
2019-04-02,UK,google-home-mini,dib,0,0,0,0,0
2019-04-02,UK,honeywell-thermostat,dib,0,0,0,0,0
2019-04-02,UK,insteon-hub,dib,0,0,0,0,0
2019-04-02,UK,lightify-hub,dib,0,0,0,0,0
2019-04-02,UK,magichome-strip,dib,0,0,0,0,0
2019-04-02,UK,nest-tstat,dib,0,0,0,0,0
2019-04-02,UK,netatmo-weather,dib,0,0,0,0,0
2019-04-02,UK,philips-hue,dib,4,0,0,0,4
2019-04-02,UK,ring-doorbell,dib,0,0,0,0,0
2019-04-02,UK,roku-tv,dib,0,0,0,0,0
2019-04-02,UK,samsungtv-wired,dib,0,0,0,0,0
2019-04-02,UK,sengled-hub,dib,0,0,0,0,0
2019-04-02,UK,smarter-coffee-mach,dib,0,0,0,0,0
2019-04-02,UK,smartthings,dib,4,0,0,0,4
2019-04-02,UK,sousvide,dib,0,0,0,0,0
2019-04-02,UK,t-wemo-plug,dib,0,0,0,0,0
2019-04-02,UK,tp-link-plug,dib,0,0,0,0,0
2019-04-02,UK,tplink-bulb,dib,0,0,0,0,0
2019-04-02,UK,tplink-plug2,dib,0,0,0,0,0
2019-04-02,UK,wansview-cam-wired,dib,0,0,0,0,0
2019-04-02,UK,xiaomi-cam2,dib,0,0,0,0,0
2019-04-02,UK,xiaomi-cleaner,dib,0,0,0,0,0
2019-04-02,UK,xiaomi-hub,dib,0,0,0,0,0
2019-04-02,UK,xiaomi-plug,dib,0,0,0,0,0
2019-04-02,UK,yi-camera,dib,0,0,0,0,0
2019-04-02,UK,allure-speaker,pooled_union,0,0,0,0,0
2019-04-02,UK,appletv,pooled_union,0,0,0,0,0
2019-04-02,UK,blink-camera,pooled_union,0,0,0,0,0
2019-04-02,UK,blink-security-hub,pooled_union,0,0,0,0,0
2019-04-02,UK,bosiwo-camera-wifi,pooled_union,0,0,0,0,0
2019-04-02,UK,bosiwo-camera-wired,pooled_union,14,0,0,0,0
2019-04-02,UK,charger-camera,pooled_union,0,0,0,0,0
2019-04-02,UK,echodot,pooled_union,0,0,0,0,0
2019-04-02,UK,echoplus,pooled_union,0,0,0,0,0
2019-04-02,UK,echospot,pooled_union,0,0,0,0,0
2019-04-02,UK,firetv,pooled_union,0,0,0,0,0
2019-04-02,UK,google-home,pooled_union,0,0,0,0,0
2019-04-02,UK,google-home-mini,pooled_union,0,0,0,0,0
2019-04-02,UK,honeywell-thermostat,pooled_union,0,0,0,0,0
2019-04-02,UK,insteon-hub,pooled_union,5,0,0,0,4
2019-04-02,UK,lightify-hub,pooled_union,0,0,0,0,0
2019-04-02,UK,magichome-strip,pooled_union,0,0,0,0,0
2019-04-02,UK,nest-tstat,pooled_union,0,0,0,0,0
2019-04-02,UK,netatmo-weather,pooled_union,0,0,0,0,0
2019-04-02,UK,philips-hue,pooled_union,10,0,0,0,4
2019-04-02,UK,ring-doorbell,pooled_union,0,0,0,0,0
2019-04-02,UK,roku-tv,pooled_union,0,0,0,0,0
2019-04-02,UK,samsungtv-wired,pooled_union,0,0,0,0,0
2019-04-02,UK,sengled-hub,pooled_union,2,0,0,0,0
2019-04-02,UK,smarter-coffee-mach,pooled_union,0,0,0,0,0
2019-04-02,UK,smartthings,pooled_union,10,0,0,0,4
2019-04-02,UK,sousvide,pooled_union,0,0,0,0,0
2019-04-02,UK,t-wemo-plug,pooled_union,0,0,0,0,0
2019-04-02,UK,tp-link-plug,pooled_union,0,0,0,0,0
2019-04-02,UK,tplink-bulb,pooled_union,0,0,0,0,0
2019-04-02,UK,tplink-plug2,pooled_union,0,0,0,0,0
2019-04-02,UK,wansview-cam-wired,pooled_union,5,0,0,0,3
2019-04-02,UK,xiaomi-cam2,pooled_union,0,0,0,0,0
2019-04-02,UK,xiaomi-cleaner,pooled_union,0,0,0,0,0
2019-04-02,UK,xiaomi-hub,pooled_union,0,0,0,0,0
2019-04-02,UK,xiaomi-plug,pooled_union,0,0,0,0,0
2019-04-02,UK,yi-camera,pooled_union,0,0,0,0,0
2019-04-02,UK,allure-speaker,quorum_only,0,0,0,0,0
2019-04-02,UK,appletv,quorum_only,0,0,0,0,0
2019-04-02,UK,blink-camera,quorum_only,0,0,0,0,0
2019-04-02,UK,blink-security-hub,quorum_only,0,0,0,0,0
2019-04-02,UK,bosiwo-camera-wifi,quorum_only,0,0,0,0,0
2019-04-02,UK,bosiwo-camera-wired,quorum_only,0,0,0,0,0
2019-04-02,UK,charger-camera,quorum_only,0,0,0,0,0
2019-04-02,UK,echodot,quorum_only,0,0,0,0,0
2019-04-02,UK,echoplus,quorum_only,0,0,0,0,0
2019-04-02,UK,echospot,quorum_only,0,0,0,0,0
2019-04-02,UK,firetv,quorum_only,0,0,0,0,0
2019-04-02,UK,google-home,quorum_only,0,0,0,0,0
2019-04-02,UK,google-home-mini,quorum_only,0,0,0,0,0
2019-04-02,UK,honeywell-thermostat,quorum_only,0,0,0,0,0
2019-04-02,UK,insteon-hub,quorum_only,0,0,0,0,0
2019-04-02,UK,lightify-hub,quorum_only,0,0,0,0,0
2019-04-02,UK,magichome-strip,quorum_only,0,0,0,0,0
2019-04-02,UK,nest-tstat,quorum_only,0,0,0,0,0
2019-04-02,UK,netatmo-weather,quorum_only,0,0,0,0,0
2019-04-02,UK,philips-hue,quorum_only,7,0,0,0,4
2019-04-02,UK,ring-doorbell,quorum_only,0,0,0,0,0
2019-04-02,UK,roku-tv,quorum_only,0,0,0,0,0
2019-04-02,UK,samsungtv-wired,quorum_only,0,0,0,0,0
2019-04-02,UK,sengled-hub,quorum_only,0,0,0,0,0
2019-04-02,UK,smarter-coffee-mach,quorum_only,0,0,0,0,0
2019-04-02,UK,smartthings,quorum_only,5,0,0,0,4
2019-04-02,UK,sousvide,quorum_only,0,0,0,0,0
2019-04-02,UK,t-wemo-plug,quorum_only,0,0,0,0,0
2019-04-02,UK,tp-link-plug,quorum_only,0,0,0,0,0
2019-04-02,UK,tplink-bulb,quorum_only,0,0,0,0,0
2019-04-02,UK,tplink-plug2,quorum_only,0,0,0,0,0
2019-04-02,UK,wansview-cam-wired,quorum_only,0,0,0,0,0
2019-04-02,UK,xiaomi-cam2,quorum_only,0,0,0,0,0
2019-04-02,UK,xiaomi-cleaner,quorum_only,0,0,0,0,0
2019-04-02,UK,xiaomi-hub,quorum_only,0,0,0,0,0
2019-04-02,UK,xiaomi-plug,quorum_only,0,0,0,0,0
2019-04-02,UK,yi-camera,quorum_only,0,0,0,0,0
2019-04-02,UK,allure-speaker,majority,0,0,0,0,0
2019-04-02,UK,appletv,majority,0,0,0,0,0
2019-04-02,UK,blink-camera,majority,0,0,0,0,0
2019-04-02,UK,blink-security-hub,majority,0,0,0,0,0
2019-04-02,UK,bosiwo-camera-wifi,majority,0,0,0,0,0
2019-04-02,UK,bosiwo-camera-wired,majority,14,0,0,0,0
2019-04-02,UK,charger-camera,majority,0,0,0,0,0
2019-04-02,UK,echodot,majority,0,0,0,0,0
2019-04-02,UK,echoplus,majority,0,0,0,0,0
2019-04-02,UK,echospot,majority,0,0,0,0,0
2019-04-02,UK,firetv,majority,0,0,0,0,0
2019-04-02,UK,google-home,majority,0,0,0,0,0
2019-04-02,UK,google-home-mini,majority,0,0,0,0,0
2019-04-02,UK,honeywell-thermostat,majority,0,0,0,0,0
2019-04-02,UK,insteon-hub,majority,5,0,0,0,4
2019-04-02,UK,lightify-hub,majority,0,0,0,0,0
2019-04-02,UK,magichome-strip,majority,0,0,0,0,0
2019-04-02,UK,nest-tstat,majority,0,0,0,0,0
2019-04-02,UK,netatmo-weather,majority,0,0,0,0,0
2019-04-02,UK,philips-hue,majority,10,0,0,0,4
2019-04-02,UK,ring-doorbell,majority,0,0,0,0,0
2019-04-02,UK,roku-tv,majority,0,0,0,0,0
2019-04-02,UK,samsungtv-wired,majority,0,0,0,0,0
2019-04-02,UK,sengled-hub,majority,2,0,0,0,0
2019-04-02,UK,smarter-coffee-mach,majority,0,0,0,0,0
2019-04-02,UK,smartthings,majority,10,0,0,0,4
2019-04-02,UK,sousvide,majority,0,0,0,0,0
2019-04-02,UK,t-wemo-plug,majority,0,0,0,0,0
2019-04-02,UK,tp-link-plug,majority,0,0,0,0,0
2019-04-02,UK,tplink-bulb,majority,0,0,0,0,0
2019-04-02,UK,tplink-plug2,majority,0,0,0,0,0
2019-04-02,UK,wansview-cam-wired,majority,5,0,0,0,3
2019-04-02,UK,xiaomi-cam2,majority,0,0,0,0,0
2019-04-02,UK,xiaomi-cleaner,majority,0,0,0,0,0
2019-04-02,UK,xiaomi-hub,majority,0,0,0,0,0
2019-04-02,UK,xiaomi-plug,majority,0,0,0,0,0
2019-04-02,UK,yi-camera,majority,0,0,0,0,0
2019-04-02,UK,allure-speaker,dib_without_portability_gate,0,0,0,0,0
2019-04-02,UK,appletv,dib_without_portability_gate,0,0,0,0,0
2019-04-02,UK,blink-camera,dib_without_portability_gate,0,0,0,0,0
2019-04-02,UK,blink-security-hub,dib_without_portability_gate,0,0,0,0,0
2019-04-02,UK,bosiwo-camera-wifi,dib_without_portability_gate,0,0,0,0,0
2019-04-02,UK,bosiwo-camera-wired,dib_without_portability_gate,0,0,0,0,0
2019-04-02,UK,charger-camera,dib_without_portability_gate,0,0,0,0,0
2019-04-02,UK,echodot,dib_without_portability_gate,0,0,0,0,0
2019-04-02,UK,echoplus,dib_without_portability_gate,0,0,0,0,0
2019-04-02,UK,echospot,dib_without_portability_gate,0,0,0,0,0
2019-04-02,UK,firetv,dib_without_portability_gate,0,0,0,0,0
2019-04-02,UK,google-home,dib_without_portability_gate,0,0,0,0,0
2019-04-02,UK,google-home-mini,dib_without_portability_gate,0,0,0,0,0
2019-04-02,UK,honeywell-thermostat,dib_without_portability_gate,0,0,0,0,0
2019-04-02,UK,insteon-hub,dib_without_portability_gate,0,0,0,0,0
2019-04-02,UK,lightify-hub,dib_without_portability_gate,0,0,0,0,0
2019-04-02,UK,magichome-strip,dib_without_portability_gate,0,0,0,0,0
2019-04-02,UK,nest-tstat,dib_without_portability_gate,0,0,0,0,0
2019-04-02,UK,netatmo-weather,dib_without_portability_gate,0,0,0,0,0
2019-04-02,UK,philips-hue,dib_without_portability_gate,7,0,0,0,4
2019-04-02,UK,ring-doorbell,dib_without_portability_gate,0,0,0,0,0
2019-04-02,UK,roku-tv,dib_without_portability_gate,0,0,0,0,0
2019-04-02,UK,samsungtv-wired,dib_without_portability_gate,0,0,0,0,0
2019-04-02,UK,sengled-hub,dib_without_portability_gate,0,0,0,0,0
2019-04-02,UK,smarter-coffee-mach,dib_without_portability_gate,0,0,0,0,0
2019-04-02,UK,smartthings,dib_without_portability_gate,5,0,0,0,4
2019-04-02,UK,sousvide,dib_without_portability_gate,0,0,0,0,0
2019-04-02,UK,t-wemo-plug,dib_without_portability_gate,0,0,0,0,0
2019-04-02,UK,tp-link-plug,dib_without_portability_gate,0,0,0,0,0
2019-04-02,UK,tplink-bulb,dib_without_portability_gate,0,0,0,0,0
2019-04-02,UK,tplink-plug2,dib_without_portability_gate,0,0,0,0,0
2019-04-02,UK,wansview-cam-wired,dib_without_portability_gate,0,0,0,0,0
2019-04-02,UK,xiaomi-cam2,dib_without_portability_gate,0,0,0,0,0
2019-04-02,UK,xiaomi-cleaner,dib_without_portability_gate,0,0,0,0,0
2019-04-02,UK,xiaomi-hub,dib_without_portability_gate,0,0,0,0,0
2019-04-02,UK,xiaomi-plug,dib_without_portability_gate,0,0,0,0,0
2019-04-02,UK,yi-camera,dib_without_portability_gate,0,0,0,0,0
2019-04-03,US,amcrest-cam-wired,dib,0,0,0,0,0
2019-04-03,US,appletv,dib,0,0,0,0,0
2019-04-03,US,blink-camera,dib,0,0,0,0,0
2019-04-03,US,blink-security-hub,dib,0,0,0,0,0
2019-04-03,US,brewer,dib,0,0,0,0,0
2019-04-03,US,bulb1,dib,0,0,0,0,0
2019-04-03,US,cloudcam,dib,0,0,0,0,0
2019-04-03,US,dlink-mov,dib,0,0,0,0,0
2019-04-03,US,dryer,dib,0,0,0,0,0
2019-04-03,US,echodot,dib,0,0,0,0,0
2019-04-03,US,echoplus,dib,0,0,0,0,0
2019-04-03,US,echospot,dib,0,0,0,0,0
2019-04-03,US,firetv,dib,0,0,0,0,0
2019-04-03,US,fridge,dib,0,0,0,0,0
2019-04-03,US,google-home-mini,dib,0,0,0,0,0
2019-04-03,US,google-home-mini2,dib,0,0,0,0,0
2019-04-03,US,ikettle,dib,0,0,0,0,0
2019-04-03,US,insteon-hub,dib,0,0,0,0,0
2019-04-03,US,invoke,dib,0,0,0,0,0
2019-04-03,US,lefun-cam-wired,dib,0,0,0,0,0
2019-04-03,US,lgtv-wired,dib,0,0,0,0,0
2019-04-03,US,lightify-hub,dib,0,0,0,0,0
2019-04-03,US,luohe-spycam,dib,0,0,0,0,0
2019-04-03,US,magichome-strip,dib,0,0,0,0,0
2019-04-03,US,microseven-camera,dib,0,0,0,0,0
2019-04-03,US,microwave,dib,0,0,0,0,0
2019-04-03,US,nest-tstat,dib,0,0,0,0,0
2019-04-03,US,philips-hue,dib,5,1,0,0,4
2019-04-03,US,ring-doorbell,dib,0,0,0,0,0
2019-04-03,US,roku-tv,dib,0,0,0,0,0
2019-04-03,US,samsungtv-wired,dib,0,0,0,0,0
2019-04-03,US,sengled-hub,dib,0,0,0,0,0
2019-04-03,US,smartthings,dib,4,0,0,0,4
2019-04-03,US,sousvide,dib,0,0,0,0,0
2019-04-03,US,t-echodot,dib,0,0,0,0,0
2019-04-03,US,t-smartthings-hub,dib,0,0,0,0,0
2019-04-03,US,t-wemo-plug,dib,0,0,0,0,0
2019-04-03,US,tp-link-plug,dib,0,0,0,0,0
2019-04-03,US,tplink-bulb,dib,0,0,0,0,0
2019-04-03,US,wansview-cam-wired,dib,0,0,0,0,0
2019-04-03,US,washer,dib,0,0,0,0,0
2019-04-03,US,wink-hub2,dib,0,0,0,0,0
2019-04-03,US,xiaomi-cleaner,dib,0,0,0,0,0
2019-04-03,US,xiaomi-hub,dib,0,0,0,0,0
2019-04-03,US,xiaomi-ricecooker,dib,0,0,0,0,0
2019-04-03,US,xiaomi-strip,dib,0,0,0,0,0
2019-04-03,US,yi-camera,dib,0,0,0,0,0
2019-04-03,US,zmodo-doorbell,dib,0,0,0,0,0
2019-04-03,US,amcrest-cam-wired,pooled_union,3169,0,0,0,2
2019-04-03,US,appletv,pooled_union,0,0,0,0,0
2019-04-03,US,blink-camera,pooled_union,0,0,0,0,0
2019-04-03,US,blink-security-hub,pooled_union,0,0,0,0,0
2019-04-03,US,brewer,pooled_union,0,0,0,0,0
2019-04-03,US,bulb1,pooled_union,0,0,0,0,0
2019-04-03,US,cloudcam,pooled_union,0,0,0,0,0
2019-04-03,US,dlink-mov,pooled_union,0,0,0,0,0
2019-04-03,US,dryer,pooled_union,0,0,0,0,0
2019-04-03,US,echodot,pooled_union,0,0,0,0,0
2019-04-03,US,echoplus,pooled_union,0,0,0,0,0
2019-04-03,US,echospot,pooled_union,0,0,0,0,0
2019-04-03,US,firetv,pooled_union,0,0,0,0,0
2019-04-03,US,fridge,pooled_union,0,0,0,0,0
2019-04-03,US,google-home-mini,pooled_union,0,0,0,0,0
2019-04-03,US,google-home-mini2,pooled_union,0,0,0,0,0
2019-04-03,US,ikettle,pooled_union,0,0,0,0,0
2019-04-03,US,insteon-hub,pooled_union,5,0,0,0,4
2019-04-03,US,invoke,pooled_union,0,0,0,0,0
2019-04-03,US,lefun-cam-wired,pooled_union,5,0,0,0,0
2019-04-03,US,lgtv-wired,pooled_union,0,0,0,0,0
2019-04-03,US,lightify-hub,pooled_union,0,0,0,0,0
2019-04-03,US,luohe-spycam,pooled_union,0,0,0,0,0
2019-04-03,US,magichome-strip,pooled_union,0,0,0,0,0
2019-04-03,US,microseven-camera,pooled_union,1,0,0,0,0
2019-04-03,US,microwave,pooled_union,0,0,0,0,0
2019-04-03,US,nest-tstat,pooled_union,0,0,0,0,0
2019-04-03,US,philips-hue,pooled_union,24,14,0,0,14
2019-04-03,US,ring-doorbell,pooled_union,0,0,0,0,0
2019-04-03,US,roku-tv,pooled_union,0,0,0,0,0
2019-04-03,US,samsungtv-wired,pooled_union,0,0,0,0,0
2019-04-03,US,sengled-hub,pooled_union,2,0,0,0,0
2019-04-03,US,smartthings,pooled_union,14,4,0,0,5
2019-04-03,US,sousvide,pooled_union,0,0,0,0,0
2019-04-03,US,t-echodot,pooled_union,0,0,0,0,0
2019-04-03,US,t-smartthings-hub,pooled_union,0,0,0,0,0
2019-04-03,US,t-wemo-plug,pooled_union,0,0,0,0,0
2019-04-03,US,tp-link-plug,pooled_union,0,0,0,0,0
2019-04-03,US,tplink-bulb,pooled_union,0,0,0,0,0
2019-04-03,US,wansview-cam-wired,pooled_union,5,0,0,0,3
2019-04-03,US,washer,pooled_union,0,0,0,0,0
2019-04-03,US,wink-hub2,pooled_union,4,0,0,0,0
2019-04-03,US,xiaomi-cleaner,pooled_union,0,0,0,0,0
2019-04-03,US,xiaomi-hub,pooled_union,0,0,0,0,0
2019-04-03,US,xiaomi-ricecooker,pooled_union,0,0,0,0,0
2019-04-03,US,xiaomi-strip,pooled_union,0,0,0,0,0
2019-04-03,US,yi-camera,pooled_union,0,0,0,0,0
2019-04-03,US,zmodo-doorbell,pooled_union,0,0,0,0,0
2019-04-03,US,amcrest-cam-wired,quorum_only,0,0,0,0,0
2019-04-03,US,appletv,quorum_only,0,0,0,0,0
2019-04-03,US,blink-camera,quorum_only,0,0,0,0,0
2019-04-03,US,blink-security-hub,quorum_only,0,0,0,0,0
2019-04-03,US,brewer,quorum_only,0,0,0,0,0
2019-04-03,US,bulb1,quorum_only,0,0,0,0,0
2019-04-03,US,cloudcam,quorum_only,0,0,0,0,0
2019-04-03,US,dlink-mov,quorum_only,0,0,0,0,0
2019-04-03,US,dryer,quorum_only,0,0,0,0,0
2019-04-03,US,echodot,quorum_only,0,0,0,0,0
2019-04-03,US,echoplus,quorum_only,0,0,0,0,0
2019-04-03,US,echospot,quorum_only,0,0,0,0,0
2019-04-03,US,firetv,quorum_only,0,0,0,0,0
2019-04-03,US,fridge,quorum_only,0,0,0,0,0
2019-04-03,US,google-home-mini,quorum_only,0,0,0,0,0
2019-04-03,US,google-home-mini2,quorum_only,0,0,0,0,0
2019-04-03,US,ikettle,quorum_only,0,0,0,0,0
2019-04-03,US,insteon-hub,quorum_only,0,0,0,0,0
2019-04-03,US,invoke,quorum_only,0,0,0,0,0
2019-04-03,US,lefun-cam-wired,quorum_only,0,0,0,0,0
2019-04-03,US,lgtv-wired,quorum_only,0,0,0,0,0
2019-04-03,US,lightify-hub,quorum_only,0,0,0,0,0
2019-04-03,US,luohe-spycam,quorum_only,0,0,0,0,0
2019-04-03,US,magichome-strip,quorum_only,0,0,0,0,0
2019-04-03,US,microseven-camera,quorum_only,0,0,0,0,0
2019-04-03,US,microwave,quorum_only,0,0,0,0,0
2019-04-03,US,nest-tstat,quorum_only,0,0,0,0,0
2019-04-03,US,philips-hue,quorum_only,8,1,0,0,4
2019-04-03,US,ring-doorbell,quorum_only,0,0,0,0,0
2019-04-03,US,roku-tv,quorum_only,0,0,0,0,0
2019-04-03,US,samsungtv-wired,quorum_only,0,0,0,0,0
2019-04-03,US,sengled-hub,quorum_only,0,0,0,0,0
2019-04-03,US,smartthings,quorum_only,5,0,0,0,4
2019-04-03,US,sousvide,quorum_only,0,0,0,0,0
2019-04-03,US,t-echodot,quorum_only,0,0,0,0,0
2019-04-03,US,t-smartthings-hub,quorum_only,0,0,0,0,0
2019-04-03,US,t-wemo-plug,quorum_only,0,0,0,0,0
2019-04-03,US,tp-link-plug,quorum_only,0,0,0,0,0
2019-04-03,US,tplink-bulb,quorum_only,0,0,0,0,0
2019-04-03,US,wansview-cam-wired,quorum_only,0,0,0,0,0
2019-04-03,US,washer,quorum_only,0,0,0,0,0
2019-04-03,US,wink-hub2,quorum_only,0,0,0,0,0
2019-04-03,US,xiaomi-cleaner,quorum_only,0,0,0,0,0
2019-04-03,US,xiaomi-hub,quorum_only,0,0,0,0,0
2019-04-03,US,xiaomi-ricecooker,quorum_only,0,0,0,0,0
2019-04-03,US,xiaomi-strip,quorum_only,0,0,0,0,0
2019-04-03,US,yi-camera,quorum_only,0,0,0,0,0
2019-04-03,US,zmodo-doorbell,quorum_only,0,0,0,0,0
2019-04-03,US,amcrest-cam-wired,majority,3169,0,0,0,2
2019-04-03,US,appletv,majority,0,0,0,0,0
2019-04-03,US,blink-camera,majority,0,0,0,0,0
2019-04-03,US,blink-security-hub,majority,0,0,0,0,0
2019-04-03,US,brewer,majority,0,0,0,0,0
2019-04-03,US,bulb1,majority,0,0,0,0,0
2019-04-03,US,cloudcam,majority,0,0,0,0,0
2019-04-03,US,dlink-mov,majority,0,0,0,0,0
2019-04-03,US,dryer,majority,0,0,0,0,0
2019-04-03,US,echodot,majority,0,0,0,0,0
2019-04-03,US,echoplus,majority,0,0,0,0,0
2019-04-03,US,echospot,majority,0,0,0,0,0
2019-04-03,US,firetv,majority,0,0,0,0,0
2019-04-03,US,fridge,majority,0,0,0,0,0
2019-04-03,US,google-home-mini,majority,0,0,0,0,0
2019-04-03,US,google-home-mini2,majority,0,0,0,0,0
2019-04-03,US,ikettle,majority,0,0,0,0,0
2019-04-03,US,insteon-hub,majority,5,0,0,0,4
2019-04-03,US,invoke,majority,0,0,0,0,0
2019-04-03,US,lefun-cam-wired,majority,5,0,0,0,0
2019-04-03,US,lgtv-wired,majority,0,0,0,0,0
2019-04-03,US,lightify-hub,majority,0,0,0,0,0
2019-04-03,US,luohe-spycam,majority,0,0,0,0,0
2019-04-03,US,magichome-strip,majority,0,0,0,0,0
2019-04-03,US,microseven-camera,majority,1,0,0,0,0
2019-04-03,US,microwave,majority,0,0,0,0,0
2019-04-03,US,nest-tstat,majority,0,0,0,0,0
2019-04-03,US,philips-hue,majority,24,14,0,0,14
2019-04-03,US,ring-doorbell,majority,0,0,0,0,0
2019-04-03,US,roku-tv,majority,0,0,0,0,0
2019-04-03,US,samsungtv-wired,majority,0,0,0,0,0
2019-04-03,US,sengled-hub,majority,2,0,0,0,0
2019-04-03,US,smartthings,majority,14,4,0,0,5
2019-04-03,US,sousvide,majority,0,0,0,0,0
2019-04-03,US,t-echodot,majority,0,0,0,0,0
2019-04-03,US,t-smartthings-hub,majority,0,0,0,0,0
2019-04-03,US,t-wemo-plug,majority,0,0,0,0,0
2019-04-03,US,tp-link-plug,majority,0,0,0,0,0
2019-04-03,US,tplink-bulb,majority,0,0,0,0,0
2019-04-03,US,wansview-cam-wired,majority,5,0,0,0,3
2019-04-03,US,washer,majority,0,0,0,0,0
2019-04-03,US,wink-hub2,majority,4,0,0,0,0
2019-04-03,US,xiaomi-cleaner,majority,0,0,0,0,0
2019-04-03,US,xiaomi-hub,majority,0,0,0,0,0
2019-04-03,US,xiaomi-ricecooker,majority,0,0,0,0,0
2019-04-03,US,xiaomi-strip,majority,0,0,0,0,0
2019-04-03,US,yi-camera,majority,0,0,0,0,0
2019-04-03,US,zmodo-doorbell,majority,0,0,0,0,0
2019-04-03,US,amcrest-cam-wired,dib_without_portability_gate,0,0,0,0,0
2019-04-03,US,appletv,dib_without_portability_gate,0,0,0,0,0
2019-04-03,US,blink-camera,dib_without_portability_gate,0,0,0,0,0
2019-04-03,US,blink-security-hub,dib_without_portability_gate,0,0,0,0,0
2019-04-03,US,brewer,dib_without_portability_gate,0,0,0,0,0
2019-04-03,US,bulb1,dib_without_portability_gate,0,0,0,0,0
2019-04-03,US,cloudcam,dib_without_portability_gate,0,0,0,0,0
2019-04-03,US,dlink-mov,dib_without_portability_gate,0,0,0,0,0
2019-04-03,US,dryer,dib_without_portability_gate,0,0,0,0,0
2019-04-03,US,echodot,dib_without_portability_gate,0,0,0,0,0
2019-04-03,US,echoplus,dib_without_portability_gate,0,0,0,0,0
2019-04-03,US,echospot,dib_without_portability_gate,0,0,0,0,0
2019-04-03,US,firetv,dib_without_portability_gate,0,0,0,0,0
2019-04-03,US,fridge,dib_without_portability_gate,0,0,0,0,0
2019-04-03,US,google-home-mini,dib_without_portability_gate,0,0,0,0,0
2019-04-03,US,google-home-mini2,dib_without_portability_gate,0,0,0,0,0
2019-04-03,US,ikettle,dib_without_portability_gate,0,0,0,0,0
2019-04-03,US,insteon-hub,dib_without_portability_gate,0,0,0,0,0
2019-04-03,US,invoke,dib_without_portability_gate,0,0,0,0,0
2019-04-03,US,lefun-cam-wired,dib_without_portability_gate,0,0,0,0,0
2019-04-03,US,lgtv-wired,dib_without_portability_gate,0,0,0,0,0
2019-04-03,US,lightify-hub,dib_without_portability_gate,0,0,0,0,0
2019-04-03,US,luohe-spycam,dib_without_portability_gate,0,0,0,0,0
2019-04-03,US,magichome-strip,dib_without_portability_gate,0,0,0,0,0
2019-04-03,US,microseven-camera,dib_without_portability_gate,0,0,0,0,0
2019-04-03,US,microwave,dib_without_portability_gate,0,0,0,0,0
2019-04-03,US,nest-tstat,dib_without_portability_gate,0,0,0,0,0
2019-04-03,US,philips-hue,dib_without_portability_gate,8,1,0,0,4
2019-04-03,US,ring-doorbell,dib_without_portability_gate,0,0,0,0,0
2019-04-03,US,roku-tv,dib_without_portability_gate,0,0,0,0,0
2019-04-03,US,samsungtv-wired,dib_without_portability_gate,0,0,0,0,0
2019-04-03,US,sengled-hub,dib_without_portability_gate,0,0,0,0,0
2019-04-03,US,smartthings,dib_without_portability_gate,5,0,0,0,4
2019-04-03,US,sousvide,dib_without_portability_gate,0,0,0,0,0
2019-04-03,US,t-echodot,dib_without_portability_gate,0,0,0,0,0
2019-04-03,US,t-smartthings-hub,dib_without_portability_gate,0,0,0,0,0
2019-04-03,US,t-wemo-plug,dib_without_portability_gate,0,0,0,0,0
2019-04-03,US,tp-link-plug,dib_without_portability_gate,0,0,0,0,0
2019-04-03,US,tplink-bulb,dib_without_portability_gate,0,0,0,0,0
2019-04-03,US,wansview-cam-wired,dib_without_portability_gate,0,0,0,0,0
2019-04-03,US,washer,dib_without_portability_gate,0,0,0,0,0
2019-04-03,US,wink-hub2,dib_without_portability_gate,0,0,0,0,0
2019-04-03,US,xiaomi-cleaner,dib_without_portability_gate,0,0,0,0,0
2019-04-03,US,xiaomi-hub,dib_without_portability_gate,0,0,0,0,0
2019-04-03,US,xiaomi-ricecooker,dib_without_portability_gate,0,0,0,0,0
2019-04-03,US,xiaomi-strip,dib_without_portability_gate,0,0,0,0,0
2019-04-03,US,yi-camera,dib_without_portability_gate,0,0,0,0,0
2019-04-03,US,zmodo-doorbell,dib_without_portability_gate,0,0,0,0,0
2019-04-03,UK,allure-speaker,dib,0,0,0,0,0
2019-04-03,UK,appletv,dib,0,0,0,0,0
2019-04-03,UK,blink-camera,dib,0,0,0,0,0
2019-04-03,UK,blink-security-hub,dib,0,0,0,0,0
2019-04-03,UK,bosiwo-camera-wifi,dib,0,0,0,0,0
2019-04-03,UK,bosiwo-camera-wired,dib,0,0,0,0,0
2019-04-03,UK,charger-camera,dib,0,0,0,0,0
2019-04-03,UK,echodot,dib,0,0,0,0,0
2019-04-03,UK,echoplus,dib,0,0,0,0,0
2019-04-03,UK,echospot,dib,0,0,0,0,0
2019-04-03,UK,firetv,dib,0,0,0,0,0
2019-04-03,UK,google-home,dib,0,0,0,0,0
2019-04-03,UK,google-home-mini,dib,0,0,0,0,0
2019-04-03,UK,honeywell-thermostat,dib,0,0,0,0,0
2019-04-03,UK,insteon-hub,dib,0,0,0,0,0
2019-04-03,UK,lightify-hub,dib,0,0,0,0,0
2019-04-03,UK,magichome-strip,dib,0,0,0,0,0
2019-04-03,UK,nest-tstat,dib,0,0,0,0,0
2019-04-03,UK,netatmo-weather,dib,0,0,0,0,0
2019-04-03,UK,philips-hue,dib,5,1,0,0,4
2019-04-03,UK,ring-doorbell,dib,0,0,0,0,0
2019-04-03,UK,roku-tv,dib,0,0,0,0,0
2019-04-03,UK,samsungtv-wired,dib,0,0,0,0,0
2019-04-03,UK,sengled-hub,dib,0,0,0,0,0
2019-04-03,UK,smarter-coffee-mach,dib,0,0,0,0,0
2019-04-03,UK,smartthings,dib,4,0,0,0,4
2019-04-03,UK,sousvide,dib,0,0,0,0,0
2019-04-03,UK,t-wemo-plug,dib,0,0,0,0,0
2019-04-03,UK,tp-link-plug,dib,0,0,0,0,0
2019-04-03,UK,tplink-bulb,dib,0,0,0,0,0
2019-04-03,UK,tplink-plug2,dib,0,0,0,0,0
2019-04-03,UK,wansview-cam-wired,dib,0,0,0,0,0
2019-04-03,UK,xiaomi-cam2,dib,0,0,0,0,0
2019-04-03,UK,xiaomi-cleaner,dib,0,0,0,0,0
2019-04-03,UK,xiaomi-hub,dib,0,0,0,0,0
2019-04-03,UK,xiaomi-plug,dib,0,0,0,0,0
2019-04-03,UK,yi-camera,dib,0,0,0,0,0
2019-04-03,UK,allure-speaker,pooled_union,0,0,0,0,0
2019-04-03,UK,appletv,pooled_union,0,0,0,0,0
2019-04-03,UK,blink-camera,pooled_union,0,0,0,0,0
2019-04-03,UK,blink-security-hub,pooled_union,0,0,0,0,0
2019-04-03,UK,bosiwo-camera-wifi,pooled_union,0,0,0,0,0
2019-04-03,UK,bosiwo-camera-wired,pooled_union,19,5,0,0,0
2019-04-03,UK,charger-camera,pooled_union,0,0,0,0,0
2019-04-03,UK,echodot,pooled_union,0,0,0,0,0
2019-04-03,UK,echoplus,pooled_union,0,0,0,0,0
2019-04-03,UK,echospot,pooled_union,0,0,0,0,0
2019-04-03,UK,firetv,pooled_union,0,0,0,0,0
2019-04-03,UK,google-home,pooled_union,0,0,0,0,0
2019-04-03,UK,google-home-mini,pooled_union,0,0,0,0,0
2019-04-03,UK,honeywell-thermostat,pooled_union,0,0,0,0,0
2019-04-03,UK,insteon-hub,pooled_union,5,0,0,0,4
2019-04-03,UK,lightify-hub,pooled_union,0,0,0,0,0
2019-04-03,UK,magichome-strip,pooled_union,0,0,0,0,0
2019-04-03,UK,nest-tstat,pooled_union,0,0,0,0,0
2019-04-03,UK,netatmo-weather,pooled_union,0,0,0,0,0
2019-04-03,UK,philips-hue,pooled_union,24,14,0,0,14
2019-04-03,UK,ring-doorbell,pooled_union,0,0,0,0,0
2019-04-03,UK,roku-tv,pooled_union,0,0,0,0,0
2019-04-03,UK,samsungtv-wired,pooled_union,0,0,0,0,0
2019-04-03,UK,sengled-hub,pooled_union,2,0,0,0,0
2019-04-03,UK,smarter-coffee-mach,pooled_union,0,0,0,0,0
2019-04-03,UK,smartthings,pooled_union,14,4,0,0,5
2019-04-03,UK,sousvide,pooled_union,0,0,0,0,0
2019-04-03,UK,t-wemo-plug,pooled_union,0,0,0,0,0
2019-04-03,UK,tp-link-plug,pooled_union,0,0,0,0,0
2019-04-03,UK,tplink-bulb,pooled_union,0,0,0,0,0
2019-04-03,UK,tplink-plug2,pooled_union,0,0,0,0,0
2019-04-03,UK,wansview-cam-wired,pooled_union,5,0,0,0,3
2019-04-03,UK,xiaomi-cam2,pooled_union,0,0,0,0,0
2019-04-03,UK,xiaomi-cleaner,pooled_union,0,0,0,0,0
2019-04-03,UK,xiaomi-hub,pooled_union,0,0,0,0,0
2019-04-03,UK,xiaomi-plug,pooled_union,0,0,0,0,0
2019-04-03,UK,yi-camera,pooled_union,0,0,0,0,0
2019-04-03,UK,allure-speaker,quorum_only,0,0,0,0,0
2019-04-03,UK,appletv,quorum_only,0,0,0,0,0
2019-04-03,UK,blink-camera,quorum_only,0,0,0,0,0
2019-04-03,UK,blink-security-hub,quorum_only,0,0,0,0,0
2019-04-03,UK,bosiwo-camera-wifi,quorum_only,0,0,0,0,0
2019-04-03,UK,bosiwo-camera-wired,quorum_only,0,0,0,0,0
2019-04-03,UK,charger-camera,quorum_only,0,0,0,0,0
2019-04-03,UK,echodot,quorum_only,0,0,0,0,0
2019-04-03,UK,echoplus,quorum_only,0,0,0,0,0
2019-04-03,UK,echospot,quorum_only,0,0,0,0,0
2019-04-03,UK,firetv,quorum_only,0,0,0,0,0
2019-04-03,UK,google-home,quorum_only,0,0,0,0,0
2019-04-03,UK,google-home-mini,quorum_only,0,0,0,0,0
2019-04-03,UK,honeywell-thermostat,quorum_only,0,0,0,0,0
2019-04-03,UK,insteon-hub,quorum_only,0,0,0,0,0
2019-04-03,UK,lightify-hub,quorum_only,0,0,0,0,0
2019-04-03,UK,magichome-strip,quorum_only,0,0,0,0,0
2019-04-03,UK,nest-tstat,quorum_only,0,0,0,0,0
2019-04-03,UK,netatmo-weather,quorum_only,0,0,0,0,0
2019-04-03,UK,philips-hue,quorum_only,8,1,0,0,4
2019-04-03,UK,ring-doorbell,quorum_only,0,0,0,0,0
2019-04-03,UK,roku-tv,quorum_only,0,0,0,0,0
2019-04-03,UK,samsungtv-wired,quorum_only,0,0,0,0,0
2019-04-03,UK,sengled-hub,quorum_only,0,0,0,0,0
2019-04-03,UK,smarter-coffee-mach,quorum_only,0,0,0,0,0
2019-04-03,UK,smartthings,quorum_only,5,0,0,0,4
2019-04-03,UK,sousvide,quorum_only,0,0,0,0,0
2019-04-03,UK,t-wemo-plug,quorum_only,0,0,0,0,0
2019-04-03,UK,tp-link-plug,quorum_only,0,0,0,0,0
2019-04-03,UK,tplink-bulb,quorum_only,0,0,0,0,0
2019-04-03,UK,tplink-plug2,quorum_only,0,0,0,0,0
2019-04-03,UK,wansview-cam-wired,quorum_only,0,0,0,0,0
2019-04-03,UK,xiaomi-cam2,quorum_only,0,0,0,0,0
2019-04-03,UK,xiaomi-cleaner,quorum_only,0,0,0,0,0
2019-04-03,UK,xiaomi-hub,quorum_only,0,0,0,0,0
2019-04-03,UK,xiaomi-plug,quorum_only,0,0,0,0,0
2019-04-03,UK,yi-camera,quorum_only,0,0,0,0,0
2019-04-03,UK,allure-speaker,majority,0,0,0,0,0
2019-04-03,UK,appletv,majority,0,0,0,0,0
2019-04-03,UK,blink-camera,majority,0,0,0,0,0
2019-04-03,UK,blink-security-hub,majority,0,0,0,0,0
2019-04-03,UK,bosiwo-camera-wifi,majority,0,0,0,0,0
2019-04-03,UK,bosiwo-camera-wired,majority,19,5,0,0,0
2019-04-03,UK,charger-camera,majority,0,0,0,0,0
2019-04-03,UK,echodot,majority,0,0,0,0,0
2019-04-03,UK,echoplus,majority,0,0,0,0,0
2019-04-03,UK,echospot,majority,0,0,0,0,0
2019-04-03,UK,firetv,majority,0,0,0,0,0
2019-04-03,UK,google-home,majority,0,0,0,0,0
2019-04-03,UK,google-home-mini,majority,0,0,0,0,0
2019-04-03,UK,honeywell-thermostat,majority,0,0,0,0,0
2019-04-03,UK,insteon-hub,majority,5,0,0,0,4
2019-04-03,UK,lightify-hub,majority,0,0,0,0,0
2019-04-03,UK,magichome-strip,majority,0,0,0,0,0
2019-04-03,UK,nest-tstat,majority,0,0,0,0,0
2019-04-03,UK,netatmo-weather,majority,0,0,0,0,0
2019-04-03,UK,philips-hue,majority,24,14,0,0,14
2019-04-03,UK,ring-doorbell,majority,0,0,0,0,0
2019-04-03,UK,roku-tv,majority,0,0,0,0,0
2019-04-03,UK,samsungtv-wired,majority,0,0,0,0,0
2019-04-03,UK,sengled-hub,majority,2,0,0,0,0
2019-04-03,UK,smarter-coffee-mach,majority,0,0,0,0,0
2019-04-03,UK,smartthings,majority,14,4,0,0,5
2019-04-03,UK,sousvide,majority,0,0,0,0,0
2019-04-03,UK,t-wemo-plug,majority,0,0,0,0,0
2019-04-03,UK,tp-link-plug,majority,0,0,0,0,0
2019-04-03,UK,tplink-bulb,majority,0,0,0,0,0
2019-04-03,UK,tplink-plug2,majority,0,0,0,0,0
2019-04-03,UK,wansview-cam-wired,majority,5,0,0,0,3
2019-04-03,UK,xiaomi-cam2,majority,0,0,0,0,0
2019-04-03,UK,xiaomi-cleaner,majority,0,0,0,0,0
2019-04-03,UK,xiaomi-hub,majority,0,0,0,0,0
2019-04-03,UK,xiaomi-plug,majority,0,0,0,0,0
2019-04-03,UK,yi-camera,majority,0,0,0,0,0
2019-04-03,UK,allure-speaker,dib_without_portability_gate,0,0,0,0,0
2019-04-03,UK,appletv,dib_without_portability_gate,0,0,0,0,0
2019-04-03,UK,blink-camera,dib_without_portability_gate,0,0,0,0,0
2019-04-03,UK,blink-security-hub,dib_without_portability_gate,0,0,0,0,0
2019-04-03,UK,bosiwo-camera-wifi,dib_without_portability_gate,0,0,0,0,0
2019-04-03,UK,bosiwo-camera-wired,dib_without_portability_gate,0,0,0,0,0
2019-04-03,UK,charger-camera,dib_without_portability_gate,0,0,0,0,0
2019-04-03,UK,echodot,dib_without_portability_gate,0,0,0,0,0
2019-04-03,UK,echoplus,dib_without_portability_gate,0,0,0,0,0
2019-04-03,UK,echospot,dib_without_portability_gate,0,0,0,0,0
2019-04-03,UK,firetv,dib_without_portability_gate,0,0,0,0,0
2019-04-03,UK,google-home,dib_without_portability_gate,0,0,0,0,0
2019-04-03,UK,google-home-mini,dib_without_portability_gate,0,0,0,0,0
2019-04-03,UK,honeywell-thermostat,dib_without_portability_gate,0,0,0,0,0
2019-04-03,UK,insteon-hub,dib_without_portability_gate,0,0,0,0,0
2019-04-03,UK,lightify-hub,dib_without_portability_gate,0,0,0,0,0
2019-04-03,UK,magichome-strip,dib_without_portability_gate,0,0,0,0,0
2019-04-03,UK,nest-tstat,dib_without_portability_gate,0,0,0,0,0
2019-04-03,UK,netatmo-weather,dib_without_portability_gate,0,0,0,0,0
2019-04-03,UK,philips-hue,dib_without_portability_gate,8,1,0,0,4
2019-04-03,UK,ring-doorbell,dib_without_portability_gate,0,0,0,0,0
2019-04-03,UK,roku-tv,dib_without_portability_gate,0,0,0,0,0
2019-04-03,UK,samsungtv-wired,dib_without_portability_gate,0,0,0,0,0
2019-04-03,UK,sengled-hub,dib_without_portability_gate,0,0,0,0,0
2019-04-03,UK,smarter-coffee-mach,dib_without_portability_gate,0,0,0,0,0
2019-04-03,UK,smartthings,dib_without_portability_gate,5,0,0,0,4
2019-04-03,UK,sousvide,dib_without_portability_gate,0,0,0,0,0
2019-04-03,UK,t-wemo-plug,dib_without_portability_gate,0,0,0,0,0
2019-04-03,UK,tp-link-plug,dib_without_portability_gate,0,0,0,0,0
2019-04-03,UK,tplink-bulb,dib_without_portability_gate,0,0,0,0,0
2019-04-03,UK,tplink-plug2,dib_without_portability_gate,0,0,0,0,0
2019-04-03,UK,wansview-cam-wired,dib_without_portability_gate,0,0,0,0,0
2019-04-03,UK,xiaomi-cam2,dib_without_portability_gate,0,0,0,0,0
2019-04-03,UK,xiaomi-cleaner,dib_without_portability_gate,0,0,0,0,0
2019-04-03,UK,xiaomi-hub,dib_without_portability_gate,0,0,0,0,0
2019-04-03,UK,xiaomi-plug,dib_without_portability_gate,0,0,0,0,0
2019-04-03,UK,yi-camera,dib_without_portability_gate,0,0,0,0,0
2019-04-04,US,amcrest-cam-wired,dib,0,0,0,0,0
2019-04-04,US,appletv,dib,0,0,0,0,0
2019-04-04,US,blink-camera,dib,0,0,0,0,0
2019-04-04,US,blink-security-hub,dib,0,0,0,0,0
2019-04-04,US,brewer,dib,0,0,0,0,0
2019-04-04,US,bulb1,dib,0,0,0,0,0
2019-04-04,US,cloudcam,dib,0,0,0,0,0
2019-04-04,US,dlink-mov,dib,0,0,0,0,0
2019-04-04,US,dryer,dib,0,0,0,0,0
2019-04-04,US,echodot,dib,0,0,0,0,0
2019-04-04,US,echoplus,dib,0,0,0,0,0
2019-04-04,US,echospot,dib,0,0,0,0,0
2019-04-04,US,firetv,dib,0,0,0,0,0
2019-04-04,US,fridge,dib,0,0,0,0,0
2019-04-04,US,google-home-mini,dib,0,0,0,0,0
2019-04-04,US,google-home-mini2,dib,0,0,0,0,0
2019-04-04,US,ikettle,dib,0,0,0,0,0
2019-04-04,US,insteon-hub,dib,0,0,0,0,0
2019-04-04,US,invoke,dib,0,0,0,0,0
2019-04-04,US,lefun-cam-wired,dib,0,0,0,0,0
2019-04-04,US,lgtv-wired,dib,0,0,0,0,0
2019-04-04,US,lightify-hub,dib,0,0,0,0,0
2019-04-04,US,luohe-spycam,dib,0,0,0,0,0
2019-04-04,US,magichome-strip,dib,0,0,0,0,0
2019-04-04,US,microseven-camera,dib,0,0,0,0,0
2019-04-04,US,microwave,dib,0,0,0,0,0
2019-04-04,US,nest-tstat,dib,0,0,0,0,0
2019-04-04,US,philips-hue,dib,6,1,0,0,4
2019-04-04,US,ring-doorbell,dib,0,0,0,0,0
2019-04-04,US,roku-tv,dib,0,0,0,0,0
2019-04-04,US,samsungtv-wired,dib,0,0,0,0,0
2019-04-04,US,sengled-hub,dib,0,0,0,0,0
2019-04-04,US,smartthings,dib,4,0,0,0,4
2019-04-04,US,sousvide,dib,0,0,0,0,0
2019-04-04,US,t-echodot,dib,0,0,0,0,0
2019-04-04,US,t-smartthings-hub,dib,0,0,0,0,0
2019-04-04,US,t-wemo-plug,dib,0,0,0,0,0
2019-04-04,US,tp-link-plug,dib,0,0,0,0,0
2019-04-04,US,tplink-bulb,dib,0,0,0,0,0
2019-04-04,US,wansview-cam-wired,dib,0,0,0,0,0
2019-04-04,US,washer,dib,0,0,0,0,0
2019-04-04,US,wink-hub2,dib,0,0,0,0,0
2019-04-04,US,xiaomi-cleaner,dib,0,0,0,0,0
2019-04-04,US,xiaomi-hub,dib,0,0,0,0,0
2019-04-04,US,xiaomi-ricecooker,dib,0,0,0,0,0
2019-04-04,US,xiaomi-strip,dib,0,0,0,0,0
2019-04-04,US,yi-camera,dib,0,0,0,0,0
2019-04-04,US,zmodo-doorbell,dib,0,0,0,0,0
2019-04-04,US,amcrest-cam-wired,pooled_union,3169,0,0,0,2
2019-04-04,US,appletv,pooled_union,0,0,0,0,0
2019-04-04,US,blink-camera,pooled_union,0,0,0,0,0
2019-04-04,US,blink-security-hub,pooled_union,0,0,0,0,0
2019-04-04,US,brewer,pooled_union,0,0,0,0,0
2019-04-04,US,bulb1,pooled_union,0,0,0,0,0
2019-04-04,US,cloudcam,pooled_union,0,0,0,0,0
2019-04-04,US,dlink-mov,pooled_union,0,0,0,0,0
2019-04-04,US,dryer,pooled_union,0,0,0,0,0
2019-04-04,US,echodot,pooled_union,0,0,0,0,0
2019-04-04,US,echoplus,pooled_union,0,0,0,0,0
2019-04-04,US,echospot,pooled_union,0,0,0,0,0
2019-04-04,US,firetv,pooled_union,0,0,0,0,0
2019-04-04,US,fridge,pooled_union,0,0,0,0,0
2019-04-04,US,google-home-mini,pooled_union,0,0,0,0,0
2019-04-04,US,google-home-mini2,pooled_union,0,0,0,0,0
2019-04-04,US,ikettle,pooled_union,0,0,0,0,0
2019-04-04,US,insteon-hub,pooled_union,5,0,0,0,4
2019-04-04,US,invoke,pooled_union,0,0,0,0,0
2019-04-04,US,lefun-cam-wired,pooled_union,5,0,0,0,0
2019-04-04,US,lgtv-wired,pooled_union,0,0,0,0,0
2019-04-04,US,lightify-hub,pooled_union,0,0,0,0,0
2019-04-04,US,luohe-spycam,pooled_union,0,0,0,0,0
2019-04-04,US,magichome-strip,pooled_union,0,0,0,0,0
2019-04-04,US,microseven-camera,pooled_union,1,0,0,0,0
2019-04-04,US,microwave,pooled_union,0,0,0,0,0
2019-04-04,US,nest-tstat,pooled_union,0,0,0,0,0
2019-04-04,US,philips-hue,pooled_union,24,0,0,0,14
2019-04-04,US,ring-doorbell,pooled_union,0,0,0,0,0
2019-04-04,US,roku-tv,pooled_union,0,0,0,0,0
2019-04-04,US,samsungtv-wired,pooled_union,0,0,0,0,0
2019-04-04,US,sengled-hub,pooled_union,4,2,0,0,2
2019-04-04,US,smartthings,pooled_union,14,0,0,0,5
2019-04-04,US,sousvide,pooled_union,0,0,0,0,0
2019-04-04,US,t-echodot,pooled_union,0,0,0,0,0
2019-04-04,US,t-smartthings-hub,pooled_union,0,0,0,0,0
2019-04-04,US,t-wemo-plug,pooled_union,0,0,0,0,0
2019-04-04,US,tp-link-plug,pooled_union,0,0,0,0,0
2019-04-04,US,tplink-bulb,pooled_union,0,0,0,0,0
2019-04-04,US,wansview-cam-wired,pooled_union,5,0,0,0,3
2019-04-04,US,washer,pooled_union,0,0,0,0,0
2019-04-04,US,wink-hub2,pooled_union,4,0,0,0,0
2019-04-04,US,xiaomi-cleaner,pooled_union,0,0,0,0,0
2019-04-04,US,xiaomi-hub,pooled_union,0,0,0,0,0
2019-04-04,US,xiaomi-ricecooker,pooled_union,0,0,0,0,0
2019-04-04,US,xiaomi-strip,pooled_union,0,0,0,0,0
2019-04-04,US,yi-camera,pooled_union,0,0,0,0,0
2019-04-04,US,zmodo-doorbell,pooled_union,0,0,0,0,0
2019-04-04,US,amcrest-cam-wired,quorum_only,0,0,0,0,0
2019-04-04,US,appletv,quorum_only,0,0,0,0,0
2019-04-04,US,blink-camera,quorum_only,0,0,0,0,0
2019-04-04,US,blink-security-hub,quorum_only,0,0,0,0,0
2019-04-04,US,brewer,quorum_only,0,0,0,0,0
2019-04-04,US,bulb1,quorum_only,0,0,0,0,0
2019-04-04,US,cloudcam,quorum_only,0,0,0,0,0
2019-04-04,US,dlink-mov,quorum_only,0,0,0,0,0
2019-04-04,US,dryer,quorum_only,0,0,0,0,0
2019-04-04,US,echodot,quorum_only,0,0,0,0,0
2019-04-04,US,echoplus,quorum_only,0,0,0,0,0
2019-04-04,US,echospot,quorum_only,0,0,0,0,0
2019-04-04,US,firetv,quorum_only,0,0,0,0,0
2019-04-04,US,fridge,quorum_only,0,0,0,0,0
2019-04-04,US,google-home-mini,quorum_only,0,0,0,0,0
2019-04-04,US,google-home-mini2,quorum_only,0,0,0,0,0
2019-04-04,US,ikettle,quorum_only,0,0,0,0,0
2019-04-04,US,insteon-hub,quorum_only,0,0,0,0,0
2019-04-04,US,invoke,quorum_only,0,0,0,0,0
2019-04-04,US,lefun-cam-wired,quorum_only,0,0,0,0,0
2019-04-04,US,lgtv-wired,quorum_only,0,0,0,0,0
2019-04-04,US,lightify-hub,quorum_only,0,0,0,0,0
2019-04-04,US,luohe-spycam,quorum_only,0,0,0,0,0
2019-04-04,US,magichome-strip,quorum_only,0,0,0,0,0
2019-04-04,US,microseven-camera,quorum_only,0,0,0,0,0
2019-04-04,US,microwave,quorum_only,0,0,0,0,0
2019-04-04,US,nest-tstat,quorum_only,0,0,0,0,0
2019-04-04,US,philips-hue,quorum_only,9,1,0,0,4
2019-04-04,US,ring-doorbell,quorum_only,0,0,0,0,0
2019-04-04,US,roku-tv,quorum_only,0,0,0,0,0
2019-04-04,US,samsungtv-wired,quorum_only,0,0,0,0,0
2019-04-04,US,sengled-hub,quorum_only,0,0,0,0,0
2019-04-04,US,smartthings,quorum_only,5,0,0,0,4
2019-04-04,US,sousvide,quorum_only,0,0,0,0,0
2019-04-04,US,t-echodot,quorum_only,0,0,0,0,0
2019-04-04,US,t-smartthings-hub,quorum_only,0,0,0,0,0
2019-04-04,US,t-wemo-plug,quorum_only,0,0,0,0,0
2019-04-04,US,tp-link-plug,quorum_only,0,0,0,0,0
2019-04-04,US,tplink-bulb,quorum_only,0,0,0,0,0
2019-04-04,US,wansview-cam-wired,quorum_only,0,0,0,0,0
2019-04-04,US,washer,quorum_only,0,0,0,0,0
2019-04-04,US,wink-hub2,quorum_only,0,0,0,0,0
2019-04-04,US,xiaomi-cleaner,quorum_only,0,0,0,0,0
2019-04-04,US,xiaomi-hub,quorum_only,0,0,0,0,0
2019-04-04,US,xiaomi-ricecooker,quorum_only,0,0,0,0,0
2019-04-04,US,xiaomi-strip,quorum_only,0,0,0,0,0
2019-04-04,US,yi-camera,quorum_only,0,0,0,0,0
2019-04-04,US,zmodo-doorbell,quorum_only,0,0,0,0,0
2019-04-04,US,amcrest-cam-wired,majority,3169,0,0,0,2
2019-04-04,US,appletv,majority,0,0,0,0,0
2019-04-04,US,blink-camera,majority,0,0,0,0,0
2019-04-04,US,blink-security-hub,majority,0,0,0,0,0
2019-04-04,US,brewer,majority,0,0,0,0,0
2019-04-04,US,bulb1,majority,0,0,0,0,0
2019-04-04,US,cloudcam,majority,0,0,0,0,0
2019-04-04,US,dlink-mov,majority,0,0,0,0,0
2019-04-04,US,dryer,majority,0,0,0,0,0
2019-04-04,US,echodot,majority,0,0,0,0,0
2019-04-04,US,echoplus,majority,0,0,0,0,0
2019-04-04,US,echospot,majority,0,0,0,0,0
2019-04-04,US,firetv,majority,0,0,0,0,0
2019-04-04,US,fridge,majority,0,0,0,0,0
2019-04-04,US,google-home-mini,majority,0,0,0,0,0
2019-04-04,US,google-home-mini2,majority,0,0,0,0,0
2019-04-04,US,ikettle,majority,0,0,0,0,0
2019-04-04,US,insteon-hub,majority,5,0,0,0,4
2019-04-04,US,invoke,majority,0,0,0,0,0
2019-04-04,US,lefun-cam-wired,majority,5,0,0,0,0
2019-04-04,US,lgtv-wired,majority,0,0,0,0,0
2019-04-04,US,lightify-hub,majority,0,0,0,0,0
2019-04-04,US,luohe-spycam,majority,0,0,0,0,0
2019-04-04,US,magichome-strip,majority,0,0,0,0,0
2019-04-04,US,microseven-camera,majority,1,0,0,0,0
2019-04-04,US,microwave,majority,0,0,0,0,0
2019-04-04,US,nest-tstat,majority,0,0,0,0,0
2019-04-04,US,philips-hue,majority,24,0,0,0,14
2019-04-04,US,ring-doorbell,majority,0,0,0,0,0
2019-04-04,US,roku-tv,majority,0,0,0,0,0
2019-04-04,US,samsungtv-wired,majority,0,0,0,0,0
2019-04-04,US,sengled-hub,majority,4,2,0,0,2
2019-04-04,US,smartthings,majority,14,0,0,0,5
2019-04-04,US,sousvide,majority,0,0,0,0,0
2019-04-04,US,t-echodot,majority,0,0,0,0,0
2019-04-04,US,t-smartthings-hub,majority,0,0,0,0,0
2019-04-04,US,t-wemo-plug,majority,0,0,0,0,0
2019-04-04,US,tp-link-plug,majority,0,0,0,0,0
2019-04-04,US,tplink-bulb,majority,0,0,0,0,0
2019-04-04,US,wansview-cam-wired,majority,5,0,0,0,3
2019-04-04,US,washer,majority,0,0,0,0,0
2019-04-04,US,wink-hub2,majority,4,0,0,0,0
2019-04-04,US,xiaomi-cleaner,majority,0,0,0,0,0
2019-04-04,US,xiaomi-hub,majority,0,0,0,0,0
2019-04-04,US,xiaomi-ricecooker,majority,0,0,0,0,0
2019-04-04,US,xiaomi-strip,majority,0,0,0,0,0
2019-04-04,US,yi-camera,majority,0,0,0,0,0
2019-04-04,US,zmodo-doorbell,majority,0,0,0,0,0
2019-04-04,US,amcrest-cam-wired,dib_without_portability_gate,0,0,0,0,0
2019-04-04,US,appletv,dib_without_portability_gate,0,0,0,0,0
2019-04-04,US,blink-camera,dib_without_portability_gate,0,0,0,0,0
2019-04-04,US,blink-security-hub,dib_without_portability_gate,0,0,0,0,0
2019-04-04,US,brewer,dib_without_portability_gate,0,0,0,0,0
2019-04-04,US,bulb1,dib_without_portability_gate,0,0,0,0,0
2019-04-04,US,cloudcam,dib_without_portability_gate,0,0,0,0,0
2019-04-04,US,dlink-mov,dib_without_portability_gate,0,0,0,0,0
2019-04-04,US,dryer,dib_without_portability_gate,0,0,0,0,0
2019-04-04,US,echodot,dib_without_portability_gate,0,0,0,0,0
2019-04-04,US,echoplus,dib_without_portability_gate,0,0,0,0,0
2019-04-04,US,echospot,dib_without_portability_gate,0,0,0,0,0
2019-04-04,US,firetv,dib_without_portability_gate,0,0,0,0,0
2019-04-04,US,fridge,dib_without_portability_gate,0,0,0,0,0
2019-04-04,US,google-home-mini,dib_without_portability_gate,0,0,0,0,0
2019-04-04,US,google-home-mini2,dib_without_portability_gate,0,0,0,0,0
2019-04-04,US,ikettle,dib_without_portability_gate,0,0,0,0,0
2019-04-04,US,insteon-hub,dib_without_portability_gate,0,0,0,0,0
2019-04-04,US,invoke,dib_without_portability_gate,0,0,0,0,0
2019-04-04,US,lefun-cam-wired,dib_without_portability_gate,0,0,0,0,0
2019-04-04,US,lgtv-wired,dib_without_portability_gate,0,0,0,0,0
2019-04-04,US,lightify-hub,dib_without_portability_gate,0,0,0,0,0
2019-04-04,US,luohe-spycam,dib_without_portability_gate,0,0,0,0,0
2019-04-04,US,magichome-strip,dib_without_portability_gate,0,0,0,0,0
2019-04-04,US,microseven-camera,dib_without_portability_gate,0,0,0,0,0
2019-04-04,US,microwave,dib_without_portability_gate,0,0,0,0,0
2019-04-04,US,nest-tstat,dib_without_portability_gate,0,0,0,0,0
2019-04-04,US,philips-hue,dib_without_portability_gate,9,1,0,0,4
2019-04-04,US,ring-doorbell,dib_without_portability_gate,0,0,0,0,0
2019-04-04,US,roku-tv,dib_without_portability_gate,0,0,0,0,0
2019-04-04,US,samsungtv-wired,dib_without_portability_gate,0,0,0,0,0
2019-04-04,US,sengled-hub,dib_without_portability_gate,0,0,0,0,0
2019-04-04,US,smartthings,dib_without_portability_gate,5,0,0,0,4
2019-04-04,US,sousvide,dib_without_portability_gate,0,0,0,0,0
2019-04-04,US,t-echodot,dib_without_portability_gate,0,0,0,0,0
2019-04-04,US,t-smartthings-hub,dib_without_portability_gate,0,0,0,0,0
2019-04-04,US,t-wemo-plug,dib_without_portability_gate,0,0,0,0,0
2019-04-04,US,tp-link-plug,dib_without_portability_gate,0,0,0,0,0
2019-04-04,US,tplink-bulb,dib_without_portability_gate,0,0,0,0,0
2019-04-04,US,wansview-cam-wired,dib_without_portability_gate,0,0,0,0,0
2019-04-04,US,washer,dib_without_portability_gate,0,0,0,0,0
2019-04-04,US,wink-hub2,dib_without_portability_gate,0,0,0,0,0
2019-04-04,US,xiaomi-cleaner,dib_without_portability_gate,0,0,0,0,0
2019-04-04,US,xiaomi-hub,dib_without_portability_gate,0,0,0,0,0
2019-04-04,US,xiaomi-ricecooker,dib_without_portability_gate,0,0,0,0,0
2019-04-04,US,xiaomi-strip,dib_without_portability_gate,0,0,0,0,0
2019-04-04,US,yi-camera,dib_without_portability_gate,0,0,0,0,0
2019-04-04,US,zmodo-doorbell,dib_without_portability_gate,0,0,0,0,0
2019-04-04,UK,allure-speaker,dib,0,0,0,0,0
2019-04-04,UK,appletv,dib,0,0,0,0,0
2019-04-04,UK,blink-camera,dib,0,0,0,0,0
2019-04-04,UK,blink-security-hub,dib,0,0,0,0,0
2019-04-04,UK,bosiwo-camera-wifi,dib,0,0,0,0,0
2019-04-04,UK,bosiwo-camera-wired,dib,0,0,0,0,0
2019-04-04,UK,charger-camera,dib,0,0,0,0,0
2019-04-04,UK,echodot,dib,0,0,0,0,0
2019-04-04,UK,echoplus,dib,0,0,0,0,0
2019-04-04,UK,echospot,dib,0,0,0,0,0
2019-04-04,UK,firetv,dib,0,0,0,0,0
2019-04-04,UK,google-home,dib,0,0,0,0,0
2019-04-04,UK,google-home-mini,dib,0,0,0,0,0
2019-04-04,UK,honeywell-thermostat,dib,0,0,0,0,0
2019-04-04,UK,insteon-hub,dib,0,0,0,0,0
2019-04-04,UK,lightify-hub,dib,0,0,0,0,0
2019-04-04,UK,magichome-strip,dib,0,0,0,0,0
2019-04-04,UK,nest-tstat,dib,0,0,0,0,0
2019-04-04,UK,netatmo-weather,dib,0,0,0,0,0
2019-04-04,UK,philips-hue,dib,6,1,0,0,4
2019-04-04,UK,ring-doorbell,dib,0,0,0,0,0
2019-04-04,UK,roku-tv,dib,0,0,0,0,0
2019-04-04,UK,samsungtv-wired,dib,0,0,0,0,0
2019-04-04,UK,sengled-hub,dib,0,0,0,0,0
2019-04-04,UK,smarter-coffee-mach,dib,0,0,0,0,0
2019-04-04,UK,smartthings,dib,4,0,0,0,4
2019-04-04,UK,sousvide,dib,0,0,0,0,0
2019-04-04,UK,t-wemo-plug,dib,0,0,0,0,0
2019-04-04,UK,tp-link-plug,dib,0,0,0,0,0
2019-04-04,UK,tplink-bulb,dib,0,0,0,0,0
2019-04-04,UK,tplink-plug2,dib,0,0,0,0,0
2019-04-04,UK,wansview-cam-wired,dib,0,0,0,0,0
2019-04-04,UK,xiaomi-cam2,dib,0,0,0,0,0
2019-04-04,UK,xiaomi-cleaner,dib,0,0,0,0,0
2019-04-04,UK,xiaomi-hub,dib,0,0,0,0,0
2019-04-04,UK,xiaomi-plug,dib,0,0,0,0,0
2019-04-04,UK,yi-camera,dib,0,0,0,0,0
2019-04-04,UK,allure-speaker,pooled_union,0,0,0,0,0
2019-04-04,UK,appletv,pooled_union,0,0,0,0,0
2019-04-04,UK,blink-camera,pooled_union,0,0,0,0,0
2019-04-04,UK,blink-security-hub,pooled_union,0,0,0,0,0
2019-04-04,UK,bosiwo-camera-wifi,pooled_union,0,0,0,0,0
2019-04-04,UK,bosiwo-camera-wired,pooled_union,20,1,0,0,0
2019-04-04,UK,charger-camera,pooled_union,0,0,0,0,0
2019-04-04,UK,echodot,pooled_union,0,0,0,0,0
2019-04-04,UK,echoplus,pooled_union,0,0,0,0,0
2019-04-04,UK,echospot,pooled_union,0,0,0,0,0
2019-04-04,UK,firetv,pooled_union,0,0,0,0,0
2019-04-04,UK,google-home,pooled_union,0,0,0,0,0
2019-04-04,UK,google-home-mini,pooled_union,0,0,0,0,0
2019-04-04,UK,honeywell-thermostat,pooled_union,0,0,0,0,0
2019-04-04,UK,insteon-hub,pooled_union,5,0,0,0,4
2019-04-04,UK,lightify-hub,pooled_union,0,0,0,0,0
2019-04-04,UK,magichome-strip,pooled_union,0,0,0,0,0
2019-04-04,UK,nest-tstat,pooled_union,0,0,0,0,0
2019-04-04,UK,netatmo-weather,pooled_union,0,0,0,0,0
2019-04-04,UK,philips-hue,pooled_union,24,0,0,0,14
2019-04-04,UK,ring-doorbell,pooled_union,0,0,0,0,0
2019-04-04,UK,roku-tv,pooled_union,0,0,0,0,0
2019-04-04,UK,samsungtv-wired,pooled_union,0,0,0,0,0
2019-04-04,UK,sengled-hub,pooled_union,4,2,0,0,2
2019-04-04,UK,smarter-coffee-mach,pooled_union,0,0,0,0,0
2019-04-04,UK,smartthings,pooled_union,14,0,0,0,5
2019-04-04,UK,sousvide,pooled_union,0,0,0,0,0
2019-04-04,UK,t-wemo-plug,pooled_union,0,0,0,0,0
2019-04-04,UK,tp-link-plug,pooled_union,0,0,0,0,0
2019-04-04,UK,tplink-bulb,pooled_union,0,0,0,0,0
2019-04-04,UK,tplink-plug2,pooled_union,0,0,0,0,0
2019-04-04,UK,wansview-cam-wired,pooled_union,5,0,0,0,3
2019-04-04,UK,xiaomi-cam2,pooled_union,0,0,0,0,0
2019-04-04,UK,xiaomi-cleaner,pooled_union,0,0,0,0,0
2019-04-04,UK,xiaomi-hub,pooled_union,0,0,0,0,0
2019-04-04,UK,xiaomi-plug,pooled_union,0,0,0,0,0
2019-04-04,UK,yi-camera,pooled_union,0,0,0,0,0
2019-04-04,UK,allure-speaker,quorum_only,0,0,0,0,0
2019-04-04,UK,appletv,quorum_only,0,0,0,0,0
2019-04-04,UK,blink-camera,quorum_only,0,0,0,0,0
2019-04-04,UK,blink-security-hub,quorum_only,0,0,0,0,0
2019-04-04,UK,bosiwo-camera-wifi,quorum_only,0,0,0,0,0
2019-04-04,UK,bosiwo-camera-wired,quorum_only,0,0,0,0,0
2019-04-04,UK,charger-camera,quorum_only,0,0,0,0,0
2019-04-04,UK,echodot,quorum_only,0,0,0,0,0
2019-04-04,UK,echoplus,quorum_only,0,0,0,0,0
2019-04-04,UK,echospot,quorum_only,0,0,0,0,0
2019-04-04,UK,firetv,quorum_only,0,0,0,0,0
2019-04-04,UK,google-home,quorum_only,0,0,0,0,0
2019-04-04,UK,google-home-mini,quorum_only,0,0,0,0,0
2019-04-04,UK,honeywell-thermostat,quorum_only,0,0,0,0,0
2019-04-04,UK,insteon-hub,quorum_only,0,0,0,0,0
2019-04-04,UK,lightify-hub,quorum_only,0,0,0,0,0
2019-04-04,UK,magichome-strip,quorum_only,0,0,0,0,0
2019-04-04,UK,nest-tstat,quorum_only,0,0,0,0,0
2019-04-04,UK,netatmo-weather,quorum_only,0,0,0,0,0
2019-04-04,UK,philips-hue,quorum_only,9,1,0,0,4
2019-04-04,UK,ring-doorbell,quorum_only,0,0,0,0,0
2019-04-04,UK,roku-tv,quorum_only,0,0,0,0,0
2019-04-04,UK,samsungtv-wired,quorum_only,0,0,0,0,0
2019-04-04,UK,sengled-hub,quorum_only,0,0,0,0,0
2019-04-04,UK,smarter-coffee-mach,quorum_only,0,0,0,0,0
2019-04-04,UK,smartthings,quorum_only,5,0,0,0,4
2019-04-04,UK,sousvide,quorum_only,0,0,0,0,0
2019-04-04,UK,t-wemo-plug,quorum_only,0,0,0,0,0
2019-04-04,UK,tp-link-plug,quorum_only,0,0,0,0,0
2019-04-04,UK,tplink-bulb,quorum_only,0,0,0,0,0
2019-04-04,UK,tplink-plug2,quorum_only,0,0,0,0,0
2019-04-04,UK,wansview-cam-wired,quorum_only,0,0,0,0,0
2019-04-04,UK,xiaomi-cam2,quorum_only,0,0,0,0,0
2019-04-04,UK,xiaomi-cleaner,quorum_only,0,0,0,0,0
2019-04-04,UK,xiaomi-hub,quorum_only,0,0,0,0,0
2019-04-04,UK,xiaomi-plug,quorum_only,0,0,0,0,0
2019-04-04,UK,yi-camera,quorum_only,0,0,0,0,0
2019-04-04,UK,allure-speaker,majority,0,0,0,0,0
2019-04-04,UK,appletv,majority,0,0,0,0,0
2019-04-04,UK,blink-camera,majority,0,0,0,0,0
2019-04-04,UK,blink-security-hub,majority,0,0,0,0,0
2019-04-04,UK,bosiwo-camera-wifi,majority,0,0,0,0,0
2019-04-04,UK,bosiwo-camera-wired,majority,20,1,0,0,0
2019-04-04,UK,charger-camera,majority,0,0,0,0,0
2019-04-04,UK,echodot,majority,0,0,0,0,0
2019-04-04,UK,echoplus,majority,0,0,0,0,0
2019-04-04,UK,echospot,majority,0,0,0,0,0
2019-04-04,UK,firetv,majority,0,0,0,0,0
2019-04-04,UK,google-home,majority,0,0,0,0,0
2019-04-04,UK,google-home-mini,majority,0,0,0,0,0
2019-04-04,UK,honeywell-thermostat,majority,0,0,0,0,0
2019-04-04,UK,insteon-hub,majority,5,0,0,0,4
2019-04-04,UK,lightify-hub,majority,0,0,0,0,0
2019-04-04,UK,magichome-strip,majority,0,0,0,0,0
2019-04-04,UK,nest-tstat,majority,0,0,0,0,0
2019-04-04,UK,netatmo-weather,majority,0,0,0,0,0
2019-04-04,UK,philips-hue,majority,24,0,0,0,14
2019-04-04,UK,ring-doorbell,majority,0,0,0,0,0
2019-04-04,UK,roku-tv,majority,0,0,0,0,0
2019-04-04,UK,samsungtv-wired,majority,0,0,0,0,0
2019-04-04,UK,sengled-hub,majority,4,2,0,0,2
2019-04-04,UK,smarter-coffee-mach,majority,0,0,0,0,0
2019-04-04,UK,smartthings,majority,14,0,0,0,5
2019-04-04,UK,sousvide,majority,0,0,0,0,0
2019-04-04,UK,t-wemo-plug,majority,0,0,0,0,0
2019-04-04,UK,tp-link-plug,majority,0,0,0,0,0
2019-04-04,UK,tplink-bulb,majority,0,0,0,0,0
2019-04-04,UK,tplink-plug2,majority,0,0,0,0,0
2019-04-04,UK,wansview-cam-wired,majority,5,0,0,0,3
2019-04-04,UK,xiaomi-cam2,majority,0,0,0,0,0
2019-04-04,UK,xiaomi-cleaner,majority,0,0,0,0,0
2019-04-04,UK,xiaomi-hub,majority,0,0,0,0,0
2019-04-04,UK,xiaomi-plug,majority,0,0,0,0,0
2019-04-04,UK,yi-camera,majority,0,0,0,0,0
2019-04-04,UK,allure-speaker,dib_without_portability_gate,0,0,0,0,0
2019-04-04,UK,appletv,dib_without_portability_gate,0,0,0,0,0
2019-04-04,UK,blink-camera,dib_without_portability_gate,0,0,0,0,0
2019-04-04,UK,blink-security-hub,dib_without_portability_gate,0,0,0,0,0
2019-04-04,UK,bosiwo-camera-wifi,dib_without_portability_gate,0,0,0,0,0
2019-04-04,UK,bosiwo-camera-wired,dib_without_portability_gate,0,0,0,0,0
2019-04-04,UK,charger-camera,dib_without_portability_gate,0,0,0,0,0
2019-04-04,UK,echodot,dib_without_portability_gate,0,0,0,0,0
2019-04-04,UK,echoplus,dib_without_portability_gate,0,0,0,0,0
2019-04-04,UK,echospot,dib_without_portability_gate,0,0,0,0,0
2019-04-04,UK,firetv,dib_without_portability_gate,0,0,0,0,0
2019-04-04,UK,google-home,dib_without_portability_gate,0,0,0,0,0
2019-04-04,UK,google-home-mini,dib_without_portability_gate,0,0,0,0,0
2019-04-04,UK,honeywell-thermostat,dib_without_portability_gate,0,0,0,0,0
2019-04-04,UK,insteon-hub,dib_without_portability_gate,0,0,0,0,0
2019-04-04,UK,lightify-hub,dib_without_portability_gate,0,0,0,0,0
2019-04-04,UK,magichome-strip,dib_without_portability_gate,0,0,0,0,0
2019-04-04,UK,nest-tstat,dib_without_portability_gate,0,0,0,0,0
2019-04-04,UK,netatmo-weather,dib_without_portability_gate,0,0,0,0,0
2019-04-04,UK,philips-hue,dib_without_portability_gate,9,1,0,0,4
2019-04-04,UK,ring-doorbell,dib_without_portability_gate,0,0,0,0,0
2019-04-04,UK,roku-tv,dib_without_portability_gate,0,0,0,0,0
2019-04-04,UK,samsungtv-wired,dib_without_portability_gate,0,0,0,0,0
2019-04-04,UK,sengled-hub,dib_without_portability_gate,0,0,0,0,0
2019-04-04,UK,smarter-coffee-mach,dib_without_portability_gate,0,0,0,0,0
2019-04-04,UK,smartthings,dib_without_portability_gate,5,0,0,0,4
2019-04-04,UK,sousvide,dib_without_portability_gate,0,0,0,0,0
2019-04-04,UK,t-wemo-plug,dib_without_portability_gate,0,0,0,0,0
2019-04-04,UK,tp-link-plug,dib_without_portability_gate,0,0,0,0,0
2019-04-04,UK,tplink-bulb,dib_without_portability_gate,0,0,0,0,0
2019-04-04,UK,tplink-plug2,dib_without_portability_gate,0,0,0,0,0
2019-04-04,UK,wansview-cam-wired,dib_without_portability_gate,0,0,0,0,0
2019-04-04,UK,xiaomi-cam2,dib_without_portability_gate,0,0,0,0,0
2019-04-04,UK,xiaomi-cleaner,dib_without_portability_gate,0,0,0,0,0
2019-04-04,UK,xiaomi-hub,dib_without_portability_gate,0,0,0,0,0
2019-04-04,UK,xiaomi-plug,dib_without_portability_gate,0,0,0,0,0
2019-04-04,UK,yi-camera,dib_without_portability_gate,0,0,0,0,0
2019-04-06,US,amcrest-cam-wired,dib,0,0,0,0,0
2019-04-06,US,appletv,dib,0,0,0,0,0
2019-04-06,US,blink-camera,dib,0,0,0,0,0
2019-04-06,US,blink-security-hub,dib,0,0,0,0,0
2019-04-06,US,brewer,dib,0,0,0,0,0
2019-04-06,US,bulb1,dib,0,0,0,0,0
2019-04-06,US,cloudcam,dib,0,0,0,0,0
2019-04-06,US,dlink-mov,dib,0,0,0,0,0
2019-04-06,US,dryer,dib,0,0,0,0,0
2019-04-06,US,echodot,dib,0,0,0,0,0
2019-04-06,US,echoplus,dib,0,0,0,0,0
2019-04-06,US,echospot,dib,0,0,0,0,0
2019-04-06,US,firetv,dib,0,0,0,0,0
2019-04-06,US,fridge,dib,0,0,0,0,0
2019-04-06,US,google-home-mini,dib,0,0,0,0,0
2019-04-06,US,google-home-mini2,dib,0,0,0,0,0
2019-04-06,US,ikettle,dib,0,0,0,0,0
2019-04-06,US,insteon-hub,dib,0,0,0,0,0
2019-04-06,US,invoke,dib,0,0,0,0,0
2019-04-06,US,lefun-cam-wired,dib,0,0,0,0,0
2019-04-06,US,lgtv-wired,dib,0,0,0,0,0
2019-04-06,US,lightify-hub,dib,0,0,0,0,0
2019-04-06,US,luohe-spycam,dib,0,0,0,0,0
2019-04-06,US,magichome-strip,dib,0,0,0,0,0
2019-04-06,US,microseven-camera,dib,0,0,0,0,0
2019-04-06,US,microwave,dib,0,0,0,0,0
2019-04-06,US,nest-tstat,dib,0,0,0,0,0
2019-04-06,US,philips-hue,dib,6,0,0,0,4
2019-04-06,US,ring-doorbell,dib,0,0,0,0,0
2019-04-06,US,roku-tv,dib,0,0,0,0,0
2019-04-06,US,samsungtv-wired,dib,0,0,0,0,0
2019-04-06,US,sengled-hub,dib,0,0,0,0,0
2019-04-06,US,smartthings,dib,4,0,0,0,4
2019-04-06,US,sousvide,dib,0,0,0,0,0
2019-04-06,US,t-echodot,dib,0,0,0,0,0
2019-04-06,US,t-smartthings-hub,dib,0,0,0,0,0
2019-04-06,US,t-wemo-plug,dib,0,0,0,0,0
2019-04-06,US,tp-link-plug,dib,0,0,0,0,0
2019-04-06,US,tplink-bulb,dib,0,0,0,0,0
2019-04-06,US,wansview-cam-wired,dib,0,0,0,0,0
2019-04-06,US,washer,dib,0,0,0,0,0
2019-04-06,US,wink-hub2,dib,0,0,0,0,0
2019-04-06,US,xiaomi-cleaner,dib,0,0,0,0,0
2019-04-06,US,xiaomi-hub,dib,0,0,0,0,0
2019-04-06,US,xiaomi-ricecooker,dib,0,0,0,0,0
2019-04-06,US,xiaomi-strip,dib,0,0,0,0,0
2019-04-06,US,yi-camera,dib,0,0,0,0,0
2019-04-06,US,zmodo-doorbell,dib,0,0,0,0,0
2019-04-06,US,amcrest-cam-wired,pooled_union,3169,0,0,0,2
2019-04-06,US,appletv,pooled_union,0,0,0,0,0
2019-04-06,US,blink-camera,pooled_union,0,0,0,0,0
2019-04-06,US,blink-security-hub,pooled_union,0,0,0,0,0
2019-04-06,US,brewer,pooled_union,0,0,0,0,0
2019-04-06,US,bulb1,pooled_union,0,0,0,0,0
2019-04-06,US,cloudcam,pooled_union,0,0,0,0,0
2019-04-06,US,dlink-mov,pooled_union,0,0,0,0,0
2019-04-06,US,dryer,pooled_union,0,0,0,0,0
2019-04-06,US,echodot,pooled_union,0,0,0,0,0
2019-04-06,US,echoplus,pooled_union,0,0,0,0,0
2019-04-06,US,echospot,pooled_union,0,0,0,0,0
2019-04-06,US,firetv,pooled_union,0,0,0,0,0
2019-04-06,US,fridge,pooled_union,0,0,0,0,0
2019-04-06,US,google-home-mini,pooled_union,0,0,0,0,0
2019-04-06,US,google-home-mini2,pooled_union,0,0,0,0,0
2019-04-06,US,ikettle,pooled_union,0,0,0,0,0
2019-04-06,US,insteon-hub,pooled_union,6,1,0,0,4
2019-04-06,US,invoke,pooled_union,0,0,0,0,0
2019-04-06,US,lefun-cam-wired,pooled_union,5,0,0,0,0
2019-04-06,US,lgtv-wired,pooled_union,0,0,0,0,0
2019-04-06,US,lightify-hub,pooled_union,0,0,0,0,0
2019-04-06,US,luohe-spycam,pooled_union,0,0,0,0,0
2019-04-06,US,magichome-strip,pooled_union,0,0,0,0,0
2019-04-06,US,microseven-camera,pooled_union,1,0,0,0,0
2019-04-06,US,microwave,pooled_union,0,0,0,0,0
2019-04-06,US,nest-tstat,pooled_union,0,0,0,0,0
2019-04-06,US,philips-hue,pooled_union,25,1,0,0,14
2019-04-06,US,ring-doorbell,pooled_union,0,0,0,0,0
2019-04-06,US,roku-tv,pooled_union,0,0,0,0,0
2019-04-06,US,samsungtv-wired,pooled_union,0,0,0,0,0
2019-04-06,US,sengled-hub,pooled_union,4,0,0,0,2
2019-04-06,US,smartthings,pooled_union,15,1,0,0,5
2019-04-06,US,sousvide,pooled_union,0,0,0,0,0
2019-04-06,US,t-echodot,pooled_union,0,0,0,0,0
2019-04-06,US,t-smartthings-hub,pooled_union,0,0,0,0,0
2019-04-06,US,t-wemo-plug,pooled_union,0,0,0,0,0
2019-04-06,US,tp-link-plug,pooled_union,0,0,0,0,0
2019-04-06,US,tplink-bulb,pooled_union,0,0,0,0,0
2019-04-06,US,wansview-cam-wired,pooled_union,5,0,0,0,3
2019-04-06,US,washer,pooled_union,0,0,0,0,0
2019-04-06,US,wink-hub2,pooled_union,5,1,0,0,0
2019-04-06,US,xiaomi-cleaner,pooled_union,0,0,0,0,0
2019-04-06,US,xiaomi-hub,pooled_union,0,0,0,0,0
2019-04-06,US,xiaomi-ricecooker,pooled_union,0,0,0,0,0
2019-04-06,US,xiaomi-strip,pooled_union,0,0,0,0,0
2019-04-06,US,yi-camera,pooled_union,0,0,0,0,0
2019-04-06,US,zmodo-doorbell,pooled_union,0,0,0,0,0
2019-04-06,US,amcrest-cam-wired,quorum_only,0,0,0,0,0
2019-04-06,US,appletv,quorum_only,0,0,0,0,0
2019-04-06,US,blink-camera,quorum_only,0,0,0,0,0
2019-04-06,US,blink-security-hub,quorum_only,0,0,0,0,0
2019-04-06,US,brewer,quorum_only,0,0,0,0,0
2019-04-06,US,bulb1,quorum_only,0,0,0,0,0
2019-04-06,US,cloudcam,quorum_only,0,0,0,0,0
2019-04-06,US,dlink-mov,quorum_only,0,0,0,0,0
2019-04-06,US,dryer,quorum_only,0,0,0,0,0
2019-04-06,US,echodot,quorum_only,0,0,0,0,0
2019-04-06,US,echoplus,quorum_only,0,0,0,0,0
2019-04-06,US,echospot,quorum_only,0,0,0,0,0
2019-04-06,US,firetv,quorum_only,0,0,0,0,0
2019-04-06,US,fridge,quorum_only,0,0,0,0,0
2019-04-06,US,google-home-mini,quorum_only,0,0,0,0,0
2019-04-06,US,google-home-mini2,quorum_only,0,0,0,0,0
2019-04-06,US,ikettle,quorum_only,0,0,0,0,0
2019-04-06,US,insteon-hub,quorum_only,0,0,0,0,0
2019-04-06,US,invoke,quorum_only,0,0,0,0,0
2019-04-06,US,lefun-cam-wired,quorum_only,0,0,0,0,0
2019-04-06,US,lgtv-wired,quorum_only,0,0,0,0,0
2019-04-06,US,lightify-hub,quorum_only,0,0,0,0,0
2019-04-06,US,luohe-spycam,quorum_only,0,0,0,0,0
2019-04-06,US,magichome-strip,quorum_only,0,0,0,0,0
2019-04-06,US,microseven-camera,quorum_only,0,0,0,0,0
2019-04-06,US,microwave,quorum_only,0,0,0,0,0
2019-04-06,US,nest-tstat,quorum_only,0,0,0,0,0
2019-04-06,US,philips-hue,quorum_only,9,0,0,0,4
2019-04-06,US,ring-doorbell,quorum_only,0,0,0,0,0
2019-04-06,US,roku-tv,quorum_only,0,0,0,0,0
2019-04-06,US,samsungtv-wired,quorum_only,0,0,0,0,0
2019-04-06,US,sengled-hub,quorum_only,0,0,0,0,0
2019-04-06,US,smartthings,quorum_only,5,0,0,0,4
2019-04-06,US,sousvide,quorum_only,0,0,0,0,0
2019-04-06,US,t-echodot,quorum_only,0,0,0,0,0
2019-04-06,US,t-smartthings-hub,quorum_only,0,0,0,0,0
2019-04-06,US,t-wemo-plug,quorum_only,0,0,0,0,0
2019-04-06,US,tp-link-plug,quorum_only,0,0,0,0,0
2019-04-06,US,tplink-bulb,quorum_only,0,0,0,0,0
2019-04-06,US,wansview-cam-wired,quorum_only,0,0,0,0,0
2019-04-06,US,washer,quorum_only,0,0,0,0,0
2019-04-06,US,wink-hub2,quorum_only,0,0,0,0,0
2019-04-06,US,xiaomi-cleaner,quorum_only,0,0,0,0,0
2019-04-06,US,xiaomi-hub,quorum_only,0,0,0,0,0
2019-04-06,US,xiaomi-ricecooker,quorum_only,0,0,0,0,0
2019-04-06,US,xiaomi-strip,quorum_only,0,0,0,0,0
2019-04-06,US,yi-camera,quorum_only,0,0,0,0,0
2019-04-06,US,zmodo-doorbell,quorum_only,0,0,0,0,0
2019-04-06,US,amcrest-cam-wired,majority,3169,0,0,0,2
2019-04-06,US,appletv,majority,0,0,0,0,0
2019-04-06,US,blink-camera,majority,0,0,0,0,0
2019-04-06,US,blink-security-hub,majority,0,0,0,0,0
2019-04-06,US,brewer,majority,0,0,0,0,0
2019-04-06,US,bulb1,majority,0,0,0,0,0
2019-04-06,US,cloudcam,majority,0,0,0,0,0
2019-04-06,US,dlink-mov,majority,0,0,0,0,0
2019-04-06,US,dryer,majority,0,0,0,0,0
2019-04-06,US,echodot,majority,0,0,0,0,0
2019-04-06,US,echoplus,majority,0,0,0,0,0
2019-04-06,US,echospot,majority,0,0,0,0,0
2019-04-06,US,firetv,majority,0,0,0,0,0
2019-04-06,US,fridge,majority,0,0,0,0,0
2019-04-06,US,google-home-mini,majority,0,0,0,0,0
2019-04-06,US,google-home-mini2,majority,0,0,0,0,0
2019-04-06,US,ikettle,majority,0,0,0,0,0
2019-04-06,US,insteon-hub,majority,6,1,0,0,4
2019-04-06,US,invoke,majority,0,0,0,0,0
2019-04-06,US,lefun-cam-wired,majority,5,0,0,0,0
2019-04-06,US,lgtv-wired,majority,0,0,0,0,0
2019-04-06,US,lightify-hub,majority,0,0,0,0,0
2019-04-06,US,luohe-spycam,majority,0,0,0,0,0
2019-04-06,US,magichome-strip,majority,0,0,0,0,0
2019-04-06,US,microseven-camera,majority,1,0,0,0,0
2019-04-06,US,microwave,majority,0,0,0,0,0
2019-04-06,US,nest-tstat,majority,0,0,0,0,0
2019-04-06,US,philips-hue,majority,25,1,0,0,14
2019-04-06,US,ring-doorbell,majority,0,0,0,0,0
2019-04-06,US,roku-tv,majority,0,0,0,0,0
2019-04-06,US,samsungtv-wired,majority,0,0,0,0,0
2019-04-06,US,sengled-hub,majority,4,0,0,0,2
2019-04-06,US,smartthings,majority,15,1,0,0,5
2019-04-06,US,sousvide,majority,0,0,0,0,0
2019-04-06,US,t-echodot,majority,0,0,0,0,0
2019-04-06,US,t-smartthings-hub,majority,0,0,0,0,0
2019-04-06,US,t-wemo-plug,majority,0,0,0,0,0
2019-04-06,US,tp-link-plug,majority,0,0,0,0,0
2019-04-06,US,tplink-bulb,majority,0,0,0,0,0
2019-04-06,US,wansview-cam-wired,majority,5,0,0,0,3
2019-04-06,US,washer,majority,0,0,0,0,0
2019-04-06,US,wink-hub2,majority,5,1,0,0,0
2019-04-06,US,xiaomi-cleaner,majority,0,0,0,0,0
2019-04-06,US,xiaomi-hub,majority,0,0,0,0,0
2019-04-06,US,xiaomi-ricecooker,majority,0,0,0,0,0
2019-04-06,US,xiaomi-strip,majority,0,0,0,0,0
2019-04-06,US,yi-camera,majority,0,0,0,0,0
2019-04-06,US,zmodo-doorbell,majority,0,0,0,0,0
2019-04-06,US,amcrest-cam-wired,dib_without_portability_gate,0,0,0,0,0
2019-04-06,US,appletv,dib_without_portability_gate,0,0,0,0,0
2019-04-06,US,blink-camera,dib_without_portability_gate,0,0,0,0,0
2019-04-06,US,blink-security-hub,dib_without_portability_gate,0,0,0,0,0
2019-04-06,US,brewer,dib_without_portability_gate,0,0,0,0,0
2019-04-06,US,bulb1,dib_without_portability_gate,0,0,0,0,0
2019-04-06,US,cloudcam,dib_without_portability_gate,0,0,0,0,0
2019-04-06,US,dlink-mov,dib_without_portability_gate,0,0,0,0,0
2019-04-06,US,dryer,dib_without_portability_gate,0,0,0,0,0
2019-04-06,US,echodot,dib_without_portability_gate,0,0,0,0,0
2019-04-06,US,echoplus,dib_without_portability_gate,0,0,0,0,0
2019-04-06,US,echospot,dib_without_portability_gate,0,0,0,0,0
2019-04-06,US,firetv,dib_without_portability_gate,0,0,0,0,0
2019-04-06,US,fridge,dib_without_portability_gate,0,0,0,0,0
2019-04-06,US,google-home-mini,dib_without_portability_gate,0,0,0,0,0
2019-04-06,US,google-home-mini2,dib_without_portability_gate,0,0,0,0,0
2019-04-06,US,ikettle,dib_without_portability_gate,0,0,0,0,0
2019-04-06,US,insteon-hub,dib_without_portability_gate,0,0,0,0,0
2019-04-06,US,invoke,dib_without_portability_gate,0,0,0,0,0
2019-04-06,US,lefun-cam-wired,dib_without_portability_gate,0,0,0,0,0
2019-04-06,US,lgtv-wired,dib_without_portability_gate,0,0,0,0,0
2019-04-06,US,lightify-hub,dib_without_portability_gate,0,0,0,0,0
2019-04-06,US,luohe-spycam,dib_without_portability_gate,0,0,0,0,0
2019-04-06,US,magichome-strip,dib_without_portability_gate,0,0,0,0,0
2019-04-06,US,microseven-camera,dib_without_portability_gate,0,0,0,0,0
2019-04-06,US,microwave,dib_without_portability_gate,0,0,0,0,0
2019-04-06,US,nest-tstat,dib_without_portability_gate,0,0,0,0,0
2019-04-06,US,philips-hue,dib_without_portability_gate,9,0,0,0,4
2019-04-06,US,ring-doorbell,dib_without_portability_gate,0,0,0,0,0
2019-04-06,US,roku-tv,dib_without_portability_gate,0,0,0,0,0
2019-04-06,US,samsungtv-wired,dib_without_portability_gate,0,0,0,0,0
2019-04-06,US,sengled-hub,dib_without_portability_gate,0,0,0,0,0
2019-04-06,US,smartthings,dib_without_portability_gate,5,0,0,0,4
2019-04-06,US,sousvide,dib_without_portability_gate,0,0,0,0,0
2019-04-06,US,t-echodot,dib_without_portability_gate,0,0,0,0,0
2019-04-06,US,t-smartthings-hub,dib_without_portability_gate,0,0,0,0,0
2019-04-06,US,t-wemo-plug,dib_without_portability_gate,0,0,0,0,0
2019-04-06,US,tp-link-plug,dib_without_portability_gate,0,0,0,0,0
2019-04-06,US,tplink-bulb,dib_without_portability_gate,0,0,0,0,0
2019-04-06,US,wansview-cam-wired,dib_without_portability_gate,0,0,0,0,0
2019-04-06,US,washer,dib_without_portability_gate,0,0,0,0,0
2019-04-06,US,wink-hub2,dib_without_portability_gate,0,0,0,0,0
2019-04-06,US,xiaomi-cleaner,dib_without_portability_gate,0,0,0,0,0
2019-04-06,US,xiaomi-hub,dib_without_portability_gate,0,0,0,0,0
2019-04-06,US,xiaomi-ricecooker,dib_without_portability_gate,0,0,0,0,0
2019-04-06,US,xiaomi-strip,dib_without_portability_gate,0,0,0,0,0
2019-04-06,US,yi-camera,dib_without_portability_gate,0,0,0,0,0
2019-04-06,US,zmodo-doorbell,dib_without_portability_gate,0,0,0,0,0
2019-04-06,UK,allure-speaker,dib,0,0,0,0,0
2019-04-06,UK,appletv,dib,0,0,0,0,0
2019-04-06,UK,blink-camera,dib,0,0,0,0,0
2019-04-06,UK,blink-security-hub,dib,0,0,0,0,0
2019-04-06,UK,bosiwo-camera-wifi,dib,0,0,0,0,0
2019-04-06,UK,bosiwo-camera-wired,dib,0,0,0,0,0
2019-04-06,UK,charger-camera,dib,0,0,0,0,0
2019-04-06,UK,echodot,dib,0,0,0,0,0
2019-04-06,UK,echoplus,dib,0,0,0,0,0
2019-04-06,UK,echospot,dib,0,0,0,0,0
2019-04-06,UK,firetv,dib,0,0,0,0,0
2019-04-06,UK,google-home,dib,0,0,0,0,0
2019-04-06,UK,google-home-mini,dib,0,0,0,0,0
2019-04-06,UK,honeywell-thermostat,dib,0,0,0,0,0
2019-04-06,UK,insteon-hub,dib,0,0,0,0,0
2019-04-06,UK,lightify-hub,dib,0,0,0,0,0
2019-04-06,UK,magichome-strip,dib,0,0,0,0,0
2019-04-06,UK,nest-tstat,dib,0,0,0,0,0
2019-04-06,UK,netatmo-weather,dib,0,0,0,0,0
2019-04-06,UK,philips-hue,dib,6,0,0,0,4
2019-04-06,UK,ring-doorbell,dib,0,0,0,0,0
2019-04-06,UK,roku-tv,dib,0,0,0,0,0
2019-04-06,UK,samsungtv-wired,dib,0,0,0,0,0
2019-04-06,UK,sengled-hub,dib,0,0,0,0,0
2019-04-06,UK,smarter-coffee-mach,dib,0,0,0,0,0
2019-04-06,UK,smartthings,dib,4,0,0,0,4
2019-04-06,UK,sousvide,dib,0,0,0,0,0
2019-04-06,UK,t-wemo-plug,dib,0,0,0,0,0
2019-04-06,UK,tp-link-plug,dib,0,0,0,0,0
2019-04-06,UK,tplink-bulb,dib,0,0,0,0,0
2019-04-06,UK,tplink-plug2,dib,0,0,0,0,0
2019-04-06,UK,wansview-cam-wired,dib,0,0,0,0,0
2019-04-06,UK,xiaomi-cam2,dib,0,0,0,0,0
2019-04-06,UK,xiaomi-cleaner,dib,0,0,0,0,0
2019-04-06,UK,xiaomi-hub,dib,0,0,0,0,0
2019-04-06,UK,xiaomi-plug,dib,0,0,0,0,0
2019-04-06,UK,yi-camera,dib,0,0,0,0,0
2019-04-06,UK,allure-speaker,pooled_union,0,0,0,0,0
2019-04-06,UK,appletv,pooled_union,0,0,0,0,0
2019-04-06,UK,blink-camera,pooled_union,0,0,0,0,0
2019-04-06,UK,blink-security-hub,pooled_union,0,0,0,0,0
2019-04-06,UK,bosiwo-camera-wifi,pooled_union,0,0,0,0,0
2019-04-06,UK,bosiwo-camera-wired,pooled_union,20,0,0,0,0
2019-04-06,UK,charger-camera,pooled_union,0,0,0,0,0
2019-04-06,UK,echodot,pooled_union,0,0,0,0,0
2019-04-06,UK,echoplus,pooled_union,0,0,0,0,0
2019-04-06,UK,echospot,pooled_union,0,0,0,0,0
2019-04-06,UK,firetv,pooled_union,0,0,0,0,0
2019-04-06,UK,google-home,pooled_union,0,0,0,0,0
2019-04-06,UK,google-home-mini,pooled_union,0,0,0,0,0
2019-04-06,UK,honeywell-thermostat,pooled_union,0,0,0,0,0
2019-04-06,UK,insteon-hub,pooled_union,6,1,0,0,4
2019-04-06,UK,lightify-hub,pooled_union,0,0,0,0,0
2019-04-06,UK,magichome-strip,pooled_union,0,0,0,0,0
2019-04-06,UK,nest-tstat,pooled_union,0,0,0,0,0
2019-04-06,UK,netatmo-weather,pooled_union,0,0,0,0,0
2019-04-06,UK,philips-hue,pooled_union,25,1,0,0,14
2019-04-06,UK,ring-doorbell,pooled_union,0,0,0,0,0
2019-04-06,UK,roku-tv,pooled_union,0,0,0,0,0
2019-04-06,UK,samsungtv-wired,pooled_union,0,0,0,0,0
2019-04-06,UK,sengled-hub,pooled_union,4,0,0,0,2
2019-04-06,UK,smarter-coffee-mach,pooled_union,0,0,0,0,0
2019-04-06,UK,smartthings,pooled_union,15,1,0,0,5
2019-04-06,UK,sousvide,pooled_union,0,0,0,0,0
2019-04-06,UK,t-wemo-plug,pooled_union,0,0,0,0,0
2019-04-06,UK,tp-link-plug,pooled_union,0,0,0,0,0
2019-04-06,UK,tplink-bulb,pooled_union,0,0,0,0,0
2019-04-06,UK,tplink-plug2,pooled_union,0,0,0,0,0
2019-04-06,UK,wansview-cam-wired,pooled_union,5,0,0,0,3
2019-04-06,UK,xiaomi-cam2,pooled_union,0,0,0,0,0
2019-04-06,UK,xiaomi-cleaner,pooled_union,0,0,0,0,0
2019-04-06,UK,xiaomi-hub,pooled_union,0,0,0,0,0
2019-04-06,UK,xiaomi-plug,pooled_union,0,0,0,0,0
2019-04-06,UK,yi-camera,pooled_union,0,0,0,0,0
2019-04-06,UK,allure-speaker,quorum_only,0,0,0,0,0
2019-04-06,UK,appletv,quorum_only,0,0,0,0,0
2019-04-06,UK,blink-camera,quorum_only,0,0,0,0,0
2019-04-06,UK,blink-security-hub,quorum_only,0,0,0,0,0
2019-04-06,UK,bosiwo-camera-wifi,quorum_only,0,0,0,0,0
2019-04-06,UK,bosiwo-camera-wired,quorum_only,0,0,0,0,0
2019-04-06,UK,charger-camera,quorum_only,0,0,0,0,0
2019-04-06,UK,echodot,quorum_only,0,0,0,0,0
2019-04-06,UK,echoplus,quorum_only,0,0,0,0,0
2019-04-06,UK,echospot,quorum_only,0,0,0,0,0
2019-04-06,UK,firetv,quorum_only,0,0,0,0,0
2019-04-06,UK,google-home,quorum_only,0,0,0,0,0
2019-04-06,UK,google-home-mini,quorum_only,0,0,0,0,0
2019-04-06,UK,honeywell-thermostat,quorum_only,0,0,0,0,0
2019-04-06,UK,insteon-hub,quorum_only,0,0,0,0,0
2019-04-06,UK,lightify-hub,quorum_only,0,0,0,0,0
2019-04-06,UK,magichome-strip,quorum_only,0,0,0,0,0
2019-04-06,UK,nest-tstat,quorum_only,0,0,0,0,0
2019-04-06,UK,netatmo-weather,quorum_only,0,0,0,0,0
2019-04-06,UK,philips-hue,quorum_only,9,0,0,0,4
2019-04-06,UK,ring-doorbell,quorum_only,0,0,0,0,0
2019-04-06,UK,roku-tv,quorum_only,0,0,0,0,0
2019-04-06,UK,samsungtv-wired,quorum_only,0,0,0,0,0
2019-04-06,UK,sengled-hub,quorum_only,0,0,0,0,0
2019-04-06,UK,smarter-coffee-mach,quorum_only,0,0,0,0,0
2019-04-06,UK,smartthings,quorum_only,5,0,0,0,4
2019-04-06,UK,sousvide,quorum_only,0,0,0,0,0
2019-04-06,UK,t-wemo-plug,quorum_only,0,0,0,0,0
2019-04-06,UK,tp-link-plug,quorum_only,0,0,0,0,0
2019-04-06,UK,tplink-bulb,quorum_only,0,0,0,0,0
2019-04-06,UK,tplink-plug2,quorum_only,0,0,0,0,0
2019-04-06,UK,wansview-cam-wired,quorum_only,0,0,0,0,0
2019-04-06,UK,xiaomi-cam2,quorum_only,0,0,0,0,0
2019-04-06,UK,xiaomi-cleaner,quorum_only,0,0,0,0,0
2019-04-06,UK,xiaomi-hub,quorum_only,0,0,0,0,0
2019-04-06,UK,xiaomi-plug,quorum_only,0,0,0,0,0
2019-04-06,UK,yi-camera,quorum_only,0,0,0,0,0
2019-04-06,UK,allure-speaker,majority,0,0,0,0,0
2019-04-06,UK,appletv,majority,0,0,0,0,0
2019-04-06,UK,blink-camera,majority,0,0,0,0,0
2019-04-06,UK,blink-security-hub,majority,0,0,0,0,0
2019-04-06,UK,bosiwo-camera-wifi,majority,0,0,0,0,0
2019-04-06,UK,bosiwo-camera-wired,majority,20,0,0,0,0
2019-04-06,UK,charger-camera,majority,0,0,0,0,0
2019-04-06,UK,echodot,majority,0,0,0,0,0
2019-04-06,UK,echoplus,majority,0,0,0,0,0
2019-04-06,UK,echospot,majority,0,0,0,0,0
2019-04-06,UK,firetv,majority,0,0,0,0,0
2019-04-06,UK,google-home,majority,0,0,0,0,0
2019-04-06,UK,google-home-mini,majority,0,0,0,0,0
2019-04-06,UK,honeywell-thermostat,majority,0,0,0,0,0
2019-04-06,UK,insteon-hub,majority,6,1,0,0,4
2019-04-06,UK,lightify-hub,majority,0,0,0,0,0
2019-04-06,UK,magichome-strip,majority,0,0,0,0,0
2019-04-06,UK,nest-tstat,majority,0,0,0,0,0
2019-04-06,UK,netatmo-weather,majority,0,0,0,0,0
2019-04-06,UK,philips-hue,majority,25,1,0,0,14
2019-04-06,UK,ring-doorbell,majority,0,0,0,0,0
2019-04-06,UK,roku-tv,majority,0,0,0,0,0
2019-04-06,UK,samsungtv-wired,majority,0,0,0,0,0
2019-04-06,UK,sengled-hub,majority,4,0,0,0,2
2019-04-06,UK,smarter-coffee-mach,majority,0,0,0,0,0
2019-04-06,UK,smartthings,majority,15,1,0,0,5
2019-04-06,UK,sousvide,majority,0,0,0,0,0
2019-04-06,UK,t-wemo-plug,majority,0,0,0,0,0
2019-04-06,UK,tp-link-plug,majority,0,0,0,0,0
2019-04-06,UK,tplink-bulb,majority,0,0,0,0,0
2019-04-06,UK,tplink-plug2,majority,0,0,0,0,0
2019-04-06,UK,wansview-cam-wired,majority,5,0,0,0,3
2019-04-06,UK,xiaomi-cam2,majority,0,0,0,0,0
2019-04-06,UK,xiaomi-cleaner,majority,0,0,0,0,0
2019-04-06,UK,xiaomi-hub,majority,0,0,0,0,0
2019-04-06,UK,xiaomi-plug,majority,0,0,0,0,0
2019-04-06,UK,yi-camera,majority,0,0,0,0,0
2019-04-06,UK,allure-speaker,dib_without_portability_gate,0,0,0,0,0
2019-04-06,UK,appletv,dib_without_portability_gate,0,0,0,0,0
2019-04-06,UK,blink-camera,dib_without_portability_gate,0,0,0,0,0
2019-04-06,UK,blink-security-hub,dib_without_portability_gate,0,0,0,0,0
2019-04-06,UK,bosiwo-camera-wifi,dib_without_portability_gate,0,0,0,0,0
2019-04-06,UK,bosiwo-camera-wired,dib_without_portability_gate,0,0,0,0,0
2019-04-06,UK,charger-camera,dib_without_portability_gate,0,0,0,0,0
2019-04-06,UK,echodot,dib_without_portability_gate,0,0,0,0,0
2019-04-06,UK,echoplus,dib_without_portability_gate,0,0,0,0,0
2019-04-06,UK,echospot,dib_without_portability_gate,0,0,0,0,0
2019-04-06,UK,firetv,dib_without_portability_gate,0,0,0,0,0
2019-04-06,UK,google-home,dib_without_portability_gate,0,0,0,0,0
2019-04-06,UK,google-home-mini,dib_without_portability_gate,0,0,0,0,0
2019-04-06,UK,honeywell-thermostat,dib_without_portability_gate,0,0,0,0,0
2019-04-06,UK,insteon-hub,dib_without_portability_gate,0,0,0,0,0
2019-04-06,UK,lightify-hub,dib_without_portability_gate,0,0,0,0,0
2019-04-06,UK,magichome-strip,dib_without_portability_gate,0,0,0,0,0
2019-04-06,UK,nest-tstat,dib_without_portability_gate,0,0,0,0,0
2019-04-06,UK,netatmo-weather,dib_without_portability_gate,0,0,0,0,0
2019-04-06,UK,philips-hue,dib_without_portability_gate,9,0,0,0,4
2019-04-06,UK,ring-doorbell,dib_without_portability_gate,0,0,0,0,0
2019-04-06,UK,roku-tv,dib_without_portability_gate,0,0,0,0,0
2019-04-06,UK,samsungtv-wired,dib_without_portability_gate,0,0,0,0,0
2019-04-06,UK,sengled-hub,dib_without_portability_gate,0,0,0,0,0
2019-04-06,UK,smarter-coffee-mach,dib_without_portability_gate,0,0,0,0,0
2019-04-06,UK,smartthings,dib_without_portability_gate,5,0,0,0,4
2019-04-06,UK,sousvide,dib_without_portability_gate,0,0,0,0,0
2019-04-06,UK,t-wemo-plug,dib_without_portability_gate,0,0,0,0,0
2019-04-06,UK,tp-link-plug,dib_without_portability_gate,0,0,0,0,0
2019-04-06,UK,tplink-bulb,dib_without_portability_gate,0,0,0,0,0
2019-04-06,UK,tplink-plug2,dib_without_portability_gate,0,0,0,0,0
2019-04-06,UK,wansview-cam-wired,dib_without_portability_gate,0,0,0,0,0
2019-04-06,UK,xiaomi-cam2,dib_without_portability_gate,0,0,0,0,0
2019-04-06,UK,xiaomi-cleaner,dib_without_portability_gate,0,0,0,0,0
2019-04-06,UK,xiaomi-hub,dib_without_portability_gate,0,0,0,0,0
2019-04-06,UK,xiaomi-plug,dib_without_portability_gate,0,0,0,0,0
2019-04-06,UK,yi-camera,dib_without_portability_gate,0,0,0,0,0
2019-04-08,US,amcrest-cam-wired,dib,0,0,0,0,0
2019-04-08,US,appletv,dib,0,0,0,0,0
2019-04-08,US,blink-camera,dib,0,0,0,0,0
2019-04-08,US,blink-security-hub,dib,0,0,0,0,0
2019-04-08,US,brewer,dib,0,0,0,0,0
2019-04-08,US,bulb1,dib,0,0,0,0,0
2019-04-08,US,cloudcam,dib,0,0,0,0,0
2019-04-08,US,dlink-mov,dib,0,0,0,0,0
2019-04-08,US,dryer,dib,0,0,0,0,0
2019-04-08,US,echodot,dib,0,0,0,0,0
2019-04-08,US,echoplus,dib,0,0,0,0,0
2019-04-08,US,echospot,dib,0,0,0,0,0
2019-04-08,US,firetv,dib,0,0,0,0,0
2019-04-08,US,fridge,dib,0,0,0,0,0
2019-04-08,US,google-home-mini,dib,0,0,0,0,0
2019-04-08,US,google-home-mini2,dib,0,0,0,0,0
2019-04-08,US,ikettle,dib,0,0,0,0,0
2019-04-08,US,insteon-hub,dib,0,0,0,0,0
2019-04-08,US,invoke,dib,0,0,0,0,0
2019-04-08,US,lefun-cam-wired,dib,0,0,0,0,0
2019-04-08,US,lgtv-wired,dib,0,0,0,0,0
2019-04-08,US,lightify-hub,dib,0,0,0,0,0
2019-04-08,US,luohe-spycam,dib,0,0,0,0,0
2019-04-08,US,magichome-strip,dib,0,0,0,0,0
2019-04-08,US,microseven-camera,dib,0,0,0,0,0
2019-04-08,US,microwave,dib,0,0,0,0,0
2019-04-08,US,nest-tstat,dib,0,0,0,0,0
2019-04-08,US,philips-hue,dib,6,0,0,0,4
2019-04-08,US,ring-doorbell,dib,0,0,0,0,0
2019-04-08,US,roku-tv,dib,0,0,0,0,0
2019-04-08,US,samsungtv-wired,dib,0,0,0,0,0
2019-04-08,US,sengled-hub,dib,0,0,0,0,0
2019-04-08,US,smartthings,dib,4,0,0,0,4
2019-04-08,US,sousvide,dib,0,0,0,0,0
2019-04-08,US,t-echodot,dib,0,0,0,0,0
2019-04-08,US,t-smartthings-hub,dib,0,0,0,0,0
2019-04-08,US,t-wemo-plug,dib,0,0,0,0,0
2019-04-08,US,tp-link-plug,dib,0,0,0,0,0
2019-04-08,US,tplink-bulb,dib,0,0,0,0,0
2019-04-08,US,wansview-cam-wired,dib,0,0,0,0,0
2019-04-08,US,washer,dib,0,0,0,0,0
2019-04-08,US,wink-hub2,dib,0,0,0,0,0
2019-04-08,US,xiaomi-cleaner,dib,0,0,0,0,0
2019-04-08,US,xiaomi-hub,dib,0,0,0,0,0
2019-04-08,US,xiaomi-ricecooker,dib,0,0,0,0,0
2019-04-08,US,xiaomi-strip,dib,0,0,0,0,0
2019-04-08,US,yi-camera,dib,0,0,0,0,0
2019-04-08,US,zmodo-doorbell,dib,0,0,0,0,0
2019-04-08,US,amcrest-cam-wired,pooled_union,3169,0,0,0,2
2019-04-08,US,appletv,pooled_union,0,0,0,0,0
2019-04-08,US,blink-camera,pooled_union,0,0,0,0,0
2019-04-08,US,blink-security-hub,pooled_union,0,0,0,0,0
2019-04-08,US,brewer,pooled_union,0,0,0,0,0
2019-04-08,US,bulb1,pooled_union,0,0,0,0,0
2019-04-08,US,cloudcam,pooled_union,0,0,0,0,0
2019-04-08,US,dlink-mov,pooled_union,0,0,0,0,0
2019-04-08,US,dryer,pooled_union,0,0,0,0,0
2019-04-08,US,echodot,pooled_union,0,0,0,0,0
2019-04-08,US,echoplus,pooled_union,0,0,0,0,0
2019-04-08,US,echospot,pooled_union,0,0,0,0,0
2019-04-08,US,firetv,pooled_union,0,0,0,0,0
2019-04-08,US,fridge,pooled_union,0,0,0,0,0
2019-04-08,US,google-home-mini,pooled_union,0,0,0,0,0
2019-04-08,US,google-home-mini2,pooled_union,0,0,0,0,0
2019-04-08,US,ikettle,pooled_union,0,0,0,0,0
2019-04-08,US,insteon-hub,pooled_union,6,0,0,0,4
2019-04-08,US,invoke,pooled_union,0,0,0,0,0
2019-04-08,US,lefun-cam-wired,pooled_union,5,0,0,0,0
2019-04-08,US,lgtv-wired,pooled_union,0,0,0,0,0
2019-04-08,US,lightify-hub,pooled_union,0,0,0,0,0
2019-04-08,US,luohe-spycam,pooled_union,0,0,0,0,0
2019-04-08,US,magichome-strip,pooled_union,0,0,0,0,0
2019-04-08,US,microseven-camera,pooled_union,1,0,0,0,0
2019-04-08,US,microwave,pooled_union,0,0,0,0,0
2019-04-08,US,nest-tstat,pooled_union,0,0,0,0,0
2019-04-08,US,philips-hue,pooled_union,25,0,0,0,14
2019-04-08,US,ring-doorbell,pooled_union,0,0,0,0,0
2019-04-08,US,roku-tv,pooled_union,0,0,0,0,0
2019-04-08,US,samsungtv-wired,pooled_union,0,0,0,0,0
2019-04-08,US,sengled-hub,pooled_union,5,1,0,0,2
2019-04-08,US,smartthings,pooled_union,16,1,0,0,5
2019-04-08,US,sousvide,pooled_union,0,0,0,0,0
2019-04-08,US,t-echodot,pooled_union,0,0,0,0,0
2019-04-08,US,t-smartthings-hub,pooled_union,0,0,0,0,0
2019-04-08,US,t-wemo-plug,pooled_union,0,0,0,0,0
2019-04-08,US,tp-link-plug,pooled_union,0,0,0,0,0
2019-04-08,US,tplink-bulb,pooled_union,0,0,0,0,0
2019-04-08,US,wansview-cam-wired,pooled_union,5,0,0,0,3
2019-04-08,US,washer,pooled_union,0,0,0,0,0
2019-04-08,US,wink-hub2,pooled_union,5,0,0,0,0
2019-04-08,US,xiaomi-cleaner,pooled_union,0,0,0,0,0
2019-04-08,US,xiaomi-hub,pooled_union,0,0,0,0,0
2019-04-08,US,xiaomi-ricecooker,pooled_union,0,0,0,0,0
2019-04-08,US,xiaomi-strip,pooled_union,0,0,0,0,0
2019-04-08,US,yi-camera,pooled_union,0,0,0,0,0
2019-04-08,US,zmodo-doorbell,pooled_union,0,0,0,0,0
2019-04-08,US,amcrest-cam-wired,quorum_only,0,0,0,0,0
2019-04-08,US,appletv,quorum_only,0,0,0,0,0
2019-04-08,US,blink-camera,quorum_only,0,0,0,0,0
2019-04-08,US,blink-security-hub,quorum_only,0,0,0,0,0
2019-04-08,US,brewer,quorum_only,0,0,0,0,0
2019-04-08,US,bulb1,quorum_only,0,0,0,0,0
2019-04-08,US,cloudcam,quorum_only,0,0,0,0,0
2019-04-08,US,dlink-mov,quorum_only,0,0,0,0,0
2019-04-08,US,dryer,quorum_only,0,0,0,0,0
2019-04-08,US,echodot,quorum_only,0,0,0,0,0
2019-04-08,US,echoplus,quorum_only,0,0,0,0,0
2019-04-08,US,echospot,quorum_only,0,0,0,0,0
2019-04-08,US,firetv,quorum_only,0,0,0,0,0
2019-04-08,US,fridge,quorum_only,0,0,0,0,0
2019-04-08,US,google-home-mini,quorum_only,0,0,0,0,0
2019-04-08,US,google-home-mini2,quorum_only,0,0,0,0,0
2019-04-08,US,ikettle,quorum_only,0,0,0,0,0
2019-04-08,US,insteon-hub,quorum_only,0,0,0,0,0
2019-04-08,US,invoke,quorum_only,0,0,0,0,0
2019-04-08,US,lefun-cam-wired,quorum_only,0,0,0,0,0
2019-04-08,US,lgtv-wired,quorum_only,0,0,0,0,0
2019-04-08,US,lightify-hub,quorum_only,0,0,0,0,0
2019-04-08,US,luohe-spycam,quorum_only,0,0,0,0,0
2019-04-08,US,magichome-strip,quorum_only,0,0,0,0,0
2019-04-08,US,microseven-camera,quorum_only,0,0,0,0,0
2019-04-08,US,microwave,quorum_only,0,0,0,0,0
2019-04-08,US,nest-tstat,quorum_only,0,0,0,0,0
2019-04-08,US,philips-hue,quorum_only,9,0,0,0,4
2019-04-08,US,ring-doorbell,quorum_only,0,0,0,0,0
2019-04-08,US,roku-tv,quorum_only,0,0,0,0,0
2019-04-08,US,samsungtv-wired,quorum_only,0,0,0,0,0
2019-04-08,US,sengled-hub,quorum_only,0,0,0,0,0
2019-04-08,US,smartthings,quorum_only,5,0,0,0,4
2019-04-08,US,sousvide,quorum_only,0,0,0,0,0
2019-04-08,US,t-echodot,quorum_only,0,0,0,0,0
2019-04-08,US,t-smartthings-hub,quorum_only,0,0,0,0,0
2019-04-08,US,t-wemo-plug,quorum_only,0,0,0,0,0
2019-04-08,US,tp-link-plug,quorum_only,0,0,0,0,0
2019-04-08,US,tplink-bulb,quorum_only,0,0,0,0,0
2019-04-08,US,wansview-cam-wired,quorum_only,0,0,0,0,0
2019-04-08,US,washer,quorum_only,0,0,0,0,0
2019-04-08,US,wink-hub2,quorum_only,0,0,0,0,0
2019-04-08,US,xiaomi-cleaner,quorum_only,0,0,0,0,0
2019-04-08,US,xiaomi-hub,quorum_only,0,0,0,0,0
2019-04-08,US,xiaomi-ricecooker,quorum_only,0,0,0,0,0
2019-04-08,US,xiaomi-strip,quorum_only,0,0,0,0,0
2019-04-08,US,yi-camera,quorum_only,0,0,0,0,0
2019-04-08,US,zmodo-doorbell,quorum_only,0,0,0,0,0
2019-04-08,US,amcrest-cam-wired,majority,3169,0,0,0,2
2019-04-08,US,appletv,majority,0,0,0,0,0
2019-04-08,US,blink-camera,majority,0,0,0,0,0
2019-04-08,US,blink-security-hub,majority,0,0,0,0,0
2019-04-08,US,brewer,majority,0,0,0,0,0
2019-04-08,US,bulb1,majority,0,0,0,0,0
2019-04-08,US,cloudcam,majority,0,0,0,0,0
2019-04-08,US,dlink-mov,majority,0,0,0,0,0
2019-04-08,US,dryer,majority,0,0,0,0,0
2019-04-08,US,echodot,majority,0,0,0,0,0
2019-04-08,US,echoplus,majority,0,0,0,0,0
2019-04-08,US,echospot,majority,0,0,0,0,0
2019-04-08,US,firetv,majority,0,0,0,0,0
2019-04-08,US,fridge,majority,0,0,0,0,0
2019-04-08,US,google-home-mini,majority,0,0,0,0,0
2019-04-08,US,google-home-mini2,majority,0,0,0,0,0
2019-04-08,US,ikettle,majority,0,0,0,0,0
2019-04-08,US,insteon-hub,majority,6,0,0,0,4
2019-04-08,US,invoke,majority,0,0,0,0,0
2019-04-08,US,lefun-cam-wired,majority,5,0,0,0,0
2019-04-08,US,lgtv-wired,majority,0,0,0,0,0
2019-04-08,US,lightify-hub,majority,0,0,0,0,0
2019-04-08,US,luohe-spycam,majority,0,0,0,0,0
2019-04-08,US,magichome-strip,majority,0,0,0,0,0
2019-04-08,US,microseven-camera,majority,1,0,0,0,0
2019-04-08,US,microwave,majority,0,0,0,0,0
2019-04-08,US,nest-tstat,majority,0,0,0,0,0
2019-04-08,US,philips-hue,majority,25,0,0,0,14
2019-04-08,US,ring-doorbell,majority,0,0,0,0,0
2019-04-08,US,roku-tv,majority,0,0,0,0,0
2019-04-08,US,samsungtv-wired,majority,0,0,0,0,0
2019-04-08,US,sengled-hub,majority,5,1,0,0,2
2019-04-08,US,smartthings,majority,16,1,0,0,5
2019-04-08,US,sousvide,majority,0,0,0,0,0
2019-04-08,US,t-echodot,majority,0,0,0,0,0
2019-04-08,US,t-smartthings-hub,majority,0,0,0,0,0
2019-04-08,US,t-wemo-plug,majority,0,0,0,0,0
2019-04-08,US,tp-link-plug,majority,0,0,0,0,0
2019-04-08,US,tplink-bulb,majority,0,0,0,0,0
2019-04-08,US,wansview-cam-wired,majority,5,0,0,0,3
2019-04-08,US,washer,majority,0,0,0,0,0
2019-04-08,US,wink-hub2,majority,5,0,0,0,0
2019-04-08,US,xiaomi-cleaner,majority,0,0,0,0,0
2019-04-08,US,xiaomi-hub,majority,0,0,0,0,0
2019-04-08,US,xiaomi-ricecooker,majority,0,0,0,0,0
2019-04-08,US,xiaomi-strip,majority,0,0,0,0,0
2019-04-08,US,yi-camera,majority,0,0,0,0,0
2019-04-08,US,zmodo-doorbell,majority,0,0,0,0,0
2019-04-08,US,amcrest-cam-wired,dib_without_portability_gate,0,0,0,0,0
2019-04-08,US,appletv,dib_without_portability_gate,0,0,0,0,0
2019-04-08,US,blink-camera,dib_without_portability_gate,0,0,0,0,0
2019-04-08,US,blink-security-hub,dib_without_portability_gate,0,0,0,0,0
2019-04-08,US,brewer,dib_without_portability_gate,0,0,0,0,0
2019-04-08,US,bulb1,dib_without_portability_gate,0,0,0,0,0
2019-04-08,US,cloudcam,dib_without_portability_gate,0,0,0,0,0
2019-04-08,US,dlink-mov,dib_without_portability_gate,0,0,0,0,0
2019-04-08,US,dryer,dib_without_portability_gate,0,0,0,0,0
2019-04-08,US,echodot,dib_without_portability_gate,0,0,0,0,0
2019-04-08,US,echoplus,dib_without_portability_gate,0,0,0,0,0
2019-04-08,US,echospot,dib_without_portability_gate,0,0,0,0,0
2019-04-08,US,firetv,dib_without_portability_gate,0,0,0,0,0
2019-04-08,US,fridge,dib_without_portability_gate,0,0,0,0,0
2019-04-08,US,google-home-mini,dib_without_portability_gate,0,0,0,0,0
2019-04-08,US,google-home-mini2,dib_without_portability_gate,0,0,0,0,0
2019-04-08,US,ikettle,dib_without_portability_gate,0,0,0,0,0
2019-04-08,US,insteon-hub,dib_without_portability_gate,0,0,0,0,0
2019-04-08,US,invoke,dib_without_portability_gate,0,0,0,0,0
2019-04-08,US,lefun-cam-wired,dib_without_portability_gate,0,0,0,0,0
2019-04-08,US,lgtv-wired,dib_without_portability_gate,0,0,0,0,0
2019-04-08,US,lightify-hub,dib_without_portability_gate,0,0,0,0,0
2019-04-08,US,luohe-spycam,dib_without_portability_gate,0,0,0,0,0
2019-04-08,US,magichome-strip,dib_without_portability_gate,0,0,0,0,0
2019-04-08,US,microseven-camera,dib_without_portability_gate,0,0,0,0,0
2019-04-08,US,microwave,dib_without_portability_gate,0,0,0,0,0
2019-04-08,US,nest-tstat,dib_without_portability_gate,0,0,0,0,0
2019-04-08,US,philips-hue,dib_without_portability_gate,9,0,0,0,4
2019-04-08,US,ring-doorbell,dib_without_portability_gate,0,0,0,0,0
2019-04-08,US,roku-tv,dib_without_portability_gate,0,0,0,0,0
2019-04-08,US,samsungtv-wired,dib_without_portability_gate,0,0,0,0,0
2019-04-08,US,sengled-hub,dib_without_portability_gate,0,0,0,0,0
2019-04-08,US,smartthings,dib_without_portability_gate,5,0,0,0,4
2019-04-08,US,sousvide,dib_without_portability_gate,0,0,0,0,0
2019-04-08,US,t-echodot,dib_without_portability_gate,0,0,0,0,0
2019-04-08,US,t-smartthings-hub,dib_without_portability_gate,0,0,0,0,0
2019-04-08,US,t-wemo-plug,dib_without_portability_gate,0,0,0,0,0
2019-04-08,US,tp-link-plug,dib_without_portability_gate,0,0,0,0,0
2019-04-08,US,tplink-bulb,dib_without_portability_gate,0,0,0,0,0
2019-04-08,US,wansview-cam-wired,dib_without_portability_gate,0,0,0,0,0
2019-04-08,US,washer,dib_without_portability_gate,0,0,0,0,0
2019-04-08,US,wink-hub2,dib_without_portability_gate,0,0,0,0,0
2019-04-08,US,xiaomi-cleaner,dib_without_portability_gate,0,0,0,0,0
2019-04-08,US,xiaomi-hub,dib_without_portability_gate,0,0,0,0,0
2019-04-08,US,xiaomi-ricecooker,dib_without_portability_gate,0,0,0,0,0
2019-04-08,US,xiaomi-strip,dib_without_portability_gate,0,0,0,0,0
2019-04-08,US,yi-camera,dib_without_portability_gate,0,0,0,0,0
2019-04-08,US,zmodo-doorbell,dib_without_portability_gate,0,0,0,0,0
2019-04-08,UK,allure-speaker,dib,0,0,0,0,0
2019-04-08,UK,appletv,dib,0,0,0,0,0
2019-04-08,UK,blink-camera,dib,0,0,0,0,0
2019-04-08,UK,blink-security-hub,dib,0,0,0,0,0
2019-04-08,UK,bosiwo-camera-wifi,dib,0,0,0,0,0
2019-04-08,UK,bosiwo-camera-wired,dib,0,0,0,0,0
2019-04-08,UK,charger-camera,dib,0,0,0,0,0
2019-04-08,UK,echodot,dib,0,0,0,0,0
2019-04-08,UK,echoplus,dib,0,0,0,0,0
2019-04-08,UK,echospot,dib,0,0,0,0,0
2019-04-08,UK,firetv,dib,0,0,0,0,0
2019-04-08,UK,google-home,dib,0,0,0,0,0
2019-04-08,UK,google-home-mini,dib,0,0,0,0,0
2019-04-08,UK,honeywell-thermostat,dib,0,0,0,0,0
2019-04-08,UK,insteon-hub,dib,0,0,0,0,0
2019-04-08,UK,lightify-hub,dib,0,0,0,0,0
2019-04-08,UK,magichome-strip,dib,0,0,0,0,0
2019-04-08,UK,nest-tstat,dib,0,0,0,0,0
2019-04-08,UK,netatmo-weather,dib,0,0,0,0,0
2019-04-08,UK,philips-hue,dib,6,0,0,0,4
2019-04-08,UK,ring-doorbell,dib,0,0,0,0,0
2019-04-08,UK,roku-tv,dib,0,0,0,0,0
2019-04-08,UK,samsungtv-wired,dib,0,0,0,0,0
2019-04-08,UK,sengled-hub,dib,0,0,0,0,0
2019-04-08,UK,smarter-coffee-mach,dib,0,0,0,0,0
2019-04-08,UK,smartthings,dib,4,0,0,0,4
2019-04-08,UK,sousvide,dib,0,0,0,0,0
2019-04-08,UK,t-wemo-plug,dib,0,0,0,0,0
2019-04-08,UK,tp-link-plug,dib,0,0,0,0,0
2019-04-08,UK,tplink-bulb,dib,0,0,0,0,0
2019-04-08,UK,tplink-plug2,dib,0,0,0,0,0
2019-04-08,UK,wansview-cam-wired,dib,0,0,0,0,0
2019-04-08,UK,xiaomi-cam2,dib,0,0,0,0,0
2019-04-08,UK,xiaomi-cleaner,dib,0,0,0,0,0
2019-04-08,UK,xiaomi-hub,dib,0,0,0,0,0
2019-04-08,UK,xiaomi-plug,dib,0,0,0,0,0
2019-04-08,UK,yi-camera,dib,0,0,0,0,0
2019-04-08,UK,allure-speaker,pooled_union,0,0,0,0,0
2019-04-08,UK,appletv,pooled_union,0,0,0,0,0
2019-04-08,UK,blink-camera,pooled_union,0,0,0,0,0
2019-04-08,UK,blink-security-hub,pooled_union,0,0,0,0,0
2019-04-08,UK,bosiwo-camera-wifi,pooled_union,0,0,0,0,0
2019-04-08,UK,bosiwo-camera-wired,pooled_union,21,1,0,0,0
2019-04-08,UK,charger-camera,pooled_union,0,0,0,0,0
2019-04-08,UK,echodot,pooled_union,0,0,0,0,0
2019-04-08,UK,echoplus,pooled_union,0,0,0,0,0
2019-04-08,UK,echospot,pooled_union,0,0,0,0,0
2019-04-08,UK,firetv,pooled_union,0,0,0,0,0
2019-04-08,UK,google-home,pooled_union,0,0,0,0,0
2019-04-08,UK,google-home-mini,pooled_union,0,0,0,0,0
2019-04-08,UK,honeywell-thermostat,pooled_union,0,0,0,0,0
2019-04-08,UK,insteon-hub,pooled_union,6,0,0,0,4
2019-04-08,UK,lightify-hub,pooled_union,0,0,0,0,0
2019-04-08,UK,magichome-strip,pooled_union,0,0,0,0,0
2019-04-08,UK,nest-tstat,pooled_union,0,0,0,0,0
2019-04-08,UK,netatmo-weather,pooled_union,0,0,0,0,0
2019-04-08,UK,philips-hue,pooled_union,25,0,0,0,14
2019-04-08,UK,ring-doorbell,pooled_union,0,0,0,0,0
2019-04-08,UK,roku-tv,pooled_union,0,0,0,0,0
2019-04-08,UK,samsungtv-wired,pooled_union,0,0,0,0,0
2019-04-08,UK,sengled-hub,pooled_union,5,1,0,0,2
2019-04-08,UK,smarter-coffee-mach,pooled_union,0,0,0,0,0
2019-04-08,UK,smartthings,pooled_union,16,1,0,0,5
2019-04-08,UK,sousvide,pooled_union,0,0,0,0,0
2019-04-08,UK,t-wemo-plug,pooled_union,0,0,0,0,0
2019-04-08,UK,tp-link-plug,pooled_union,0,0,0,0,0
2019-04-08,UK,tplink-bulb,pooled_union,0,0,0,0,0
2019-04-08,UK,tplink-plug2,pooled_union,0,0,0,0,0
2019-04-08,UK,wansview-cam-wired,pooled_union,5,0,0,0,3
2019-04-08,UK,xiaomi-cam2,pooled_union,0,0,0,0,0
2019-04-08,UK,xiaomi-cleaner,pooled_union,0,0,0,0,0
2019-04-08,UK,xiaomi-hub,pooled_union,0,0,0,0,0
2019-04-08,UK,xiaomi-plug,pooled_union,0,0,0,0,0
2019-04-08,UK,yi-camera,pooled_union,0,0,0,0,0
2019-04-08,UK,allure-speaker,quorum_only,0,0,0,0,0
2019-04-08,UK,appletv,quorum_only,0,0,0,0,0
2019-04-08,UK,blink-camera,quorum_only,0,0,0,0,0
2019-04-08,UK,blink-security-hub,quorum_only,0,0,0,0,0
2019-04-08,UK,bosiwo-camera-wifi,quorum_only,0,0,0,0,0
2019-04-08,UK,bosiwo-camera-wired,quorum_only,0,0,0,0,0
2019-04-08,UK,charger-camera,quorum_only,0,0,0,0,0
2019-04-08,UK,echodot,quorum_only,0,0,0,0,0
2019-04-08,UK,echoplus,quorum_only,0,0,0,0,0
2019-04-08,UK,echospot,quorum_only,0,0,0,0,0
2019-04-08,UK,firetv,quorum_only,0,0,0,0,0
2019-04-08,UK,google-home,quorum_only,0,0,0,0,0
2019-04-08,UK,google-home-mini,quorum_only,0,0,0,0,0
2019-04-08,UK,honeywell-thermostat,quorum_only,0,0,0,0,0
2019-04-08,UK,insteon-hub,quorum_only,0,0,0,0,0
2019-04-08,UK,lightify-hub,quorum_only,0,0,0,0,0
2019-04-08,UK,magichome-strip,quorum_only,0,0,0,0,0
2019-04-08,UK,nest-tstat,quorum_only,0,0,0,0,0
2019-04-08,UK,netatmo-weather,quorum_only,0,0,0,0,0
2019-04-08,UK,philips-hue,quorum_only,9,0,0,0,4
2019-04-08,UK,ring-doorbell,quorum_only,0,0,0,0,0
2019-04-08,UK,roku-tv,quorum_only,0,0,0,0,0
2019-04-08,UK,samsungtv-wired,quorum_only,0,0,0,0,0
2019-04-08,UK,sengled-hub,quorum_only,0,0,0,0,0
2019-04-08,UK,smarter-coffee-mach,quorum_only,0,0,0,0,0
2019-04-08,UK,smartthings,quorum_only,5,0,0,0,4
2019-04-08,UK,sousvide,quorum_only,0,0,0,0,0
2019-04-08,UK,t-wemo-plug,quorum_only,0,0,0,0,0
2019-04-08,UK,tp-link-plug,quorum_only,0,0,0,0,0
2019-04-08,UK,tplink-bulb,quorum_only,0,0,0,0,0
2019-04-08,UK,tplink-plug2,quorum_only,0,0,0,0,0
2019-04-08,UK,wansview-cam-wired,quorum_only,0,0,0,0,0
2019-04-08,UK,xiaomi-cam2,quorum_only,0,0,0,0,0
2019-04-08,UK,xiaomi-cleaner,quorum_only,0,0,0,0,0
2019-04-08,UK,xiaomi-hub,quorum_only,0,0,0,0,0
2019-04-08,UK,xiaomi-plug,quorum_only,0,0,0,0,0
2019-04-08,UK,yi-camera,quorum_only,0,0,0,0,0
2019-04-08,UK,allure-speaker,majority,0,0,0,0,0
2019-04-08,UK,appletv,majority,0,0,0,0,0
2019-04-08,UK,blink-camera,majority,0,0,0,0,0
2019-04-08,UK,blink-security-hub,majority,0,0,0,0,0
2019-04-08,UK,bosiwo-camera-wifi,majority,0,0,0,0,0
2019-04-08,UK,bosiwo-camera-wired,majority,21,1,0,0,0
2019-04-08,UK,charger-camera,majority,0,0,0,0,0
2019-04-08,UK,echodot,majority,0,0,0,0,0
2019-04-08,UK,echoplus,majority,0,0,0,0,0
2019-04-08,UK,echospot,majority,0,0,0,0,0
2019-04-08,UK,firetv,majority,0,0,0,0,0
2019-04-08,UK,google-home,majority,0,0,0,0,0
2019-04-08,UK,google-home-mini,majority,0,0,0,0,0
2019-04-08,UK,honeywell-thermostat,majority,0,0,0,0,0
2019-04-08,UK,insteon-hub,majority,6,0,0,0,4
2019-04-08,UK,lightify-hub,majority,0,0,0,0,0
2019-04-08,UK,magichome-strip,majority,0,0,0,0,0
2019-04-08,UK,nest-tstat,majority,0,0,0,0,0
2019-04-08,UK,netatmo-weather,majority,0,0,0,0,0
2019-04-08,UK,philips-hue,majority,25,0,0,0,14
2019-04-08,UK,ring-doorbell,majority,0,0,0,0,0
2019-04-08,UK,roku-tv,majority,0,0,0,0,0
2019-04-08,UK,samsungtv-wired,majority,0,0,0,0,0
2019-04-08,UK,sengled-hub,majority,5,1,0,0,2
2019-04-08,UK,smarter-coffee-mach,majority,0,0,0,0,0
2019-04-08,UK,smartthings,majority,16,1,0,0,5
2019-04-08,UK,sousvide,majority,0,0,0,0,0
2019-04-08,UK,t-wemo-plug,majority,0,0,0,0,0
2019-04-08,UK,tp-link-plug,majority,0,0,0,0,0
2019-04-08,UK,tplink-bulb,majority,0,0,0,0,0
2019-04-08,UK,tplink-plug2,majority,0,0,0,0,0
2019-04-08,UK,wansview-cam-wired,majority,5,0,0,0,3
2019-04-08,UK,xiaomi-cam2,majority,0,0,0,0,0
2019-04-08,UK,xiaomi-cleaner,majority,0,0,0,0,0
2019-04-08,UK,xiaomi-hub,majority,0,0,0,0,0
2019-04-08,UK,xiaomi-plug,majority,0,0,0,0,0
2019-04-08,UK,yi-camera,majority,0,0,0,0,0
2019-04-08,UK,allure-speaker,dib_without_portability_gate,0,0,0,0,0
2019-04-08,UK,appletv,dib_without_portability_gate,0,0,0,0,0
2019-04-08,UK,blink-camera,dib_without_portability_gate,0,0,0,0,0
2019-04-08,UK,blink-security-hub,dib_without_portability_gate,0,0,0,0,0
2019-04-08,UK,bosiwo-camera-wifi,dib_without_portability_gate,0,0,0,0,0
2019-04-08,UK,bosiwo-camera-wired,dib_without_portability_gate,0,0,0,0,0
2019-04-08,UK,charger-camera,dib_without_portability_gate,0,0,0,0,0
2019-04-08,UK,echodot,dib_without_portability_gate,0,0,0,0,0
2019-04-08,UK,echoplus,dib_without_portability_gate,0,0,0,0,0
2019-04-08,UK,echospot,dib_without_portability_gate,0,0,0,0,0
2019-04-08,UK,firetv,dib_without_portability_gate,0,0,0,0,0
2019-04-08,UK,google-home,dib_without_portability_gate,0,0,0,0,0
2019-04-08,UK,google-home-mini,dib_without_portability_gate,0,0,0,0,0
2019-04-08,UK,honeywell-thermostat,dib_without_portability_gate,0,0,0,0,0
2019-04-08,UK,insteon-hub,dib_without_portability_gate,0,0,0,0,0
2019-04-08,UK,lightify-hub,dib_without_portability_gate,0,0,0,0,0
2019-04-08,UK,magichome-strip,dib_without_portability_gate,0,0,0,0,0
2019-04-08,UK,nest-tstat,dib_without_portability_gate,0,0,0,0,0
2019-04-08,UK,netatmo-weather,dib_without_portability_gate,0,0,0,0,0
2019-04-08,UK,philips-hue,dib_without_portability_gate,9,0,0,0,4
2019-04-08,UK,ring-doorbell,dib_without_portability_gate,0,0,0,0,0
2019-04-08,UK,roku-tv,dib_without_portability_gate,0,0,0,0,0
2019-04-08,UK,samsungtv-wired,dib_without_portability_gate,0,0,0,0,0
2019-04-08,UK,sengled-hub,dib_without_portability_gate,0,0,0,0,0
2019-04-08,UK,smarter-coffee-mach,dib_without_portability_gate,0,0,0,0,0
2019-04-08,UK,smartthings,dib_without_portability_gate,5,0,0,0,4
2019-04-08,UK,sousvide,dib_without_portability_gate,0,0,0,0,0
2019-04-08,UK,t-wemo-plug,dib_without_portability_gate,0,0,0,0,0
2019-04-08,UK,tp-link-plug,dib_without_portability_gate,0,0,0,0,0
2019-04-08,UK,tplink-bulb,dib_without_portability_gate,0,0,0,0,0
2019-04-08,UK,tplink-plug2,dib_without_portability_gate,0,0,0,0,0
2019-04-08,UK,wansview-cam-wired,dib_without_portability_gate,0,0,0,0,0
2019-04-08,UK,xiaomi-cam2,dib_without_portability_gate,0,0,0,0,0
2019-04-08,UK,xiaomi-cleaner,dib_without_portability_gate,0,0,0,0,0
2019-04-08,UK,xiaomi-hub,dib_without_portability_gate,0,0,0,0,0
2019-04-08,UK,xiaomi-plug,dib_without_portability_gate,0,0,0,0,0
2019-04-08,UK,yi-camera,dib_without_portability_gate,0,0,0,0,0
2019-04-09,US,amcrest-cam-wired,dib,0,0,0,0,0
2019-04-09,US,appletv,dib,0,0,0,0,0
2019-04-09,US,blink-camera,dib,0,0,0,0,0
2019-04-09,US,blink-security-hub,dib,0,0,0,0,0
2019-04-09,US,brewer,dib,0,0,0,0,0
2019-04-09,US,bulb1,dib,0,0,0,0,0
2019-04-09,US,cloudcam,dib,0,0,0,0,0
2019-04-09,US,dlink-mov,dib,0,0,0,0,0
2019-04-09,US,dryer,dib,0,0,0,0,0
2019-04-09,US,echodot,dib,0,0,0,0,0
2019-04-09,US,echoplus,dib,0,0,0,0,0
2019-04-09,US,echospot,dib,0,0,0,0,0
2019-04-09,US,firetv,dib,0,0,0,0,0
2019-04-09,US,fridge,dib,0,0,0,0,0
2019-04-09,US,google-home-mini,dib,0,0,0,0,0
2019-04-09,US,google-home-mini2,dib,0,0,0,0,0
2019-04-09,US,ikettle,dib,0,0,0,0,0
2019-04-09,US,insteon-hub,dib,0,0,0,0,0
2019-04-09,US,invoke,dib,0,0,0,0,0
2019-04-09,US,lefun-cam-wired,dib,0,0,0,0,0
2019-04-09,US,lgtv-wired,dib,0,0,0,0,0
2019-04-09,US,lightify-hub,dib,0,0,0,0,0
2019-04-09,US,luohe-spycam,dib,0,0,0,0,0
2019-04-09,US,magichome-strip,dib,0,0,0,0,0
2019-04-09,US,microseven-camera,dib,0,0,0,0,0
2019-04-09,US,microwave,dib,0,0,0,0,0
2019-04-09,US,nest-tstat,dib,0,0,0,0,0
2019-04-09,US,philips-hue,dib,7,1,0,0,4
2019-04-09,US,ring-doorbell,dib,0,0,0,0,0
2019-04-09,US,roku-tv,dib,0,0,0,0,0
2019-04-09,US,samsungtv-wired,dib,0,0,0,0,0
2019-04-09,US,sengled-hub,dib,0,0,0,0,0
2019-04-09,US,smartthings,dib,4,0,0,0,4
2019-04-09,US,sousvide,dib,0,0,0,0,0
2019-04-09,US,t-echodot,dib,0,0,0,0,0
2019-04-09,US,t-smartthings-hub,dib,0,0,0,0,0
2019-04-09,US,t-wemo-plug,dib,0,0,0,0,0
2019-04-09,US,tp-link-plug,dib,0,0,0,0,0
2019-04-09,US,tplink-bulb,dib,0,0,0,0,0
2019-04-09,US,wansview-cam-wired,dib,3,3,0,0,3
2019-04-09,US,washer,dib,0,0,0,0,0
2019-04-09,US,wink-hub2,dib,0,0,0,0,0
2019-04-09,US,xiaomi-cleaner,dib,0,0,0,0,0
2019-04-09,US,xiaomi-hub,dib,0,0,0,0,0
2019-04-09,US,xiaomi-ricecooker,dib,0,0,0,0,0
2019-04-09,US,xiaomi-strip,dib,0,0,0,0,0
2019-04-09,US,yi-camera,dib,0,0,0,0,0
2019-04-09,US,zmodo-doorbell,dib,0,0,0,0,0
2019-04-09,US,amcrest-cam-wired,pooled_union,4052,883,0,0,2
2019-04-09,US,appletv,pooled_union,0,0,0,0,0
2019-04-09,US,blink-camera,pooled_union,0,0,0,0,0
2019-04-09,US,blink-security-hub,pooled_union,0,0,0,0,0
2019-04-09,US,brewer,pooled_union,0,0,0,0,0
2019-04-09,US,bulb1,pooled_union,0,0,0,0,0
2019-04-09,US,cloudcam,pooled_union,0,0,0,0,0
2019-04-09,US,dlink-mov,pooled_union,0,0,0,0,0
2019-04-09,US,dryer,pooled_union,0,0,0,0,0
2019-04-09,US,echodot,pooled_union,0,0,0,0,0
2019-04-09,US,echoplus,pooled_union,0,0,0,0,0
2019-04-09,US,echospot,pooled_union,0,0,0,0,0
2019-04-09,US,firetv,pooled_union,0,0,0,0,0
2019-04-09,US,fridge,pooled_union,0,0,0,0,0
2019-04-09,US,google-home-mini,pooled_union,0,0,0,0,0
2019-04-09,US,google-home-mini2,pooled_union,0,0,0,0,0
2019-04-09,US,ikettle,pooled_union,0,0,0,0,0
2019-04-09,US,insteon-hub,pooled_union,7,1,0,0,4
2019-04-09,US,invoke,pooled_union,0,0,0,0,0
2019-04-09,US,lefun-cam-wired,pooled_union,6,1,0,0,0
2019-04-09,US,lgtv-wired,pooled_union,7,7,0,0,1
2019-04-09,US,lightify-hub,pooled_union,0,0,0,0,0
2019-04-09,US,luohe-spycam,pooled_union,0,0,0,0,0
2019-04-09,US,magichome-strip,pooled_union,0,0,0,0,0
2019-04-09,US,microseven-camera,pooled_union,1,0,0,0,0
2019-04-09,US,microwave,pooled_union,0,0,0,0,0
2019-04-09,US,nest-tstat,pooled_union,0,0,0,0,0
2019-04-09,US,philips-hue,pooled_union,25,0,0,0,14
2019-04-09,US,ring-doorbell,pooled_union,0,0,0,0,0
2019-04-09,US,roku-tv,pooled_union,0,0,0,0,0
2019-04-09,US,samsungtv-wired,pooled_union,72,72,0,0,25
2019-04-09,US,sengled-hub,pooled_union,5,0,0,0,2
2019-04-09,US,smartthings,pooled_union,16,0,0,0,5
2019-04-09,US,sousvide,pooled_union,0,0,0,0,0
2019-04-09,US,t-echodot,pooled_union,0,0,0,0,0
2019-04-09,US,t-smartthings-hub,pooled_union,0,0,0,0,0
2019-04-09,US,t-wemo-plug,pooled_union,0,0,0,0,0
2019-04-09,US,tp-link-plug,pooled_union,0,0,0,0,0
2019-04-09,US,tplink-bulb,pooled_union,0,0,0,0,0
2019-04-09,US,wansview-cam-wired,pooled_union,14,9,0,0,11
2019-04-09,US,washer,pooled_union,0,0,0,0,0
2019-04-09,US,wink-hub2,pooled_union,5,0,0,0,0
2019-04-09,US,xiaomi-cleaner,pooled_union,0,0,0,0,0
2019-04-09,US,xiaomi-hub,pooled_union,0,0,0,0,0
2019-04-09,US,xiaomi-ricecooker,pooled_union,0,0,0,0,0
2019-04-09,US,xiaomi-strip,pooled_union,0,0,0,0,0
2019-04-09,US,yi-camera,pooled_union,0,0,0,0,0
2019-04-09,US,zmodo-doorbell,pooled_union,0,0,0,0,0
2019-04-09,US,amcrest-cam-wired,quorum_only,0,0,0,0,0
2019-04-09,US,appletv,quorum_only,0,0,0,0,0
2019-04-09,US,blink-camera,quorum_only,0,0,0,0,0
2019-04-09,US,blink-security-hub,quorum_only,0,0,0,0,0
2019-04-09,US,brewer,quorum_only,0,0,0,0,0
2019-04-09,US,bulb1,quorum_only,0,0,0,0,0
2019-04-09,US,cloudcam,quorum_only,0,0,0,0,0
2019-04-09,US,dlink-mov,quorum_only,0,0,0,0,0
2019-04-09,US,dryer,quorum_only,0,0,0,0,0
2019-04-09,US,echodot,quorum_only,0,0,0,0,0
2019-04-09,US,echoplus,quorum_only,0,0,0,0,0
2019-04-09,US,echospot,quorum_only,0,0,0,0,0
2019-04-09,US,firetv,quorum_only,0,0,0,0,0
2019-04-09,US,fridge,quorum_only,0,0,0,0,0
2019-04-09,US,google-home-mini,quorum_only,0,0,0,0,0
2019-04-09,US,google-home-mini2,quorum_only,0,0,0,0,0
2019-04-09,US,ikettle,quorum_only,0,0,0,0,0
2019-04-09,US,insteon-hub,quorum_only,0,0,0,0,0
2019-04-09,US,invoke,quorum_only,0,0,0,0,0
2019-04-09,US,lefun-cam-wired,quorum_only,0,0,0,0,0
2019-04-09,US,lgtv-wired,quorum_only,0,0,0,0,0
2019-04-09,US,lightify-hub,quorum_only,0,0,0,0,0
2019-04-09,US,luohe-spycam,quorum_only,0,0,0,0,0
2019-04-09,US,magichome-strip,quorum_only,0,0,0,0,0
2019-04-09,US,microseven-camera,quorum_only,0,0,0,0,0
2019-04-09,US,microwave,quorum_only,0,0,0,0,0
2019-04-09,US,nest-tstat,quorum_only,0,0,0,0,0
2019-04-09,US,philips-hue,quorum_only,10,1,0,0,4
2019-04-09,US,ring-doorbell,quorum_only,0,0,0,0,0
2019-04-09,US,roku-tv,quorum_only,0,0,0,0,0
2019-04-09,US,samsungtv-wired,quorum_only,0,0,0,0,0
2019-04-09,US,sengled-hub,quorum_only,0,0,0,0,0
2019-04-09,US,smartthings,quorum_only,5,0,0,0,4
2019-04-09,US,sousvide,quorum_only,0,0,0,0,0
2019-04-09,US,t-echodot,quorum_only,0,0,0,0,0
2019-04-09,US,t-smartthings-hub,quorum_only,0,0,0,0,0
2019-04-09,US,t-wemo-plug,quorum_only,0,0,0,0,0
2019-04-09,US,tp-link-plug,quorum_only,0,0,0,0,0
2019-04-09,US,tplink-bulb,quorum_only,0,0,0,0,0
2019-04-09,US,wansview-cam-wired,quorum_only,5,5,0,0,3
2019-04-09,US,washer,quorum_only,0,0,0,0,0
2019-04-09,US,wink-hub2,quorum_only,0,0,0,0,0
2019-04-09,US,xiaomi-cleaner,quorum_only,0,0,0,0,0
2019-04-09,US,xiaomi-hub,quorum_only,0,0,0,0,0
2019-04-09,US,xiaomi-ricecooker,quorum_only,0,0,0,0,0
2019-04-09,US,xiaomi-strip,quorum_only,0,0,0,0,0
2019-04-09,US,yi-camera,quorum_only,0,0,0,0,0
2019-04-09,US,zmodo-doorbell,quorum_only,0,0,0,0,0
2019-04-09,US,amcrest-cam-wired,majority,4052,883,0,0,2
2019-04-09,US,appletv,majority,0,0,0,0,0
2019-04-09,US,blink-camera,majority,0,0,0,0,0
2019-04-09,US,blink-security-hub,majority,0,0,0,0,0
2019-04-09,US,brewer,majority,0,0,0,0,0
2019-04-09,US,bulb1,majority,0,0,0,0,0
2019-04-09,US,cloudcam,majority,0,0,0,0,0
2019-04-09,US,dlink-mov,majority,0,0,0,0,0
2019-04-09,US,dryer,majority,0,0,0,0,0
2019-04-09,US,echodot,majority,0,0,0,0,0
2019-04-09,US,echoplus,majority,0,0,0,0,0
2019-04-09,US,echospot,majority,0,0,0,0,0
2019-04-09,US,firetv,majority,0,0,0,0,0
2019-04-09,US,fridge,majority,0,0,0,0,0
2019-04-09,US,google-home-mini,majority,0,0,0,0,0
2019-04-09,US,google-home-mini2,majority,0,0,0,0,0
2019-04-09,US,ikettle,majority,0,0,0,0,0
2019-04-09,US,insteon-hub,majority,7,1,0,0,4
2019-04-09,US,invoke,majority,0,0,0,0,0
2019-04-09,US,lefun-cam-wired,majority,6,1,0,0,0
2019-04-09,US,lgtv-wired,majority,7,7,0,0,1
2019-04-09,US,lightify-hub,majority,0,0,0,0,0
2019-04-09,US,luohe-spycam,majority,0,0,0,0,0
2019-04-09,US,magichome-strip,majority,0,0,0,0,0
2019-04-09,US,microseven-camera,majority,1,0,0,0,0
2019-04-09,US,microwave,majority,0,0,0,0,0
2019-04-09,US,nest-tstat,majority,0,0,0,0,0
2019-04-09,US,philips-hue,majority,25,0,0,0,14
2019-04-09,US,ring-doorbell,majority,0,0,0,0,0
2019-04-09,US,roku-tv,majority,0,0,0,0,0
2019-04-09,US,samsungtv-wired,majority,72,72,0,0,25
2019-04-09,US,sengled-hub,majority,5,0,0,0,2
2019-04-09,US,smartthings,majority,16,0,0,0,5
2019-04-09,US,sousvide,majority,0,0,0,0,0
2019-04-09,US,t-echodot,majority,0,0,0,0,0
2019-04-09,US,t-smartthings-hub,majority,0,0,0,0,0
2019-04-09,US,t-wemo-plug,majority,0,0,0,0,0
2019-04-09,US,tp-link-plug,majority,0,0,0,0,0
2019-04-09,US,tplink-bulb,majority,0,0,0,0,0
2019-04-09,US,wansview-cam-wired,majority,14,9,0,0,11
2019-04-09,US,washer,majority,0,0,0,0,0
2019-04-09,US,wink-hub2,majority,5,0,0,0,0
2019-04-09,US,xiaomi-cleaner,majority,0,0,0,0,0
2019-04-09,US,xiaomi-hub,majority,0,0,0,0,0
2019-04-09,US,xiaomi-ricecooker,majority,0,0,0,0,0
2019-04-09,US,xiaomi-strip,majority,0,0,0,0,0
2019-04-09,US,yi-camera,majority,0,0,0,0,0
2019-04-09,US,zmodo-doorbell,majority,0,0,0,0,0
2019-04-09,US,amcrest-cam-wired,dib_without_portability_gate,0,0,0,0,0
2019-04-09,US,appletv,dib_without_portability_gate,0,0,0,0,0
2019-04-09,US,blink-camera,dib_without_portability_gate,0,0,0,0,0
2019-04-09,US,blink-security-hub,dib_without_portability_gate,0,0,0,0,0
2019-04-09,US,brewer,dib_without_portability_gate,0,0,0,0,0
2019-04-09,US,bulb1,dib_without_portability_gate,0,0,0,0,0
2019-04-09,US,cloudcam,dib_without_portability_gate,0,0,0,0,0
2019-04-09,US,dlink-mov,dib_without_portability_gate,0,0,0,0,0
2019-04-09,US,dryer,dib_without_portability_gate,0,0,0,0,0
2019-04-09,US,echodot,dib_without_portability_gate,0,0,0,0,0
2019-04-09,US,echoplus,dib_without_portability_gate,0,0,0,0,0
2019-04-09,US,echospot,dib_without_portability_gate,0,0,0,0,0
2019-04-09,US,firetv,dib_without_portability_gate,0,0,0,0,0
2019-04-09,US,fridge,dib_without_portability_gate,0,0,0,0,0
2019-04-09,US,google-home-mini,dib_without_portability_gate,0,0,0,0,0
2019-04-09,US,google-home-mini2,dib_without_portability_gate,0,0,0,0,0
2019-04-09,US,ikettle,dib_without_portability_gate,0,0,0,0,0
2019-04-09,US,insteon-hub,dib_without_portability_gate,0,0,0,0,0
2019-04-09,US,invoke,dib_without_portability_gate,0,0,0,0,0
2019-04-09,US,lefun-cam-wired,dib_without_portability_gate,0,0,0,0,0
2019-04-09,US,lgtv-wired,dib_without_portability_gate,0,0,0,0,0
2019-04-09,US,lightify-hub,dib_without_portability_gate,0,0,0,0,0
2019-04-09,US,luohe-spycam,dib_without_portability_gate,0,0,0,0,0
2019-04-09,US,magichome-strip,dib_without_portability_gate,0,0,0,0,0
2019-04-09,US,microseven-camera,dib_without_portability_gate,0,0,0,0,0
2019-04-09,US,microwave,dib_without_portability_gate,0,0,0,0,0
2019-04-09,US,nest-tstat,dib_without_portability_gate,0,0,0,0,0
2019-04-09,US,philips-hue,dib_without_portability_gate,10,1,0,0,4
2019-04-09,US,ring-doorbell,dib_without_portability_gate,0,0,0,0,0
2019-04-09,US,roku-tv,dib_without_portability_gate,0,0,0,0,0
2019-04-09,US,samsungtv-wired,dib_without_portability_gate,0,0,0,0,0
2019-04-09,US,sengled-hub,dib_without_portability_gate,0,0,0,0,0
2019-04-09,US,smartthings,dib_without_portability_gate,5,0,0,0,4
2019-04-09,US,sousvide,dib_without_portability_gate,0,0,0,0,0
2019-04-09,US,t-echodot,dib_without_portability_gate,0,0,0,0,0
2019-04-09,US,t-smartthings-hub,dib_without_portability_gate,0,0,0,0,0
2019-04-09,US,t-wemo-plug,dib_without_portability_gate,0,0,0,0,0
2019-04-09,US,tp-link-plug,dib_without_portability_gate,0,0,0,0,0
2019-04-09,US,tplink-bulb,dib_without_portability_gate,0,0,0,0,0
2019-04-09,US,wansview-cam-wired,dib_without_portability_gate,5,5,0,0,3
2019-04-09,US,washer,dib_without_portability_gate,0,0,0,0,0
2019-04-09,US,wink-hub2,dib_without_portability_gate,0,0,0,0,0
2019-04-09,US,xiaomi-cleaner,dib_without_portability_gate,0,0,0,0,0
2019-04-09,US,xiaomi-hub,dib_without_portability_gate,0,0,0,0,0
2019-04-09,US,xiaomi-ricecooker,dib_without_portability_gate,0,0,0,0,0
2019-04-09,US,xiaomi-strip,dib_without_portability_gate,0,0,0,0,0
2019-04-09,US,yi-camera,dib_without_portability_gate,0,0,0,0,0
2019-04-09,US,zmodo-doorbell,dib_without_portability_gate,0,0,0,0,0
2019-04-09,UK,allure-speaker,dib,0,0,0,0,0
2019-04-09,UK,appletv,dib,0,0,0,0,0
2019-04-09,UK,blink-camera,dib,0,0,0,0,0
2019-04-09,UK,blink-security-hub,dib,0,0,0,0,0
2019-04-09,UK,bosiwo-camera-wifi,dib,0,0,0,0,0
2019-04-09,UK,bosiwo-camera-wired,dib,0,0,0,0,0
2019-04-09,UK,charger-camera,dib,0,0,0,0,0
2019-04-09,UK,echodot,dib,0,0,0,0,0
2019-04-09,UK,echoplus,dib,0,0,0,0,0
2019-04-09,UK,echospot,dib,0,0,0,0,0
2019-04-09,UK,firetv,dib,0,0,0,0,0
2019-04-09,UK,google-home,dib,0,0,0,0,0
2019-04-09,UK,google-home-mini,dib,0,0,0,0,0
2019-04-09,UK,honeywell-thermostat,dib,0,0,0,0,0
2019-04-09,UK,insteon-hub,dib,0,0,0,0,0
2019-04-09,UK,lightify-hub,dib,0,0,0,0,0
2019-04-09,UK,magichome-strip,dib,0,0,0,0,0
2019-04-09,UK,nest-tstat,dib,0,0,0,0,0
2019-04-09,UK,netatmo-weather,dib,0,0,0,0,0
2019-04-09,UK,philips-hue,dib,7,1,0,0,4
2019-04-09,UK,ring-doorbell,dib,0,0,0,0,0
2019-04-09,UK,roku-tv,dib,0,0,0,0,0
2019-04-09,UK,samsungtv-wired,dib,0,0,0,0,0
2019-04-09,UK,sengled-hub,dib,0,0,0,0,0
2019-04-09,UK,smarter-coffee-mach,dib,0,0,0,0,0
2019-04-09,UK,smartthings,dib,4,0,0,0,4
2019-04-09,UK,sousvide,dib,0,0,0,0,0
2019-04-09,UK,t-wemo-plug,dib,0,0,0,0,0
2019-04-09,UK,tp-link-plug,dib,0,0,0,0,0
2019-04-09,UK,tplink-bulb,dib,0,0,0,0,0
2019-04-09,UK,tplink-plug2,dib,0,0,0,0,0
2019-04-09,UK,wansview-cam-wired,dib,3,3,0,0,3
2019-04-09,UK,xiaomi-cam2,dib,0,0,0,0,0
2019-04-09,UK,xiaomi-cleaner,dib,0,0,0,0,0
2019-04-09,UK,xiaomi-hub,dib,0,0,0,0,0
2019-04-09,UK,xiaomi-plug,dib,0,0,0,0,0
2019-04-09,UK,yi-camera,dib,0,0,0,0,0
2019-04-09,UK,allure-speaker,pooled_union,0,0,0,0,0
2019-04-09,UK,appletv,pooled_union,0,0,0,0,0
2019-04-09,UK,blink-camera,pooled_union,0,0,0,0,0
2019-04-09,UK,blink-security-hub,pooled_union,0,0,0,0,0
2019-04-09,UK,bosiwo-camera-wifi,pooled_union,0,0,0,0,0
2019-04-09,UK,bosiwo-camera-wired,pooled_union,24,3,0,0,0
2019-04-09,UK,charger-camera,pooled_union,0,0,0,0,0
2019-04-09,UK,echodot,pooled_union,0,0,0,0,0
2019-04-09,UK,echoplus,pooled_union,0,0,0,0,0
2019-04-09,UK,echospot,pooled_union,0,0,0,0,0
2019-04-09,UK,firetv,pooled_union,0,0,0,0,0
2019-04-09,UK,google-home,pooled_union,0,0,0,0,0
2019-04-09,UK,google-home-mini,pooled_union,0,0,0,0,0
2019-04-09,UK,honeywell-thermostat,pooled_union,0,0,0,0,0
2019-04-09,UK,insteon-hub,pooled_union,7,1,0,0,4
2019-04-09,UK,lightify-hub,pooled_union,0,0,0,0,0
2019-04-09,UK,magichome-strip,pooled_union,0,0,0,0,0
2019-04-09,UK,nest-tstat,pooled_union,0,0,0,0,0
2019-04-09,UK,netatmo-weather,pooled_union,0,0,0,0,0
2019-04-09,UK,philips-hue,pooled_union,25,0,0,0,14
2019-04-09,UK,ring-doorbell,pooled_union,0,0,0,0,0
2019-04-09,UK,roku-tv,pooled_union,0,0,0,0,0
2019-04-09,UK,samsungtv-wired,pooled_union,72,72,0,0,25
2019-04-09,UK,sengled-hub,pooled_union,5,0,0,0,2
2019-04-09,UK,smarter-coffee-mach,pooled_union,0,0,0,0,0
2019-04-09,UK,smartthings,pooled_union,16,0,0,0,5
2019-04-09,UK,sousvide,pooled_union,0,0,0,0,0
2019-04-09,UK,t-wemo-plug,pooled_union,0,0,0,0,0
2019-04-09,UK,tp-link-plug,pooled_union,0,0,0,0,0
2019-04-09,UK,tplink-bulb,pooled_union,0,0,0,0,0
2019-04-09,UK,tplink-plug2,pooled_union,0,0,0,0,0
2019-04-09,UK,wansview-cam-wired,pooled_union,14,9,0,0,11
2019-04-09,UK,xiaomi-cam2,pooled_union,0,0,0,0,0
2019-04-09,UK,xiaomi-cleaner,pooled_union,0,0,0,0,0
2019-04-09,UK,xiaomi-hub,pooled_union,0,0,0,0,0
2019-04-09,UK,xiaomi-plug,pooled_union,0,0,0,0,0
2019-04-09,UK,yi-camera,pooled_union,0,0,0,0,0
2019-04-09,UK,allure-speaker,quorum_only,0,0,0,0,0
2019-04-09,UK,appletv,quorum_only,0,0,0,0,0
2019-04-09,UK,blink-camera,quorum_only,0,0,0,0,0
2019-04-09,UK,blink-security-hub,quorum_only,0,0,0,0,0
2019-04-09,UK,bosiwo-camera-wifi,quorum_only,0,0,0,0,0
2019-04-09,UK,bosiwo-camera-wired,quorum_only,0,0,0,0,0
2019-04-09,UK,charger-camera,quorum_only,0,0,0,0,0
2019-04-09,UK,echodot,quorum_only,0,0,0,0,0
2019-04-09,UK,echoplus,quorum_only,0,0,0,0,0
2019-04-09,UK,echospot,quorum_only,0,0,0,0,0
2019-04-09,UK,firetv,quorum_only,0,0,0,0,0
2019-04-09,UK,google-home,quorum_only,0,0,0,0,0
2019-04-09,UK,google-home-mini,quorum_only,0,0,0,0,0
2019-04-09,UK,honeywell-thermostat,quorum_only,0,0,0,0,0
2019-04-09,UK,insteon-hub,quorum_only,0,0,0,0,0
2019-04-09,UK,lightify-hub,quorum_only,0,0,0,0,0
2019-04-09,UK,magichome-strip,quorum_only,0,0,0,0,0
2019-04-09,UK,nest-tstat,quorum_only,0,0,0,0,0
2019-04-09,UK,netatmo-weather,quorum_only,0,0,0,0,0
2019-04-09,UK,philips-hue,quorum_only,10,1,0,0,4
2019-04-09,UK,ring-doorbell,quorum_only,0,0,0,0,0
2019-04-09,UK,roku-tv,quorum_only,0,0,0,0,0
2019-04-09,UK,samsungtv-wired,quorum_only,0,0,0,0,0
2019-04-09,UK,sengled-hub,quorum_only,0,0,0,0,0
2019-04-09,UK,smarter-coffee-mach,quorum_only,0,0,0,0,0
2019-04-09,UK,smartthings,quorum_only,5,0,0,0,4
2019-04-09,UK,sousvide,quorum_only,0,0,0,0,0
2019-04-09,UK,t-wemo-plug,quorum_only,0,0,0,0,0
2019-04-09,UK,tp-link-plug,quorum_only,0,0,0,0,0
2019-04-09,UK,tplink-bulb,quorum_only,0,0,0,0,0
2019-04-09,UK,tplink-plug2,quorum_only,0,0,0,0,0
2019-04-09,UK,wansview-cam-wired,quorum_only,5,5,0,0,3
2019-04-09,UK,xiaomi-cam2,quorum_only,0,0,0,0,0
2019-04-09,UK,xiaomi-cleaner,quorum_only,0,0,0,0,0
2019-04-09,UK,xiaomi-hub,quorum_only,0,0,0,0,0
2019-04-09,UK,xiaomi-plug,quorum_only,0,0,0,0,0
2019-04-09,UK,yi-camera,quorum_only,0,0,0,0,0
2019-04-09,UK,allure-speaker,majority,0,0,0,0,0
2019-04-09,UK,appletv,majority,0,0,0,0,0
2019-04-09,UK,blink-camera,majority,0,0,0,0,0
2019-04-09,UK,blink-security-hub,majority,0,0,0,0,0
2019-04-09,UK,bosiwo-camera-wifi,majority,0,0,0,0,0
2019-04-09,UK,bosiwo-camera-wired,majority,24,3,0,0,0
2019-04-09,UK,charger-camera,majority,0,0,0,0,0
2019-04-09,UK,echodot,majority,0,0,0,0,0
2019-04-09,UK,echoplus,majority,0,0,0,0,0
2019-04-09,UK,echospot,majority,0,0,0,0,0
2019-04-09,UK,firetv,majority,0,0,0,0,0
2019-04-09,UK,google-home,majority,0,0,0,0,0
2019-04-09,UK,google-home-mini,majority,0,0,0,0,0
2019-04-09,UK,honeywell-thermostat,majority,0,0,0,0,0
2019-04-09,UK,insteon-hub,majority,7,1,0,0,4
2019-04-09,UK,lightify-hub,majority,0,0,0,0,0
2019-04-09,UK,magichome-strip,majority,0,0,0,0,0
2019-04-09,UK,nest-tstat,majority,0,0,0,0,0
2019-04-09,UK,netatmo-weather,majority,0,0,0,0,0
2019-04-09,UK,philips-hue,majority,25,0,0,0,14
2019-04-09,UK,ring-doorbell,majority,0,0,0,0,0
2019-04-09,UK,roku-tv,majority,0,0,0,0,0
2019-04-09,UK,samsungtv-wired,majority,72,72,0,0,25
2019-04-09,UK,sengled-hub,majority,5,0,0,0,2
2019-04-09,UK,smarter-coffee-mach,majority,0,0,0,0,0
2019-04-09,UK,smartthings,majority,16,0,0,0,5
2019-04-09,UK,sousvide,majority,0,0,0,0,0
2019-04-09,UK,t-wemo-plug,majority,0,0,0,0,0
2019-04-09,UK,tp-link-plug,majority,0,0,0,0,0
2019-04-09,UK,tplink-bulb,majority,0,0,0,0,0
2019-04-09,UK,tplink-plug2,majority,0,0,0,0,0
2019-04-09,UK,wansview-cam-wired,majority,14,9,0,0,11
2019-04-09,UK,xiaomi-cam2,majority,0,0,0,0,0
2019-04-09,UK,xiaomi-cleaner,majority,0,0,0,0,0
2019-04-09,UK,xiaomi-hub,majority,0,0,0,0,0
2019-04-09,UK,xiaomi-plug,majority,0,0,0,0,0
2019-04-09,UK,yi-camera,majority,0,0,0,0,0
2019-04-09,UK,allure-speaker,dib_without_portability_gate,0,0,0,0,0
2019-04-09,UK,appletv,dib_without_portability_gate,0,0,0,0,0
2019-04-09,UK,blink-camera,dib_without_portability_gate,0,0,0,0,0
2019-04-09,UK,blink-security-hub,dib_without_portability_gate,0,0,0,0,0
2019-04-09,UK,bosiwo-camera-wifi,dib_without_portability_gate,0,0,0,0,0
2019-04-09,UK,bosiwo-camera-wired,dib_without_portability_gate,0,0,0,0,0
2019-04-09,UK,charger-camera,dib_without_portability_gate,0,0,0,0,0
2019-04-09,UK,echodot,dib_without_portability_gate,0,0,0,0,0
2019-04-09,UK,echoplus,dib_without_portability_gate,0,0,0,0,0
2019-04-09,UK,echospot,dib_without_portability_gate,0,0,0,0,0
2019-04-09,UK,firetv,dib_without_portability_gate,0,0,0,0,0
2019-04-09,UK,google-home,dib_without_portability_gate,0,0,0,0,0
2019-04-09,UK,google-home-mini,dib_without_portability_gate,0,0,0,0,0
2019-04-09,UK,honeywell-thermostat,dib_without_portability_gate,0,0,0,0,0
2019-04-09,UK,insteon-hub,dib_without_portability_gate,0,0,0,0,0
2019-04-09,UK,lightify-hub,dib_without_portability_gate,0,0,0,0,0
2019-04-09,UK,magichome-strip,dib_without_portability_gate,0,0,0,0,0
2019-04-09,UK,nest-tstat,dib_without_portability_gate,0,0,0,0,0
2019-04-09,UK,netatmo-weather,dib_without_portability_gate,0,0,0,0,0
2019-04-09,UK,philips-hue,dib_without_portability_gate,10,1,0,0,4
2019-04-09,UK,ring-doorbell,dib_without_portability_gate,0,0,0,0,0
2019-04-09,UK,roku-tv,dib_without_portability_gate,0,0,0,0,0
2019-04-09,UK,samsungtv-wired,dib_without_portability_gate,0,0,0,0,0
2019-04-09,UK,sengled-hub,dib_without_portability_gate,0,0,0,0,0
2019-04-09,UK,smarter-coffee-mach,dib_without_portability_gate,0,0,0,0,0
2019-04-09,UK,smartthings,dib_without_portability_gate,5,0,0,0,4
2019-04-09,UK,sousvide,dib_without_portability_gate,0,0,0,0,0
2019-04-09,UK,t-wemo-plug,dib_without_portability_gate,0,0,0,0,0
2019-04-09,UK,tp-link-plug,dib_without_portability_gate,0,0,0,0,0
2019-04-09,UK,tplink-bulb,dib_without_portability_gate,0,0,0,0,0
2019-04-09,UK,tplink-plug2,dib_without_portability_gate,0,0,0,0,0
2019-04-09,UK,wansview-cam-wired,dib_without_portability_gate,5,5,0,0,3
2019-04-09,UK,xiaomi-cam2,dib_without_portability_gate,0,0,0,0,0
2019-04-09,UK,xiaomi-cleaner,dib_without_portability_gate,0,0,0,0,0
2019-04-09,UK,xiaomi-hub,dib_without_portability_gate,0,0,0,0,0
2019-04-09,UK,xiaomi-plug,dib_without_portability_gate,0,0,0,0,0
2019-04-09,UK,yi-camera,dib_without_portability_gate,0,0,0,0,0
2019-04-10,US,amcrest-cam-wired,dib,0,0,0,0,0
2019-04-10,US,appletv,dib,0,0,0,0,0
2019-04-10,US,blink-camera,dib,0,0,0,0,0
2019-04-10,US,blink-security-hub,dib,0,0,0,0,0
2019-04-10,US,brewer,dib,0,0,0,0,0
2019-04-10,US,bulb1,dib,0,0,0,0,0
2019-04-10,US,cloudcam,dib,0,0,0,0,0
2019-04-10,US,dlink-mov,dib,0,0,0,0,0
2019-04-10,US,dryer,dib,0,0,0,0,0
2019-04-10,US,echodot,dib,0,0,0,0,0
2019-04-10,US,echoplus,dib,0,0,0,0,0
2019-04-10,US,echospot,dib,0,0,0,0,0
2019-04-10,US,firetv,dib,0,0,0,0,0
2019-04-10,US,fridge,dib,0,0,0,0,0
2019-04-10,US,google-home-mini,dib,0,0,0,0,0
2019-04-10,US,google-home-mini2,dib,0,0,0,0,0
2019-04-10,US,ikettle,dib,0,0,0,0,0
2019-04-10,US,insteon-hub,dib,0,0,0,0,0
2019-04-10,US,invoke,dib,0,0,0,0,0
2019-04-10,US,lefun-cam-wired,dib,0,0,0,0,0
2019-04-10,US,lgtv-wired,dib,0,0,0,0,0
2019-04-10,US,lightify-hub,dib,0,0,0,0,0
2019-04-10,US,luohe-spycam,dib,0,0,0,0,0
2019-04-10,US,magichome-strip,dib,0,0,0,0,0
2019-04-10,US,microseven-camera,dib,0,0,0,0,0
2019-04-10,US,microwave,dib,0,0,0,0,0
2019-04-10,US,nest-tstat,dib,0,0,0,0,0
2019-04-10,US,philips-hue,dib,10,3,0,0,6
2019-04-10,US,ring-doorbell,dib,0,0,0,0,0
2019-04-10,US,roku-tv,dib,0,0,0,0,0
2019-04-10,US,samsungtv-wired,dib,0,0,0,0,0
2019-04-10,US,sengled-hub,dib,0,0,0,0,0
2019-04-10,US,smartthings,dib,4,0,0,0,4
2019-04-10,US,sousvide,dib,0,0,0,0,0
2019-04-10,US,t-echodot,dib,0,0,0,0,0
2019-04-10,US,t-smartthings-hub,dib,0,0,0,0,0
2019-04-10,US,t-wemo-plug,dib,0,0,0,0,0
2019-04-10,US,tp-link-plug,dib,0,0,0,0,0
2019-04-10,US,tplink-bulb,dib,0,0,0,0,0
2019-04-10,US,wansview-cam-wired,dib,3,0,0,0,3
2019-04-10,US,washer,dib,0,0,0,0,0
2019-04-10,US,wink-hub2,dib,0,0,0,0,0
2019-04-10,US,xiaomi-cleaner,dib,0,0,0,0,0
2019-04-10,US,xiaomi-hub,dib,0,0,0,0,0
2019-04-10,US,xiaomi-ricecooker,dib,0,0,0,0,0
2019-04-10,US,xiaomi-strip,dib,0,0,0,0,0
2019-04-10,US,yi-camera,dib,0,0,0,0,0
2019-04-10,US,zmodo-doorbell,dib,0,0,0,0,0
2019-04-10,US,amcrest-cam-wired,pooled_union,5932,1880,0,0,2
2019-04-10,US,appletv,pooled_union,19,19,0,0,14
2019-04-10,US,blink-camera,pooled_union,0,0,0,0,0
2019-04-10,US,blink-security-hub,pooled_union,0,0,0,0,0
2019-04-10,US,brewer,pooled_union,0,0,0,0,0
2019-04-10,US,bulb1,pooled_union,0,0,0,0,0
2019-04-10,US,cloudcam,pooled_union,0,0,0,0,0
2019-04-10,US,dlink-mov,pooled_union,0,0,0,0,0
2019-04-10,US,dryer,pooled_union,0,0,0,0,0
2019-04-10,US,echodot,pooled_union,0,0,0,0,0
2019-04-10,US,echoplus,pooled_union,0,0,0,0,0
2019-04-10,US,echospot,pooled_union,0,0,0,0,0
2019-04-10,US,firetv,pooled_union,0,0,0,0,0
2019-04-10,US,fridge,pooled_union,0,0,0,0,0
2019-04-10,US,google-home-mini,pooled_union,0,0,0,0,0
2019-04-10,US,google-home-mini2,pooled_union,0,0,0,0,0
2019-04-10,US,ikettle,pooled_union,0,0,0,0,0
2019-04-10,US,insteon-hub,pooled_union,11,4,0,0,8
2019-04-10,US,invoke,pooled_union,0,0,0,0,0
2019-04-10,US,lefun-cam-wired,pooled_union,81,75,0,0,0
2019-04-10,US,lgtv-wired,pooled_union,34,27,0,0,17
2019-04-10,US,lightify-hub,pooled_union,0,0,0,0,0
2019-04-10,US,luohe-spycam,pooled_union,0,0,0,0,0
2019-04-10,US,magichome-strip,pooled_union,0,0,0,0,0
2019-04-10,US,microseven-camera,pooled_union,1,0,0,0,0
2019-04-10,US,microwave,pooled_union,0,0,0,0,0
2019-04-10,US,nest-tstat,pooled_union,0,0,0,0,0
2019-04-10,US,philips-hue,pooled_union,38,13,0,0,26
2019-04-10,US,ring-doorbell,pooled_union,0,0,0,0,0
2019-04-10,US,roku-tv,pooled_union,0,0,0,0,0
2019-04-10,US,samsungtv-wired,pooled_union,72,0,0,0,25
2019-04-10,US,sengled-hub,pooled_union,7,2,0,0,4
2019-04-10,US,smartthings,pooled_union,20,4,0,0,9
2019-04-10,US,sousvide,pooled_union,0,0,0,0,0
2019-04-10,US,t-echodot,pooled_union,0,0,0,0,0
2019-04-10,US,t-smartthings-hub,pooled_union,0,0,0,0,0
2019-04-10,US,t-wemo-plug,pooled_union,0,0,0,0,0
2019-04-10,US,tp-link-plug,pooled_union,0,0,0,0,0
2019-04-10,US,tplink-bulb,pooled_union,0,0,0,0,0
2019-04-10,US,wansview-cam-wired,pooled_union,126,112,0,0,11
2019-04-10,US,washer,pooled_union,0,0,0,0,0
2019-04-10,US,wink-hub2,pooled_union,20,15,0,0,11
2019-04-10,US,xiaomi-cleaner,pooled_union,0,0,0,0,0
2019-04-10,US,xiaomi-hub,pooled_union,0,0,0,0,0
2019-04-10,US,xiaomi-ricecooker,pooled_union,0,0,0,0,0
2019-04-10,US,xiaomi-strip,pooled_union,0,0,0,0,0
2019-04-10,US,yi-camera,pooled_union,0,0,0,0,0
2019-04-10,US,zmodo-doorbell,pooled_union,0,0,0,0,0
2019-04-10,US,amcrest-cam-wired,quorum_only,0,0,0,0,0
2019-04-10,US,appletv,quorum_only,0,0,0,0,0
2019-04-10,US,blink-camera,quorum_only,0,0,0,0,0
2019-04-10,US,blink-security-hub,quorum_only,0,0,0,0,0
2019-04-10,US,brewer,quorum_only,0,0,0,0,0
2019-04-10,US,bulb1,quorum_only,0,0,0,0,0
2019-04-10,US,cloudcam,quorum_only,0,0,0,0,0
2019-04-10,US,dlink-mov,quorum_only,0,0,0,0,0
2019-04-10,US,dryer,quorum_only,0,0,0,0,0
2019-04-10,US,echodot,quorum_only,0,0,0,0,0
2019-04-10,US,echoplus,quorum_only,0,0,0,0,0
2019-04-10,US,echospot,quorum_only,0,0,0,0,0
2019-04-10,US,firetv,quorum_only,0,0,0,0,0
2019-04-10,US,fridge,quorum_only,0,0,0,0,0
2019-04-10,US,google-home-mini,quorum_only,0,0,0,0,0
2019-04-10,US,google-home-mini2,quorum_only,0,0,0,0,0
2019-04-10,US,ikettle,quorum_only,0,0,0,0,0
2019-04-10,US,insteon-hub,quorum_only,0,0,0,0,0
2019-04-10,US,invoke,quorum_only,0,0,0,0,0
2019-04-10,US,lefun-cam-wired,quorum_only,0,0,0,0,0
2019-04-10,US,lgtv-wired,quorum_only,0,0,0,0,0
2019-04-10,US,lightify-hub,quorum_only,0,0,0,0,0
2019-04-10,US,luohe-spycam,quorum_only,0,0,0,0,0
2019-04-10,US,magichome-strip,quorum_only,0,0,0,0,0
2019-04-10,US,microseven-camera,quorum_only,0,0,0,0,0
2019-04-10,US,microwave,quorum_only,0,0,0,0,0
2019-04-10,US,nest-tstat,quorum_only,0,0,0,0,0
2019-04-10,US,philips-hue,quorum_only,13,3,0,0,6
2019-04-10,US,ring-doorbell,quorum_only,0,0,0,0,0
2019-04-10,US,roku-tv,quorum_only,0,0,0,0,0
2019-04-10,US,samsungtv-wired,quorum_only,0,0,0,0,0
2019-04-10,US,sengled-hub,quorum_only,0,0,0,0,0
2019-04-10,US,smartthings,quorum_only,5,0,0,0,4
2019-04-10,US,sousvide,quorum_only,0,0,0,0,0
2019-04-10,US,t-echodot,quorum_only,0,0,0,0,0
2019-04-10,US,t-smartthings-hub,quorum_only,0,0,0,0,0
2019-04-10,US,t-wemo-plug,quorum_only,0,0,0,0,0
2019-04-10,US,tp-link-plug,quorum_only,0,0,0,0,0
2019-04-10,US,tplink-bulb,quorum_only,0,0,0,0,0
2019-04-10,US,wansview-cam-wired,quorum_only,5,0,0,0,3
2019-04-10,US,washer,quorum_only,0,0,0,0,0
2019-04-10,US,wink-hub2,quorum_only,0,0,0,0,0
2019-04-10,US,xiaomi-cleaner,quorum_only,0,0,0,0,0
2019-04-10,US,xiaomi-hub,quorum_only,0,0,0,0,0
2019-04-10,US,xiaomi-ricecooker,quorum_only,0,0,0,0,0
2019-04-10,US,xiaomi-strip,quorum_only,0,0,0,0,0
2019-04-10,US,yi-camera,quorum_only,0,0,0,0,0
2019-04-10,US,zmodo-doorbell,quorum_only,0,0,0,0,0
2019-04-10,US,amcrest-cam-wired,majority,5932,1880,0,0,2
2019-04-10,US,appletv,majority,19,19,0,0,14
2019-04-10,US,blink-camera,majority,0,0,0,0,0
2019-04-10,US,blink-security-hub,majority,0,0,0,0,0
2019-04-10,US,brewer,majority,0,0,0,0,0
2019-04-10,US,bulb1,majority,0,0,0,0,0
2019-04-10,US,cloudcam,majority,0,0,0,0,0
2019-04-10,US,dlink-mov,majority,0,0,0,0,0
2019-04-10,US,dryer,majority,0,0,0,0,0
2019-04-10,US,echodot,majority,0,0,0,0,0
2019-04-10,US,echoplus,majority,0,0,0,0,0
2019-04-10,US,echospot,majority,0,0,0,0,0
2019-04-10,US,firetv,majority,0,0,0,0,0
2019-04-10,US,fridge,majority,0,0,0,0,0
2019-04-10,US,google-home-mini,majority,0,0,0,0,0
2019-04-10,US,google-home-mini2,majority,0,0,0,0,0
2019-04-10,US,ikettle,majority,0,0,0,0,0
2019-04-10,US,insteon-hub,majority,11,4,0,0,8
2019-04-10,US,invoke,majority,0,0,0,0,0
2019-04-10,US,lefun-cam-wired,majority,81,75,0,0,0
2019-04-10,US,lgtv-wired,majority,34,27,0,0,17
2019-04-10,US,lightify-hub,majority,0,0,0,0,0
2019-04-10,US,luohe-spycam,majority,0,0,0,0,0
2019-04-10,US,magichome-strip,majority,0,0,0,0,0
2019-04-10,US,microseven-camera,majority,1,0,0,0,0
2019-04-10,US,microwave,majority,0,0,0,0,0
2019-04-10,US,nest-tstat,majority,0,0,0,0,0
2019-04-10,US,philips-hue,majority,38,13,0,0,26
2019-04-10,US,ring-doorbell,majority,0,0,0,0,0
2019-04-10,US,roku-tv,majority,0,0,0,0,0
2019-04-10,US,samsungtv-wired,majority,72,0,0,0,25
2019-04-10,US,sengled-hub,majority,7,2,0,0,4
2019-04-10,US,smartthings,majority,20,4,0,0,9
2019-04-10,US,sousvide,majority,0,0,0,0,0
2019-04-10,US,t-echodot,majority,0,0,0,0,0
2019-04-10,US,t-smartthings-hub,majority,0,0,0,0,0
2019-04-10,US,t-wemo-plug,majority,0,0,0,0,0
2019-04-10,US,tp-link-plug,majority,0,0,0,0,0
2019-04-10,US,tplink-bulb,majority,0,0,0,0,0
2019-04-10,US,wansview-cam-wired,majority,126,112,0,0,11
2019-04-10,US,washer,majority,0,0,0,0,0
2019-04-10,US,wink-hub2,majority,20,15,0,0,11
2019-04-10,US,xiaomi-cleaner,majority,0,0,0,0,0
2019-04-10,US,xiaomi-hub,majority,0,0,0,0,0
2019-04-10,US,xiaomi-ricecooker,majority,0,0,0,0,0
2019-04-10,US,xiaomi-strip,majority,0,0,0,0,0
2019-04-10,US,yi-camera,majority,0,0,0,0,0
2019-04-10,US,zmodo-doorbell,majority,0,0,0,0,0
2019-04-10,US,amcrest-cam-wired,dib_without_portability_gate,0,0,0,0,0
2019-04-10,US,appletv,dib_without_portability_gate,0,0,0,0,0
2019-04-10,US,blink-camera,dib_without_portability_gate,0,0,0,0,0
2019-04-10,US,blink-security-hub,dib_without_portability_gate,0,0,0,0,0
2019-04-10,US,brewer,dib_without_portability_gate,0,0,0,0,0
2019-04-10,US,bulb1,dib_without_portability_gate,0,0,0,0,0
2019-04-10,US,cloudcam,dib_without_portability_gate,0,0,0,0,0
2019-04-10,US,dlink-mov,dib_without_portability_gate,0,0,0,0,0
2019-04-10,US,dryer,dib_without_portability_gate,0,0,0,0,0
2019-04-10,US,echodot,dib_without_portability_gate,0,0,0,0,0
2019-04-10,US,echoplus,dib_without_portability_gate,0,0,0,0,0
2019-04-10,US,echospot,dib_without_portability_gate,0,0,0,0,0
2019-04-10,US,firetv,dib_without_portability_gate,0,0,0,0,0
2019-04-10,US,fridge,dib_without_portability_gate,0,0,0,0,0
2019-04-10,US,google-home-mini,dib_without_portability_gate,0,0,0,0,0
2019-04-10,US,google-home-mini2,dib_without_portability_gate,0,0,0,0,0
2019-04-10,US,ikettle,dib_without_portability_gate,0,0,0,0,0
2019-04-10,US,insteon-hub,dib_without_portability_gate,0,0,0,0,0
2019-04-10,US,invoke,dib_without_portability_gate,0,0,0,0,0
2019-04-10,US,lefun-cam-wired,dib_without_portability_gate,0,0,0,0,0
2019-04-10,US,lgtv-wired,dib_without_portability_gate,0,0,0,0,0
2019-04-10,US,lightify-hub,dib_without_portability_gate,0,0,0,0,0
2019-04-10,US,luohe-spycam,dib_without_portability_gate,0,0,0,0,0
2019-04-10,US,magichome-strip,dib_without_portability_gate,0,0,0,0,0
2019-04-10,US,microseven-camera,dib_without_portability_gate,0,0,0,0,0
2019-04-10,US,microwave,dib_without_portability_gate,0,0,0,0,0
2019-04-10,US,nest-tstat,dib_without_portability_gate,0,0,0,0,0
2019-04-10,US,philips-hue,dib_without_portability_gate,13,3,0,0,6
2019-04-10,US,ring-doorbell,dib_without_portability_gate,0,0,0,0,0
2019-04-10,US,roku-tv,dib_without_portability_gate,0,0,0,0,0
2019-04-10,US,samsungtv-wired,dib_without_portability_gate,0,0,0,0,0
2019-04-10,US,sengled-hub,dib_without_portability_gate,0,0,0,0,0
2019-04-10,US,smartthings,dib_without_portability_gate,5,0,0,0,4
2019-04-10,US,sousvide,dib_without_portability_gate,0,0,0,0,0
2019-04-10,US,t-echodot,dib_without_portability_gate,0,0,0,0,0
2019-04-10,US,t-smartthings-hub,dib_without_portability_gate,0,0,0,0,0
2019-04-10,US,t-wemo-plug,dib_without_portability_gate,0,0,0,0,0
2019-04-10,US,tp-link-plug,dib_without_portability_gate,0,0,0,0,0
2019-04-10,US,tplink-bulb,dib_without_portability_gate,0,0,0,0,0
2019-04-10,US,wansview-cam-wired,dib_without_portability_gate,5,0,0,0,3
2019-04-10,US,washer,dib_without_portability_gate,0,0,0,0,0
2019-04-10,US,wink-hub2,dib_without_portability_gate,0,0,0,0,0
2019-04-10,US,xiaomi-cleaner,dib_without_portability_gate,0,0,0,0,0
2019-04-10,US,xiaomi-hub,dib_without_portability_gate,0,0,0,0,0
2019-04-10,US,xiaomi-ricecooker,dib_without_portability_gate,0,0,0,0,0
2019-04-10,US,xiaomi-strip,dib_without_portability_gate,0,0,0,0,0
2019-04-10,US,yi-camera,dib_without_portability_gate,0,0,0,0,0
2019-04-10,US,zmodo-doorbell,dib_without_portability_gate,0,0,0,0,0
2019-04-10,UK,allure-speaker,dib,0,0,0,0,0
2019-04-10,UK,appletv,dib,0,0,0,0,0
2019-04-10,UK,blink-camera,dib,0,0,0,0,0
2019-04-10,UK,blink-security-hub,dib,0,0,0,0,0
2019-04-10,UK,bosiwo-camera-wifi,dib,0,0,0,0,0
2019-04-10,UK,bosiwo-camera-wired,dib,0,0,0,0,0
2019-04-10,UK,charger-camera,dib,0,0,0,0,0
2019-04-10,UK,echodot,dib,0,0,0,0,0
2019-04-10,UK,echoplus,dib,0,0,0,0,0
2019-04-10,UK,echospot,dib,0,0,0,0,0
2019-04-10,UK,firetv,dib,0,0,0,0,0
2019-04-10,UK,google-home,dib,0,0,0,0,0
2019-04-10,UK,google-home-mini,dib,0,0,0,0,0
2019-04-10,UK,honeywell-thermostat,dib,0,0,0,0,0
2019-04-10,UK,insteon-hub,dib,0,0,0,0,0
2019-04-10,UK,lightify-hub,dib,0,0,0,0,0
2019-04-10,UK,magichome-strip,dib,0,0,0,0,0
2019-04-10,UK,nest-tstat,dib,0,0,0,0,0
2019-04-10,UK,netatmo-weather,dib,0,0,0,0,0
2019-04-10,UK,philips-hue,dib,10,3,0,0,6
2019-04-10,UK,ring-doorbell,dib,0,0,0,0,0
2019-04-10,UK,roku-tv,dib,0,0,0,0,0
2019-04-10,UK,samsungtv-wired,dib,0,0,0,0,0
2019-04-10,UK,sengled-hub,dib,0,0,0,0,0
2019-04-10,UK,smarter-coffee-mach,dib,0,0,0,0,0
2019-04-10,UK,smartthings,dib,4,0,0,0,4
2019-04-10,UK,sousvide,dib,0,0,0,0,0
2019-04-10,UK,t-wemo-plug,dib,0,0,0,0,0
2019-04-10,UK,tp-link-plug,dib,0,0,0,0,0
2019-04-10,UK,tplink-bulb,dib,0,0,0,0,0
2019-04-10,UK,tplink-plug2,dib,0,0,0,0,0
2019-04-10,UK,wansview-cam-wired,dib,3,0,0,0,3
2019-04-10,UK,xiaomi-cam2,dib,0,0,0,0,0
2019-04-10,UK,xiaomi-cleaner,dib,0,0,0,0,0
2019-04-10,UK,xiaomi-hub,dib,0,0,0,0,0
2019-04-10,UK,xiaomi-plug,dib,0,0,0,0,0
2019-04-10,UK,yi-camera,dib,0,0,0,0,0
2019-04-10,UK,allure-speaker,pooled_union,0,0,0,0,0
2019-04-10,UK,appletv,pooled_union,19,19,0,0,14
2019-04-10,UK,blink-camera,pooled_union,0,0,0,0,0
2019-04-10,UK,blink-security-hub,pooled_union,0,0,0,0,0
2019-04-10,UK,bosiwo-camera-wifi,pooled_union,0,0,0,0,0
2019-04-10,UK,bosiwo-camera-wired,pooled_union,27,3,0,0,0
2019-04-10,UK,charger-camera,pooled_union,0,0,0,0,0
2019-04-10,UK,echodot,pooled_union,0,0,0,0,0
2019-04-10,UK,echoplus,pooled_union,0,0,0,0,0
2019-04-10,UK,echospot,pooled_union,0,0,0,0,0
2019-04-10,UK,firetv,pooled_union,0,0,0,0,0
2019-04-10,UK,google-home,pooled_union,0,0,0,0,0
2019-04-10,UK,google-home-mini,pooled_union,0,0,0,0,0
2019-04-10,UK,honeywell-thermostat,pooled_union,0,0,0,0,0
2019-04-10,UK,insteon-hub,pooled_union,11,4,0,0,8
2019-04-10,UK,lightify-hub,pooled_union,0,0,0,0,0
2019-04-10,UK,magichome-strip,pooled_union,0,0,0,0,0
2019-04-10,UK,nest-tstat,pooled_union,0,0,0,0,0
2019-04-10,UK,netatmo-weather,pooled_union,0,0,0,0,0
2019-04-10,UK,philips-hue,pooled_union,38,13,0,0,26
2019-04-10,UK,ring-doorbell,pooled_union,0,0,0,0,0
2019-04-10,UK,roku-tv,pooled_union,0,0,0,0,0
2019-04-10,UK,samsungtv-wired,pooled_union,72,0,0,0,25
2019-04-10,UK,sengled-hub,pooled_union,7,2,0,0,4
2019-04-10,UK,smarter-coffee-mach,pooled_union,0,0,0,0,0
2019-04-10,UK,smartthings,pooled_union,20,4,0,0,9
2019-04-10,UK,sousvide,pooled_union,0,0,0,0,0
2019-04-10,UK,t-wemo-plug,pooled_union,0,0,0,0,0
2019-04-10,UK,tp-link-plug,pooled_union,0,0,0,0,0
2019-04-10,UK,tplink-bulb,pooled_union,0,0,0,0,0
2019-04-10,UK,tplink-plug2,pooled_union,0,0,0,0,0
2019-04-10,UK,wansview-cam-wired,pooled_union,126,112,0,0,11
2019-04-10,UK,xiaomi-cam2,pooled_union,0,0,0,0,0
2019-04-10,UK,xiaomi-cleaner,pooled_union,0,0,0,0,0
2019-04-10,UK,xiaomi-hub,pooled_union,0,0,0,0,0
2019-04-10,UK,xiaomi-plug,pooled_union,0,0,0,0,0
2019-04-10,UK,yi-camera,pooled_union,0,0,0,0,0
2019-04-10,UK,allure-speaker,quorum_only,0,0,0,0,0
2019-04-10,UK,appletv,quorum_only,0,0,0,0,0
2019-04-10,UK,blink-camera,quorum_only,0,0,0,0,0
2019-04-10,UK,blink-security-hub,quorum_only,0,0,0,0,0
2019-04-10,UK,bosiwo-camera-wifi,quorum_only,0,0,0,0,0
2019-04-10,UK,bosiwo-camera-wired,quorum_only,0,0,0,0,0
2019-04-10,UK,charger-camera,quorum_only,0,0,0,0,0
2019-04-10,UK,echodot,quorum_only,0,0,0,0,0
2019-04-10,UK,echoplus,quorum_only,0,0,0,0,0
2019-04-10,UK,echospot,quorum_only,0,0,0,0,0
2019-04-10,UK,firetv,quorum_only,0,0,0,0,0
2019-04-10,UK,google-home,quorum_only,0,0,0,0,0
2019-04-10,UK,google-home-mini,quorum_only,0,0,0,0,0
2019-04-10,UK,honeywell-thermostat,quorum_only,0,0,0,0,0
2019-04-10,UK,insteon-hub,quorum_only,0,0,0,0,0
2019-04-10,UK,lightify-hub,quorum_only,0,0,0,0,0
2019-04-10,UK,magichome-strip,quorum_only,0,0,0,0,0
2019-04-10,UK,nest-tstat,quorum_only,0,0,0,0,0
2019-04-10,UK,netatmo-weather,quorum_only,0,0,0,0,0
2019-04-10,UK,philips-hue,quorum_only,13,3,0,0,6
2019-04-10,UK,ring-doorbell,quorum_only,0,0,0,0,0
2019-04-10,UK,roku-tv,quorum_only,0,0,0,0,0
2019-04-10,UK,samsungtv-wired,quorum_only,0,0,0,0,0
2019-04-10,UK,sengled-hub,quorum_only,0,0,0,0,0
2019-04-10,UK,smarter-coffee-mach,quorum_only,0,0,0,0,0
2019-04-10,UK,smartthings,quorum_only,5,0,0,0,4
2019-04-10,UK,sousvide,quorum_only,0,0,0,0,0
2019-04-10,UK,t-wemo-plug,quorum_only,0,0,0,0,0
2019-04-10,UK,tp-link-plug,quorum_only,0,0,0,0,0
2019-04-10,UK,tplink-bulb,quorum_only,0,0,0,0,0
2019-04-10,UK,tplink-plug2,quorum_only,0,0,0,0,0
2019-04-10,UK,wansview-cam-wired,quorum_only,5,0,0,0,3
2019-04-10,UK,xiaomi-cam2,quorum_only,0,0,0,0,0
2019-04-10,UK,xiaomi-cleaner,quorum_only,0,0,0,0,0
2019-04-10,UK,xiaomi-hub,quorum_only,0,0,0,0,0
2019-04-10,UK,xiaomi-plug,quorum_only,0,0,0,0,0
2019-04-10,UK,yi-camera,quorum_only,0,0,0,0,0
2019-04-10,UK,allure-speaker,majority,0,0,0,0,0
2019-04-10,UK,appletv,majority,19,19,0,0,14
2019-04-10,UK,blink-camera,majority,0,0,0,0,0
2019-04-10,UK,blink-security-hub,majority,0,0,0,0,0
2019-04-10,UK,bosiwo-camera-wifi,majority,0,0,0,0,0
2019-04-10,UK,bosiwo-camera-wired,majority,27,3,0,0,0
2019-04-10,UK,charger-camera,majority,0,0,0,0,0
2019-04-10,UK,echodot,majority,0,0,0,0,0
2019-04-10,UK,echoplus,majority,0,0,0,0,0
2019-04-10,UK,echospot,majority,0,0,0,0,0
2019-04-10,UK,firetv,majority,0,0,0,0,0
2019-04-10,UK,google-home,majority,0,0,0,0,0
2019-04-10,UK,google-home-mini,majority,0,0,0,0,0
2019-04-10,UK,honeywell-thermostat,majority,0,0,0,0,0
2019-04-10,UK,insteon-hub,majority,11,4,0,0,8
2019-04-10,UK,lightify-hub,majority,0,0,0,0,0
2019-04-10,UK,magichome-strip,majority,0,0,0,0,0
2019-04-10,UK,nest-tstat,majority,0,0,0,0,0
2019-04-10,UK,netatmo-weather,majority,0,0,0,0,0
2019-04-10,UK,philips-hue,majority,38,13,0,0,26
2019-04-10,UK,ring-doorbell,majority,0,0,0,0,0
2019-04-10,UK,roku-tv,majority,0,0,0,0,0
2019-04-10,UK,samsungtv-wired,majority,72,0,0,0,25
2019-04-10,UK,sengled-hub,majority,7,2,0,0,4
2019-04-10,UK,smarter-coffee-mach,majority,0,0,0,0,0
2019-04-10,UK,smartthings,majority,20,4,0,0,9
2019-04-10,UK,sousvide,majority,0,0,0,0,0
2019-04-10,UK,t-wemo-plug,majority,0,0,0,0,0
2019-04-10,UK,tp-link-plug,majority,0,0,0,0,0
2019-04-10,UK,tplink-bulb,majority,0,0,0,0,0
2019-04-10,UK,tplink-plug2,majority,0,0,0,0,0
2019-04-10,UK,wansview-cam-wired,majority,126,112,0,0,11
2019-04-10,UK,xiaomi-cam2,majority,0,0,0,0,0
2019-04-10,UK,xiaomi-cleaner,majority,0,0,0,0,0
2019-04-10,UK,xiaomi-hub,majority,0,0,0,0,0
2019-04-10,UK,xiaomi-plug,majority,0,0,0,0,0
2019-04-10,UK,yi-camera,majority,0,0,0,0,0
2019-04-10,UK,allure-speaker,dib_without_portability_gate,0,0,0,0,0
2019-04-10,UK,appletv,dib_without_portability_gate,0,0,0,0,0
2019-04-10,UK,blink-camera,dib_without_portability_gate,0,0,0,0,0
2019-04-10,UK,blink-security-hub,dib_without_portability_gate,0,0,0,0,0
2019-04-10,UK,bosiwo-camera-wifi,dib_without_portability_gate,0,0,0,0,0
2019-04-10,UK,bosiwo-camera-wired,dib_without_portability_gate,0,0,0,0,0
2019-04-10,UK,charger-camera,dib_without_portability_gate,0,0,0,0,0
2019-04-10,UK,echodot,dib_without_portability_gate,0,0,0,0,0
2019-04-10,UK,echoplus,dib_without_portability_gate,0,0,0,0,0
2019-04-10,UK,echospot,dib_without_portability_gate,0,0,0,0,0
2019-04-10,UK,firetv,dib_without_portability_gate,0,0,0,0,0
2019-04-10,UK,google-home,dib_without_portability_gate,0,0,0,0,0
2019-04-10,UK,google-home-mini,dib_without_portability_gate,0,0,0,0,0
2019-04-10,UK,honeywell-thermostat,dib_without_portability_gate,0,0,0,0,0
2019-04-10,UK,insteon-hub,dib_without_portability_gate,0,0,0,0,0
2019-04-10,UK,lightify-hub,dib_without_portability_gate,0,0,0,0,0
2019-04-10,UK,magichome-strip,dib_without_portability_gate,0,0,0,0,0
2019-04-10,UK,nest-tstat,dib_without_portability_gate,0,0,0,0,0
2019-04-10,UK,netatmo-weather,dib_without_portability_gate,0,0,0,0,0
2019-04-10,UK,philips-hue,dib_without_portability_gate,13,3,0,0,6
2019-04-10,UK,ring-doorbell,dib_without_portability_gate,0,0,0,0,0
2019-04-10,UK,roku-tv,dib_without_portability_gate,0,0,0,0,0
2019-04-10,UK,samsungtv-wired,dib_without_portability_gate,0,0,0,0,0
2019-04-10,UK,sengled-hub,dib_without_portability_gate,0,0,0,0,0
2019-04-10,UK,smarter-coffee-mach,dib_without_portability_gate,0,0,0,0,0
2019-04-10,UK,smartthings,dib_without_portability_gate,5,0,0,0,4
2019-04-10,UK,sousvide,dib_without_portability_gate,0,0,0,0,0
2019-04-10,UK,t-wemo-plug,dib_without_portability_gate,0,0,0,0,0
2019-04-10,UK,tp-link-plug,dib_without_portability_gate,0,0,0,0,0
2019-04-10,UK,tplink-bulb,dib_without_portability_gate,0,0,0,0,0
2019-04-10,UK,tplink-plug2,dib_without_portability_gate,0,0,0,0,0
2019-04-10,UK,wansview-cam-wired,dib_without_portability_gate,5,0,0,0,3
2019-04-10,UK,xiaomi-cam2,dib_without_portability_gate,0,0,0,0,0
2019-04-10,UK,xiaomi-cleaner,dib_without_portability_gate,0,0,0,0,0
2019-04-10,UK,xiaomi-hub,dib_without_portability_gate,0,0,0,0,0
2019-04-10,UK,xiaomi-plug,dib_without_portability_gate,0,0,0,0,0
2019-04-10,UK,yi-camera,dib_without_portability_gate,0,0,0,0,0
2019-04-11,US,amcrest-cam-wired,dib,0,0,0,0,0
2019-04-11,US,appletv,dib,10,10,0,0,10
2019-04-11,US,blink-camera,dib,0,0,0,0,0
2019-04-11,US,blink-security-hub,dib,0,0,0,0,0
2019-04-11,US,brewer,dib,0,0,0,0,0
2019-04-11,US,bulb1,dib,0,0,0,0,0
2019-04-11,US,cloudcam,dib,0,0,0,0,0
2019-04-11,US,dlink-mov,dib,0,0,0,0,0
2019-04-11,US,dryer,dib,0,0,0,0,0
2019-04-11,US,echodot,dib,0,0,0,0,0
2019-04-11,US,echoplus,dib,0,0,0,0,0
2019-04-11,US,echospot,dib,0,0,0,0,0
2019-04-11,US,firetv,dib,0,0,0,0,0
2019-04-11,US,fridge,dib,0,0,0,0,0
2019-04-11,US,google-home-mini,dib,0,0,0,0,0
2019-04-11,US,google-home-mini2,dib,0,0,0,0,0
2019-04-11,US,ikettle,dib,0,0,0,0,0
2019-04-11,US,insteon-hub,dib,0,0,0,0,0
2019-04-11,US,invoke,dib,0,0,0,0,0
2019-04-11,US,lefun-cam-wired,dib,0,0,0,0,0
2019-04-11,US,lgtv-wired,dib,0,0,0,0,0
2019-04-11,US,lightify-hub,dib,0,0,0,0,0
2019-04-11,US,luohe-spycam,dib,0,0,0,0,0
2019-04-11,US,magichome-strip,dib,0,0,0,0,0
2019-04-11,US,microseven-camera,dib,0,0,0,0,0
2019-04-11,US,microwave,dib,0,0,0,0,0
2019-04-11,US,nest-tstat,dib,0,0,0,0,0
2019-04-11,US,philips-hue,dib,10,0,0,0,6
2019-04-11,US,ring-doorbell,dib,0,0,0,0,0
2019-04-11,US,roku-tv,dib,0,0,0,0,0
2019-04-11,US,samsungtv-wired,dib,15,15,0,0,15
2019-04-11,US,sengled-hub,dib,0,0,0,0,0
2019-04-11,US,smartthings,dib,4,0,0,0,4
2019-04-11,US,sousvide,dib,0,0,0,0,0
2019-04-11,US,t-echodot,dib,0,0,0,0,0
2019-04-11,US,t-smartthings-hub,dib,0,0,0,0,0
2019-04-11,US,t-wemo-plug,dib,0,0,0,0,0
2019-04-11,US,tp-link-plug,dib,0,0,0,0,0
2019-04-11,US,tplink-bulb,dib,0,0,0,0,0
2019-04-11,US,wansview-cam-wired,dib,3,0,0,0,3
2019-04-11,US,washer,dib,0,0,0,0,0
2019-04-11,US,wink-hub2,dib,0,0,0,0,0
2019-04-11,US,xiaomi-cleaner,dib,0,0,0,0,0
2019-04-11,US,xiaomi-hub,dib,0,0,0,0,0
2019-04-11,US,xiaomi-ricecooker,dib,0,0,0,0,0
2019-04-11,US,xiaomi-strip,dib,0,0,0,0,0
2019-04-11,US,yi-camera,dib,0,0,0,0,0
2019-04-11,US,zmodo-doorbell,dib,0,0,0,0,0
2019-04-11,US,amcrest-cam-wired,pooled_union,7317,1385,0,0,11
2019-04-11,US,appletv,pooled_union,67,48,0,0,55
2019-04-11,US,blink-camera,pooled_union,0,0,0,0,0
2019-04-11,US,blink-security-hub,pooled_union,0,0,0,0,0
2019-04-11,US,brewer,pooled_union,0,0,0,0,0
2019-04-11,US,bulb1,pooled_union,0,0,0,0,0
2019-04-11,US,cloudcam,pooled_union,0,0,0,0,0
2019-04-11,US,dlink-mov,pooled_union,0,0,0,0,0
2019-04-11,US,dryer,pooled_union,0,0,0,0,0
2019-04-11,US,echodot,pooled_union,0,0,0,0,0
2019-04-11,US,echoplus,pooled_union,0,0,0,0,0
2019-04-11,US,echospot,pooled_union,0,0,0,0,0
2019-04-11,US,firetv,pooled_union,0,0,0,0,0
2019-04-11,US,fridge,pooled_union,0,0,0,0,0
2019-04-11,US,google-home-mini,pooled_union,0,0,0,0,0
2019-04-11,US,google-home-mini2,pooled_union,0,0,0,0,0
2019-04-11,US,ikettle,pooled_union,0,0,0,0,0
2019-04-11,US,insteon-hub,pooled_union,11,0,0,0,8
2019-04-11,US,invoke,pooled_union,0,0,0,0,0
2019-04-11,US,lefun-cam-wired,pooled_union,142,61,0,0,0
2019-04-11,US,lgtv-wired,pooled_union,55,21,0,0,36
2019-04-11,US,lightify-hub,pooled_union,0,0,0,0,0
2019-04-11,US,luohe-spycam,pooled_union,0,0,0,0,0
2019-04-11,US,magichome-strip,pooled_union,0,0,0,0,0
2019-04-11,US,microseven-camera,pooled_union,6,5,0,0,5
2019-04-11,US,microwave,pooled_union,0,0,0,0,0
2019-04-11,US,nest-tstat,pooled_union,0,0,0,0,0
2019-04-11,US,philips-hue,pooled_union,38,0,0,0,26
2019-04-11,US,ring-doorbell,pooled_union,0,0,0,0,0
2019-04-11,US,roku-tv,pooled_union,0,0,0,0,0
2019-04-11,US,samsungtv-wired,pooled_union,187,115,0,0,108
2019-04-11,US,sengled-hub,pooled_union,7,0,0,0,4
2019-04-11,US,smartthings,pooled_union,21,1,0,0,9
2019-04-11,US,sousvide,pooled_union,0,0,0,0,0
2019-04-11,US,t-echodot,pooled_union,0,0,0,0,0
2019-04-11,US,t-smartthings-hub,pooled_union,0,0,0,0,0
2019-04-11,US,t-wemo-plug,pooled_union,0,0,0,0,0
2019-04-11,US,tp-link-plug,pooled_union,0,0,0,0,0
2019-04-11,US,tplink-bulb,pooled_union,0,0,0,0,0
2019-04-11,US,wansview-cam-wired,pooled_union,251,125,0,0,13
2019-04-11,US,washer,pooled_union,0,0,0,0,0
2019-04-11,US,wink-hub2,pooled_union,23,3,0,0,11
2019-04-11,US,xiaomi-cleaner,pooled_union,0,0,0,0,0
2019-04-11,US,xiaomi-hub,pooled_union,0,0,0,0,0
2019-04-11,US,xiaomi-ricecooker,pooled_union,0,0,0,0,0
2019-04-11,US,xiaomi-strip,pooled_union,0,0,0,0,0
2019-04-11,US,yi-camera,pooled_union,0,0,0,0,0
2019-04-11,US,zmodo-doorbell,pooled_union,0,0,0,0,0
2019-04-11,US,amcrest-cam-wired,quorum_only,0,0,0,0,0
2019-04-11,US,appletv,quorum_only,10,10,0,0,10
2019-04-11,US,blink-camera,quorum_only,0,0,0,0,0
2019-04-11,US,blink-security-hub,quorum_only,0,0,0,0,0
2019-04-11,US,brewer,quorum_only,0,0,0,0,0
2019-04-11,US,bulb1,quorum_only,0,0,0,0,0
2019-04-11,US,cloudcam,quorum_only,0,0,0,0,0
2019-04-11,US,dlink-mov,quorum_only,0,0,0,0,0
2019-04-11,US,dryer,quorum_only,0,0,0,0,0
2019-04-11,US,echodot,quorum_only,0,0,0,0,0
2019-04-11,US,echoplus,quorum_only,0,0,0,0,0
2019-04-11,US,echospot,quorum_only,0,0,0,0,0
2019-04-11,US,firetv,quorum_only,0,0,0,0,0
2019-04-11,US,fridge,quorum_only,0,0,0,0,0
2019-04-11,US,google-home-mini,quorum_only,0,0,0,0,0
2019-04-11,US,google-home-mini2,quorum_only,0,0,0,0,0
2019-04-11,US,ikettle,quorum_only,0,0,0,0,0
2019-04-11,US,insteon-hub,quorum_only,0,0,0,0,0
2019-04-11,US,invoke,quorum_only,0,0,0,0,0
2019-04-11,US,lefun-cam-wired,quorum_only,0,0,0,0,0
2019-04-11,US,lgtv-wired,quorum_only,0,0,0,0,0
2019-04-11,US,lightify-hub,quorum_only,0,0,0,0,0
2019-04-11,US,luohe-spycam,quorum_only,0,0,0,0,0
2019-04-11,US,magichome-strip,quorum_only,0,0,0,0,0
2019-04-11,US,microseven-camera,quorum_only,0,0,0,0,0
2019-04-11,US,microwave,quorum_only,0,0,0,0,0
2019-04-11,US,nest-tstat,quorum_only,0,0,0,0,0
2019-04-11,US,philips-hue,quorum_only,13,0,0,0,6
2019-04-11,US,ring-doorbell,quorum_only,0,0,0,0,0
2019-04-11,US,roku-tv,quorum_only,0,0,0,0,0
2019-04-11,US,samsungtv-wired,quorum_only,21,21,0,0,15
2019-04-11,US,sengled-hub,quorum_only,0,0,0,0,0
2019-04-11,US,smartthings,quorum_only,5,0,0,0,4
2019-04-11,US,sousvide,quorum_only,0,0,0,0,0
2019-04-11,US,t-echodot,quorum_only,0,0,0,0,0
2019-04-11,US,t-smartthings-hub,quorum_only,0,0,0,0,0
2019-04-11,US,t-wemo-plug,quorum_only,0,0,0,0,0
2019-04-11,US,tp-link-plug,quorum_only,0,0,0,0,0
2019-04-11,US,tplink-bulb,quorum_only,0,0,0,0,0
2019-04-11,US,wansview-cam-wired,quorum_only,5,0,0,0,3
2019-04-11,US,washer,quorum_only,0,0,0,0,0
2019-04-11,US,wink-hub2,quorum_only,0,0,0,0,0
2019-04-11,US,xiaomi-cleaner,quorum_only,0,0,0,0,0
2019-04-11,US,xiaomi-hub,quorum_only,0,0,0,0,0
2019-04-11,US,xiaomi-ricecooker,quorum_only,0,0,0,0,0
2019-04-11,US,xiaomi-strip,quorum_only,0,0,0,0,0
2019-04-11,US,yi-camera,quorum_only,0,0,0,0,0
2019-04-11,US,zmodo-doorbell,quorum_only,0,0,0,0,0
2019-04-11,US,amcrest-cam-wired,majority,7317,1385,0,0,11
2019-04-11,US,appletv,majority,67,48,0,0,55
2019-04-11,US,blink-camera,majority,0,0,0,0,0
2019-04-11,US,blink-security-hub,majority,0,0,0,0,0
2019-04-11,US,brewer,majority,0,0,0,0,0
2019-04-11,US,bulb1,majority,0,0,0,0,0
2019-04-11,US,cloudcam,majority,0,0,0,0,0
2019-04-11,US,dlink-mov,majority,0,0,0,0,0
2019-04-11,US,dryer,majority,0,0,0,0,0
2019-04-11,US,echodot,majority,0,0,0,0,0
2019-04-11,US,echoplus,majority,0,0,0,0,0
2019-04-11,US,echospot,majority,0,0,0,0,0
2019-04-11,US,firetv,majority,0,0,0,0,0
2019-04-11,US,fridge,majority,0,0,0,0,0
2019-04-11,US,google-home-mini,majority,0,0,0,0,0
2019-04-11,US,google-home-mini2,majority,0,0,0,0,0
2019-04-11,US,ikettle,majority,0,0,0,0,0
2019-04-11,US,insteon-hub,majority,11,0,0,0,8
2019-04-11,US,invoke,majority,0,0,0,0,0
2019-04-11,US,lefun-cam-wired,majority,142,61,0,0,0
2019-04-11,US,lgtv-wired,majority,55,21,0,0,36
2019-04-11,US,lightify-hub,majority,0,0,0,0,0
2019-04-11,US,luohe-spycam,majority,0,0,0,0,0
2019-04-11,US,magichome-strip,majority,0,0,0,0,0
2019-04-11,US,microseven-camera,majority,6,5,0,0,5
2019-04-11,US,microwave,majority,0,0,0,0,0
2019-04-11,US,nest-tstat,majority,0,0,0,0,0
2019-04-11,US,philips-hue,majority,38,0,0,0,26
2019-04-11,US,ring-doorbell,majority,0,0,0,0,0
2019-04-11,US,roku-tv,majority,0,0,0,0,0
2019-04-11,US,samsungtv-wired,majority,187,115,0,0,108
2019-04-11,US,sengled-hub,majority,7,0,0,0,4
2019-04-11,US,smartthings,majority,21,1,0,0,9
2019-04-11,US,sousvide,majority,0,0,0,0,0
2019-04-11,US,t-echodot,majority,0,0,0,0,0
2019-04-11,US,t-smartthings-hub,majority,0,0,0,0,0
2019-04-11,US,t-wemo-plug,majority,0,0,0,0,0
2019-04-11,US,tp-link-plug,majority,0,0,0,0,0
2019-04-11,US,tplink-bulb,majority,0,0,0,0,0
2019-04-11,US,wansview-cam-wired,majority,251,125,0,0,13
2019-04-11,US,washer,majority,0,0,0,0,0
2019-04-11,US,wink-hub2,majority,23,3,0,0,11
2019-04-11,US,xiaomi-cleaner,majority,0,0,0,0,0
2019-04-11,US,xiaomi-hub,majority,0,0,0,0,0
2019-04-11,US,xiaomi-ricecooker,majority,0,0,0,0,0
2019-04-11,US,xiaomi-strip,majority,0,0,0,0,0
2019-04-11,US,yi-camera,majority,0,0,0,0,0
2019-04-11,US,zmodo-doorbell,majority,0,0,0,0,0
2019-04-11,US,amcrest-cam-wired,dib_without_portability_gate,0,0,0,0,0
2019-04-11,US,appletv,dib_without_portability_gate,10,10,0,0,10
2019-04-11,US,blink-camera,dib_without_portability_gate,0,0,0,0,0
2019-04-11,US,blink-security-hub,dib_without_portability_gate,0,0,0,0,0
2019-04-11,US,brewer,dib_without_portability_gate,0,0,0,0,0
2019-04-11,US,bulb1,dib_without_portability_gate,0,0,0,0,0
2019-04-11,US,cloudcam,dib_without_portability_gate,0,0,0,0,0
2019-04-11,US,dlink-mov,dib_without_portability_gate,0,0,0,0,0
2019-04-11,US,dryer,dib_without_portability_gate,0,0,0,0,0
2019-04-11,US,echodot,dib_without_portability_gate,0,0,0,0,0
2019-04-11,US,echoplus,dib_without_portability_gate,0,0,0,0,0
2019-04-11,US,echospot,dib_without_portability_gate,0,0,0,0,0
2019-04-11,US,firetv,dib_without_portability_gate,0,0,0,0,0
2019-04-11,US,fridge,dib_without_portability_gate,0,0,0,0,0
2019-04-11,US,google-home-mini,dib_without_portability_gate,0,0,0,0,0
2019-04-11,US,google-home-mini2,dib_without_portability_gate,0,0,0,0,0
2019-04-11,US,ikettle,dib_without_portability_gate,0,0,0,0,0
2019-04-11,US,insteon-hub,dib_without_portability_gate,0,0,0,0,0
2019-04-11,US,invoke,dib_without_portability_gate,0,0,0,0,0
2019-04-11,US,lefun-cam-wired,dib_without_portability_gate,0,0,0,0,0
2019-04-11,US,lgtv-wired,dib_without_portability_gate,0,0,0,0,0
2019-04-11,US,lightify-hub,dib_without_portability_gate,0,0,0,0,0
2019-04-11,US,luohe-spycam,dib_without_portability_gate,0,0,0,0,0
2019-04-11,US,magichome-strip,dib_without_portability_gate,0,0,0,0,0
2019-04-11,US,microseven-camera,dib_without_portability_gate,0,0,0,0,0
2019-04-11,US,microwave,dib_without_portability_gate,0,0,0,0,0
2019-04-11,US,nest-tstat,dib_without_portability_gate,0,0,0,0,0
2019-04-11,US,philips-hue,dib_without_portability_gate,13,0,0,0,6
2019-04-11,US,ring-doorbell,dib_without_portability_gate,0,0,0,0,0
2019-04-11,US,roku-tv,dib_without_portability_gate,0,0,0,0,0
2019-04-11,US,samsungtv-wired,dib_without_portability_gate,21,21,0,0,15
2019-04-11,US,sengled-hub,dib_without_portability_gate,0,0,0,0,0
2019-04-11,US,smartthings,dib_without_portability_gate,5,0,0,0,4
2019-04-11,US,sousvide,dib_without_portability_gate,0,0,0,0,0
2019-04-11,US,t-echodot,dib_without_portability_gate,0,0,0,0,0
2019-04-11,US,t-smartthings-hub,dib_without_portability_gate,0,0,0,0,0
2019-04-11,US,t-wemo-plug,dib_without_portability_gate,0,0,0,0,0
2019-04-11,US,tp-link-plug,dib_without_portability_gate,0,0,0,0,0
2019-04-11,US,tplink-bulb,dib_without_portability_gate,0,0,0,0,0
2019-04-11,US,wansview-cam-wired,dib_without_portability_gate,5,0,0,0,3
2019-04-11,US,washer,dib_without_portability_gate,0,0,0,0,0
2019-04-11,US,wink-hub2,dib_without_portability_gate,0,0,0,0,0
2019-04-11,US,xiaomi-cleaner,dib_without_portability_gate,0,0,0,0,0
2019-04-11,US,xiaomi-hub,dib_without_portability_gate,0,0,0,0,0
2019-04-11,US,xiaomi-ricecooker,dib_without_portability_gate,0,0,0,0,0
2019-04-11,US,xiaomi-strip,dib_without_portability_gate,0,0,0,0,0
2019-04-11,US,yi-camera,dib_without_portability_gate,0,0,0,0,0
2019-04-11,US,zmodo-doorbell,dib_without_portability_gate,0,0,0,0,0
2019-04-11,UK,allure-speaker,dib,0,0,0,0,0
2019-04-11,UK,appletv,dib,10,10,0,0,10
2019-04-11,UK,blink-camera,dib,0,0,0,0,0
2019-04-11,UK,blink-security-hub,dib,0,0,0,0,0
2019-04-11,UK,bosiwo-camera-wifi,dib,0,0,0,0,0
2019-04-11,UK,bosiwo-camera-wired,dib,0,0,0,0,0
2019-04-11,UK,charger-camera,dib,0,0,0,0,0
2019-04-11,UK,echodot,dib,0,0,0,0,0
2019-04-11,UK,echoplus,dib,0,0,0,0,0
2019-04-11,UK,echospot,dib,0,0,0,0,0
2019-04-11,UK,firetv,dib,0,0,0,0,0
2019-04-11,UK,google-home,dib,0,0,0,0,0
2019-04-11,UK,google-home-mini,dib,0,0,0,0,0
2019-04-11,UK,honeywell-thermostat,dib,0,0,0,0,0
2019-04-11,UK,insteon-hub,dib,0,0,0,0,0
2019-04-11,UK,lightify-hub,dib,0,0,0,0,0
2019-04-11,UK,magichome-strip,dib,0,0,0,0,0
2019-04-11,UK,nest-tstat,dib,0,0,0,0,0
2019-04-11,UK,netatmo-weather,dib,0,0,0,0,0
2019-04-11,UK,philips-hue,dib,10,0,0,0,6
2019-04-11,UK,ring-doorbell,dib,0,0,0,0,0
2019-04-11,UK,roku-tv,dib,0,0,0,0,0
2019-04-11,UK,samsungtv-wired,dib,15,15,0,0,15
2019-04-11,UK,sengled-hub,dib,0,0,0,0,0
2019-04-11,UK,smarter-coffee-mach,dib,0,0,0,0,0
2019-04-11,UK,smartthings,dib,4,0,0,0,4
2019-04-11,UK,sousvide,dib,0,0,0,0,0
2019-04-11,UK,t-wemo-plug,dib,0,0,0,0,0
2019-04-11,UK,tp-link-plug,dib,0,0,0,0,0
2019-04-11,UK,tplink-bulb,dib,0,0,0,0,0
2019-04-11,UK,tplink-plug2,dib,0,0,0,0,0
2019-04-11,UK,wansview-cam-wired,dib,3,0,0,0,3
2019-04-11,UK,xiaomi-cam2,dib,0,0,0,0,0
2019-04-11,UK,xiaomi-cleaner,dib,0,0,0,0,0
2019-04-11,UK,xiaomi-hub,dib,0,0,0,0,0
2019-04-11,UK,xiaomi-plug,dib,0,0,0,0,0
2019-04-11,UK,yi-camera,dib,0,0,0,0,0
2019-04-11,UK,allure-speaker,pooled_union,0,0,0,0,0
2019-04-11,UK,appletv,pooled_union,67,48,0,0,55
2019-04-11,UK,blink-camera,pooled_union,0,0,0,0,0
2019-04-11,UK,blink-security-hub,pooled_union,0,0,0,0,0
2019-04-11,UK,bosiwo-camera-wifi,pooled_union,0,0,0,0,0
2019-04-11,UK,bosiwo-camera-wired,pooled_union,33,6,0,0,0
2019-04-11,UK,charger-camera,pooled_union,0,0,0,0,0
2019-04-11,UK,echodot,pooled_union,0,0,0,0,0
2019-04-11,UK,echoplus,pooled_union,0,0,0,0,0
2019-04-11,UK,echospot,pooled_union,0,0,0,0,0
2019-04-11,UK,firetv,pooled_union,0,0,0,0,0
2019-04-11,UK,google-home,pooled_union,0,0,0,0,0
2019-04-11,UK,google-home-mini,pooled_union,0,0,0,0,0
2019-04-11,UK,honeywell-thermostat,pooled_union,0,0,0,0,0
2019-04-11,UK,insteon-hub,pooled_union,11,0,0,0,8
2019-04-11,UK,lightify-hub,pooled_union,0,0,0,0,0
2019-04-11,UK,magichome-strip,pooled_union,0,0,0,0,0
2019-04-11,UK,nest-tstat,pooled_union,0,0,0,0,0
2019-04-11,UK,netatmo-weather,pooled_union,0,0,0,0,0
2019-04-11,UK,philips-hue,pooled_union,38,0,0,0,26
2019-04-11,UK,ring-doorbell,pooled_union,0,0,0,0,0
2019-04-11,UK,roku-tv,pooled_union,0,0,0,0,0
2019-04-11,UK,samsungtv-wired,pooled_union,187,115,0,0,108
2019-04-11,UK,sengled-hub,pooled_union,7,0,0,0,4
2019-04-11,UK,smarter-coffee-mach,pooled_union,0,0,0,0,0
2019-04-11,UK,smartthings,pooled_union,21,1,0,0,9
2019-04-11,UK,sousvide,pooled_union,0,0,0,0,0
2019-04-11,UK,t-wemo-plug,pooled_union,0,0,0,0,0
2019-04-11,UK,tp-link-plug,pooled_union,0,0,0,0,0
2019-04-11,UK,tplink-bulb,pooled_union,0,0,0,0,0
2019-04-11,UK,tplink-plug2,pooled_union,0,0,0,0,0
2019-04-11,UK,wansview-cam-wired,pooled_union,251,125,0,0,13
2019-04-11,UK,xiaomi-cam2,pooled_union,0,0,0,0,0
2019-04-11,UK,xiaomi-cleaner,pooled_union,0,0,0,0,0
2019-04-11,UK,xiaomi-hub,pooled_union,0,0,0,0,0
2019-04-11,UK,xiaomi-plug,pooled_union,0,0,0,0,0
2019-04-11,UK,yi-camera,pooled_union,0,0,0,0,0
2019-04-11,UK,allure-speaker,quorum_only,0,0,0,0,0
2019-04-11,UK,appletv,quorum_only,10,10,0,0,10
2019-04-11,UK,blink-camera,quorum_only,0,0,0,0,0
2019-04-11,UK,blink-security-hub,quorum_only,0,0,0,0,0
2019-04-11,UK,bosiwo-camera-wifi,quorum_only,0,0,0,0,0
2019-04-11,UK,bosiwo-camera-wired,quorum_only,0,0,0,0,0
2019-04-11,UK,charger-camera,quorum_only,0,0,0,0,0
2019-04-11,UK,echodot,quorum_only,0,0,0,0,0
2019-04-11,UK,echoplus,quorum_only,0,0,0,0,0
2019-04-11,UK,echospot,quorum_only,0,0,0,0,0
2019-04-11,UK,firetv,quorum_only,0,0,0,0,0
2019-04-11,UK,google-home,quorum_only,0,0,0,0,0
2019-04-11,UK,google-home-mini,quorum_only,0,0,0,0,0
2019-04-11,UK,honeywell-thermostat,quorum_only,0,0,0,0,0
2019-04-11,UK,insteon-hub,quorum_only,0,0,0,0,0
2019-04-11,UK,lightify-hub,quorum_only,0,0,0,0,0
2019-04-11,UK,magichome-strip,quorum_only,0,0,0,0,0
2019-04-11,UK,nest-tstat,quorum_only,0,0,0,0,0
2019-04-11,UK,netatmo-weather,quorum_only,0,0,0,0,0
2019-04-11,UK,philips-hue,quorum_only,13,0,0,0,6
2019-04-11,UK,ring-doorbell,quorum_only,0,0,0,0,0
2019-04-11,UK,roku-tv,quorum_only,0,0,0,0,0
2019-04-11,UK,samsungtv-wired,quorum_only,21,21,0,0,15
2019-04-11,UK,sengled-hub,quorum_only,0,0,0,0,0
2019-04-11,UK,smarter-coffee-mach,quorum_only,0,0,0,0,0
2019-04-11,UK,smartthings,quorum_only,5,0,0,0,4
2019-04-11,UK,sousvide,quorum_only,0,0,0,0,0
2019-04-11,UK,t-wemo-plug,quorum_only,0,0,0,0,0
2019-04-11,UK,tp-link-plug,quorum_only,0,0,0,0,0
2019-04-11,UK,tplink-bulb,quorum_only,0,0,0,0,0
2019-04-11,UK,tplink-plug2,quorum_only,0,0,0,0,0
2019-04-11,UK,wansview-cam-wired,quorum_only,5,0,0,0,3
2019-04-11,UK,xiaomi-cam2,quorum_only,0,0,0,0,0
2019-04-11,UK,xiaomi-cleaner,quorum_only,0,0,0,0,0
2019-04-11,UK,xiaomi-hub,quorum_only,0,0,0,0,0
2019-04-11,UK,xiaomi-plug,quorum_only,0,0,0,0,0
2019-04-11,UK,yi-camera,quorum_only,0,0,0,0,0
2019-04-11,UK,allure-speaker,majority,0,0,0,0,0
2019-04-11,UK,appletv,majority,67,48,0,0,55
2019-04-11,UK,blink-camera,majority,0,0,0,0,0
2019-04-11,UK,blink-security-hub,majority,0,0,0,0,0
2019-04-11,UK,bosiwo-camera-wifi,majority,0,0,0,0,0
2019-04-11,UK,bosiwo-camera-wired,majority,33,6,0,0,0
2019-04-11,UK,charger-camera,majority,0,0,0,0,0
2019-04-11,UK,echodot,majority,0,0,0,0,0
2019-04-11,UK,echoplus,majority,0,0,0,0,0
2019-04-11,UK,echospot,majority,0,0,0,0,0
2019-04-11,UK,firetv,majority,0,0,0,0,0
2019-04-11,UK,google-home,majority,0,0,0,0,0
2019-04-11,UK,google-home-mini,majority,0,0,0,0,0
2019-04-11,UK,honeywell-thermostat,majority,0,0,0,0,0
2019-04-11,UK,insteon-hub,majority,11,0,0,0,8
2019-04-11,UK,lightify-hub,majority,0,0,0,0,0
2019-04-11,UK,magichome-strip,majority,0,0,0,0,0
2019-04-11,UK,nest-tstat,majority,0,0,0,0,0
2019-04-11,UK,netatmo-weather,majority,0,0,0,0,0
2019-04-11,UK,philips-hue,majority,38,0,0,0,26
2019-04-11,UK,ring-doorbell,majority,0,0,0,0,0
2019-04-11,UK,roku-tv,majority,0,0,0,0,0
2019-04-11,UK,samsungtv-wired,majority,187,115,0,0,108
2019-04-11,UK,sengled-hub,majority,7,0,0,0,4
2019-04-11,UK,smarter-coffee-mach,majority,0,0,0,0,0
2019-04-11,UK,smartthings,majority,21,1,0,0,9
2019-04-11,UK,sousvide,majority,0,0,0,0,0
2019-04-11,UK,t-wemo-plug,majority,0,0,0,0,0
2019-04-11,UK,tp-link-plug,majority,0,0,0,0,0
2019-04-11,UK,tplink-bulb,majority,0,0,0,0,0
2019-04-11,UK,tplink-plug2,majority,0,0,0,0,0
2019-04-11,UK,wansview-cam-wired,majority,251,125,0,0,13
2019-04-11,UK,xiaomi-cam2,majority,0,0,0,0,0
2019-04-11,UK,xiaomi-cleaner,majority,0,0,0,0,0
2019-04-11,UK,xiaomi-hub,majority,0,0,0,0,0
2019-04-11,UK,xiaomi-plug,majority,0,0,0,0,0
2019-04-11,UK,yi-camera,majority,0,0,0,0,0
2019-04-11,UK,allure-speaker,dib_without_portability_gate,0,0,0,0,0
2019-04-11,UK,appletv,dib_without_portability_gate,10,10,0,0,10
2019-04-11,UK,blink-camera,dib_without_portability_gate,0,0,0,0,0
2019-04-11,UK,blink-security-hub,dib_without_portability_gate,0,0,0,0,0
2019-04-11,UK,bosiwo-camera-wifi,dib_without_portability_gate,0,0,0,0,0
2019-04-11,UK,bosiwo-camera-wired,dib_without_portability_gate,0,0,0,0,0
2019-04-11,UK,charger-camera,dib_without_portability_gate,0,0,0,0,0
2019-04-11,UK,echodot,dib_without_portability_gate,0,0,0,0,0
2019-04-11,UK,echoplus,dib_without_portability_gate,0,0,0,0,0
2019-04-11,UK,echospot,dib_without_portability_gate,0,0,0,0,0
2019-04-11,UK,firetv,dib_without_portability_gate,0,0,0,0,0
2019-04-11,UK,google-home,dib_without_portability_gate,0,0,0,0,0
2019-04-11,UK,google-home-mini,dib_without_portability_gate,0,0,0,0,0
2019-04-11,UK,honeywell-thermostat,dib_without_portability_gate,0,0,0,0,0
2019-04-11,UK,insteon-hub,dib_without_portability_gate,0,0,0,0,0
2019-04-11,UK,lightify-hub,dib_without_portability_gate,0,0,0,0,0
2019-04-11,UK,magichome-strip,dib_without_portability_gate,0,0,0,0,0
2019-04-11,UK,nest-tstat,dib_without_portability_gate,0,0,0,0,0
2019-04-11,UK,netatmo-weather,dib_without_portability_gate,0,0,0,0,0
2019-04-11,UK,philips-hue,dib_without_portability_gate,13,0,0,0,6
2019-04-11,UK,ring-doorbell,dib_without_portability_gate,0,0,0,0,0
2019-04-11,UK,roku-tv,dib_without_portability_gate,0,0,0,0,0
2019-04-11,UK,samsungtv-wired,dib_without_portability_gate,21,21,0,0,15
2019-04-11,UK,sengled-hub,dib_without_portability_gate,0,0,0,0,0
2019-04-11,UK,smarter-coffee-mach,dib_without_portability_gate,0,0,0,0,0
2019-04-11,UK,smartthings,dib_without_portability_gate,5,0,0,0,4
2019-04-11,UK,sousvide,dib_without_portability_gate,0,0,0,0,0
2019-04-11,UK,t-wemo-plug,dib_without_portability_gate,0,0,0,0,0
2019-04-11,UK,tp-link-plug,dib_without_portability_gate,0,0,0,0,0
2019-04-11,UK,tplink-bulb,dib_without_portability_gate,0,0,0,0,0
2019-04-11,UK,tplink-plug2,dib_without_portability_gate,0,0,0,0,0
2019-04-11,UK,wansview-cam-wired,dib_without_portability_gate,5,0,0,0,3
2019-04-11,UK,xiaomi-cam2,dib_without_portability_gate,0,0,0,0,0
2019-04-11,UK,xiaomi-cleaner,dib_without_portability_gate,0,0,0,0,0
2019-04-11,UK,xiaomi-hub,dib_without_portability_gate,0,0,0,0,0
2019-04-11,UK,xiaomi-plug,dib_without_portability_gate,0,0,0,0,0
2019-04-11,UK,yi-camera,dib_without_portability_gate,0,0,0,0,0
2019-04-12,US,amcrest-cam-wired,dib,0,0,0,0,0
2019-04-12,US,appletv,dib,10,0,0,0,10
2019-04-12,US,blink-camera,dib,0,0,0,0,0
2019-04-12,US,blink-security-hub,dib,0,0,0,0,0
2019-04-12,US,brewer,dib,0,0,0,0,0
2019-04-12,US,bulb1,dib,0,0,0,0,0
2019-04-12,US,cloudcam,dib,0,0,0,0,0
2019-04-12,US,dlink-mov,dib,0,0,0,0,0
2019-04-12,US,dryer,dib,0,0,0,0,0
2019-04-12,US,echodot,dib,0,0,0,0,0
2019-04-12,US,echoplus,dib,0,0,0,0,0
2019-04-12,US,echospot,dib,0,0,0,0,0
2019-04-12,US,firetv,dib,0,0,0,0,0
2019-04-12,US,fridge,dib,0,0,0,0,0
2019-04-12,US,google-home-mini,dib,0,0,0,0,0
2019-04-12,US,google-home-mini2,dib,0,0,0,0,0
2019-04-12,US,ikettle,dib,0,0,0,0,0
2019-04-12,US,insteon-hub,dib,0,0,0,0,0
2019-04-12,US,invoke,dib,0,0,0,0,0
2019-04-12,US,lefun-cam-wired,dib,0,0,0,0,0
2019-04-12,US,lgtv-wired,dib,0,0,0,0,0
2019-04-12,US,lightify-hub,dib,0,0,0,0,0
2019-04-12,US,luohe-spycam,dib,0,0,0,0,0
2019-04-12,US,magichome-strip,dib,0,0,0,0,0
2019-04-12,US,microseven-camera,dib,0,0,0,0,0
2019-04-12,US,microwave,dib,0,0,0,0,0
2019-04-12,US,nest-tstat,dib,0,0,0,0,0
2019-04-12,US,philips-hue,dib,14,4,0,0,10
2019-04-12,US,ring-doorbell,dib,0,0,0,0,0
2019-04-12,US,roku-tv,dib,0,0,0,0,0
2019-04-12,US,samsungtv-wired,dib,15,0,0,0,15
2019-04-12,US,sengled-hub,dib,0,0,0,0,0
2019-04-12,US,smartthings,dib,4,0,0,0,4
2019-04-12,US,sousvide,dib,0,0,0,0,0
2019-04-12,US,t-echodot,dib,0,0,0,0,0
2019-04-12,US,t-smartthings-hub,dib,0,0,0,0,0
2019-04-12,US,t-wemo-plug,dib,0,0,0,0,0
2019-04-12,US,tp-link-plug,dib,0,0,0,0,0
2019-04-12,US,tplink-bulb,dib,0,0,0,0,0
2019-04-12,US,wansview-cam-wired,dib,6,3,0,0,6
2019-04-12,US,washer,dib,0,0,0,0,0
2019-04-12,US,wink-hub2,dib,0,0,0,0,0
2019-04-12,US,xiaomi-cleaner,dib,0,0,0,0,0
2019-04-12,US,xiaomi-hub,dib,0,0,0,0,0
2019-04-12,US,xiaomi-ricecooker,dib,0,0,0,0,0
2019-04-12,US,xiaomi-strip,dib,0,0,0,0,0
2019-04-12,US,yi-camera,dib,0,0,0,0,0
2019-04-12,US,zmodo-doorbell,dib,0,0,0,0,0
2019-04-12,US,amcrest-cam-wired,pooled_union,7317,0,0,0,11
2019-04-12,US,appletv,pooled_union,67,0,0,0,55
2019-04-12,US,blink-camera,pooled_union,0,0,0,0,0
2019-04-12,US,blink-security-hub,pooled_union,0,0,0,0,0
2019-04-12,US,brewer,pooled_union,0,0,0,0,0
2019-04-12,US,bulb1,pooled_union,0,0,0,0,0
2019-04-12,US,cloudcam,pooled_union,0,0,0,0,0
2019-04-12,US,dlink-mov,pooled_union,0,0,0,0,0
2019-04-12,US,dryer,pooled_union,0,0,0,0,0
2019-04-12,US,echodot,pooled_union,0,0,0,0,0
2019-04-12,US,echoplus,pooled_union,0,0,0,0,0
2019-04-12,US,echospot,pooled_union,0,0,0,0,0
2019-04-12,US,firetv,pooled_union,0,0,0,0,0
2019-04-12,US,fridge,pooled_union,0,0,0,0,0
2019-04-12,US,google-home-mini,pooled_union,0,0,0,0,0
2019-04-12,US,google-home-mini2,pooled_union,0,0,0,0,0
2019-04-12,US,ikettle,pooled_union,0,0,0,0,0
2019-04-12,US,insteon-hub,pooled_union,13,2,0,0,8
2019-04-12,US,invoke,pooled_union,0,0,0,0,0
2019-04-12,US,lefun-cam-wired,pooled_union,145,3,0,0,0
2019-04-12,US,lgtv-wired,pooled_union,55,0,0,0,36
2019-04-12,US,lightify-hub,pooled_union,0,0,0,0,0
2019-04-12,US,luohe-spycam,pooled_union,0,0,0,0,0
2019-04-12,US,magichome-strip,pooled_union,0,0,0,0,0
2019-04-12,US,microseven-camera,pooled_union,6,0,0,0,5
2019-04-12,US,microwave,pooled_union,0,0,0,0,0
2019-04-12,US,nest-tstat,pooled_union,0,0,0,0,0
2019-04-12,US,philips-hue,pooled_union,38,0,0,0,26
2019-04-12,US,ring-doorbell,pooled_union,0,0,0,0,0
2019-04-12,US,roku-tv,pooled_union,0,0,0,0,0
2019-04-12,US,samsungtv-wired,pooled_union,187,0,0,0,108
2019-04-12,US,sengled-hub,pooled_union,7,0,0,0,4
2019-04-12,US,smartthings,pooled_union,25,4,0,0,11
2019-04-12,US,sousvide,pooled_union,0,0,0,0,0
2019-04-12,US,t-echodot,pooled_union,0,0,0,0,0
2019-04-12,US,t-smartthings-hub,pooled_union,0,0,0,0,0
2019-04-12,US,t-wemo-plug,pooled_union,0,0,0,0,0
2019-04-12,US,tp-link-plug,pooled_union,0,0,0,0,0
2019-04-12,US,tplink-bulb,pooled_union,0,0,0,0,0
2019-04-12,US,wansview-cam-wired,pooled_union,401,150,0,0,13
2019-04-12,US,washer,pooled_union,0,0,0,0,0
2019-04-12,US,wink-hub2,pooled_union,29,6,0,0,11
2019-04-12,US,xiaomi-cleaner,pooled_union,0,0,0,0,0
2019-04-12,US,xiaomi-hub,pooled_union,0,0,0,0,0
2019-04-12,US,xiaomi-ricecooker,pooled_union,0,0,0,0,0
2019-04-12,US,xiaomi-strip,pooled_union,0,0,0,0,0
2019-04-12,US,yi-camera,pooled_union,0,0,0,0,0
2019-04-12,US,zmodo-doorbell,pooled_union,0,0,0,0,0
2019-04-12,US,amcrest-cam-wired,quorum_only,0,0,0,0,0
2019-04-12,US,appletv,quorum_only,10,0,0,0,10
2019-04-12,US,blink-camera,quorum_only,0,0,0,0,0
2019-04-12,US,blink-security-hub,quorum_only,0,0,0,0,0
2019-04-12,US,brewer,quorum_only,0,0,0,0,0
2019-04-12,US,bulb1,quorum_only,0,0,0,0,0
2019-04-12,US,cloudcam,quorum_only,0,0,0,0,0
2019-04-12,US,dlink-mov,quorum_only,0,0,0,0,0
2019-04-12,US,dryer,quorum_only,0,0,0,0,0
2019-04-12,US,echodot,quorum_only,0,0,0,0,0
2019-04-12,US,echoplus,quorum_only,0,0,0,0,0
2019-04-12,US,echospot,quorum_only,0,0,0,0,0
2019-04-12,US,firetv,quorum_only,0,0,0,0,0
2019-04-12,US,fridge,quorum_only,0,0,0,0,0
2019-04-12,US,google-home-mini,quorum_only,0,0,0,0,0
2019-04-12,US,google-home-mini2,quorum_only,0,0,0,0,0
2019-04-12,US,ikettle,quorum_only,0,0,0,0,0
2019-04-12,US,insteon-hub,quorum_only,0,0,0,0,0
2019-04-12,US,invoke,quorum_only,0,0,0,0,0
2019-04-12,US,lefun-cam-wired,quorum_only,0,0,0,0,0
2019-04-12,US,lgtv-wired,quorum_only,0,0,0,0,0
2019-04-12,US,lightify-hub,quorum_only,0,0,0,0,0
2019-04-12,US,luohe-spycam,quorum_only,0,0,0,0,0
2019-04-12,US,magichome-strip,quorum_only,0,0,0,0,0
2019-04-12,US,microseven-camera,quorum_only,0,0,0,0,0
2019-04-12,US,microwave,quorum_only,0,0,0,0,0
2019-04-12,US,nest-tstat,quorum_only,0,0,0,0,0
2019-04-12,US,philips-hue,quorum_only,17,4,0,0,10
2019-04-12,US,ring-doorbell,quorum_only,0,0,0,0,0
2019-04-12,US,roku-tv,quorum_only,0,0,0,0,0
2019-04-12,US,samsungtv-wired,quorum_only,21,0,0,0,15
2019-04-12,US,sengled-hub,quorum_only,0,0,0,0,0
2019-04-12,US,smartthings,quorum_only,5,0,0,0,4
2019-04-12,US,sousvide,quorum_only,0,0,0,0,0
2019-04-12,US,t-echodot,quorum_only,0,0,0,0,0
2019-04-12,US,t-smartthings-hub,quorum_only,0,0,0,0,0
2019-04-12,US,t-wemo-plug,quorum_only,0,0,0,0,0
2019-04-12,US,tp-link-plug,quorum_only,0,0,0,0,0
2019-04-12,US,tplink-bulb,quorum_only,0,0,0,0,0
2019-04-12,US,wansview-cam-wired,quorum_only,12,7,0,0,6
2019-04-12,US,washer,quorum_only,0,0,0,0,0
2019-04-12,US,wink-hub2,quorum_only,0,0,0,0,0
2019-04-12,US,xiaomi-cleaner,quorum_only,0,0,0,0,0
2019-04-12,US,xiaomi-hub,quorum_only,0,0,0,0,0
2019-04-12,US,xiaomi-ricecooker,quorum_only,0,0,0,0,0
2019-04-12,US,xiaomi-strip,quorum_only,0,0,0,0,0
2019-04-12,US,yi-camera,quorum_only,0,0,0,0,0
2019-04-12,US,zmodo-doorbell,quorum_only,0,0,0,0,0
2019-04-12,US,amcrest-cam-wired,majority,7317,0,0,0,11
2019-04-12,US,appletv,majority,67,0,0,0,55
2019-04-12,US,blink-camera,majority,0,0,0,0,0
2019-04-12,US,blink-security-hub,majority,0,0,0,0,0
2019-04-12,US,brewer,majority,0,0,0,0,0
2019-04-12,US,bulb1,majority,0,0,0,0,0
2019-04-12,US,cloudcam,majority,0,0,0,0,0
2019-04-12,US,dlink-mov,majority,0,0,0,0,0
2019-04-12,US,dryer,majority,0,0,0,0,0
2019-04-12,US,echodot,majority,0,0,0,0,0
2019-04-12,US,echoplus,majority,0,0,0,0,0
2019-04-12,US,echospot,majority,0,0,0,0,0
2019-04-12,US,firetv,majority,0,0,0,0,0
2019-04-12,US,fridge,majority,0,0,0,0,0
2019-04-12,US,google-home-mini,majority,0,0,0,0,0
2019-04-12,US,google-home-mini2,majority,0,0,0,0,0
2019-04-12,US,ikettle,majority,0,0,0,0,0
2019-04-12,US,insteon-hub,majority,13,2,0,0,8
2019-04-12,US,invoke,majority,0,0,0,0,0
2019-04-12,US,lefun-cam-wired,majority,145,3,0,0,0
2019-04-12,US,lgtv-wired,majority,55,0,0,0,36
2019-04-12,US,lightify-hub,majority,0,0,0,0,0
2019-04-12,US,luohe-spycam,majority,0,0,0,0,0
2019-04-12,US,magichome-strip,majority,0,0,0,0,0
2019-04-12,US,microseven-camera,majority,6,0,0,0,5
2019-04-12,US,microwave,majority,0,0,0,0,0
2019-04-12,US,nest-tstat,majority,0,0,0,0,0
2019-04-12,US,philips-hue,majority,38,0,0,0,26
2019-04-12,US,ring-doorbell,majority,0,0,0,0,0
2019-04-12,US,roku-tv,majority,0,0,0,0,0
2019-04-12,US,samsungtv-wired,majority,187,0,0,0,108
2019-04-12,US,sengled-hub,majority,7,0,0,0,4
2019-04-12,US,smartthings,majority,25,4,0,0,11
2019-04-12,US,sousvide,majority,0,0,0,0,0
2019-04-12,US,t-echodot,majority,0,0,0,0,0
2019-04-12,US,t-smartthings-hub,majority,0,0,0,0,0
2019-04-12,US,t-wemo-plug,majority,0,0,0,0,0
2019-04-12,US,tp-link-plug,majority,0,0,0,0,0
2019-04-12,US,tplink-bulb,majority,0,0,0,0,0
2019-04-12,US,wansview-cam-wired,majority,401,150,0,0,13
2019-04-12,US,washer,majority,0,0,0,0,0
2019-04-12,US,wink-hub2,majority,29,6,0,0,11
2019-04-12,US,xiaomi-cleaner,majority,0,0,0,0,0
2019-04-12,US,xiaomi-hub,majority,0,0,0,0,0
2019-04-12,US,xiaomi-ricecooker,majority,0,0,0,0,0
2019-04-12,US,xiaomi-strip,majority,0,0,0,0,0
2019-04-12,US,yi-camera,majority,0,0,0,0,0
2019-04-12,US,zmodo-doorbell,majority,0,0,0,0,0
2019-04-12,US,amcrest-cam-wired,dib_without_portability_gate,0,0,0,0,0
2019-04-12,US,appletv,dib_without_portability_gate,10,0,0,0,10
2019-04-12,US,blink-camera,dib_without_portability_gate,0,0,0,0,0
2019-04-12,US,blink-security-hub,dib_without_portability_gate,0,0,0,0,0
2019-04-12,US,brewer,dib_without_portability_gate,0,0,0,0,0
2019-04-12,US,bulb1,dib_without_portability_gate,0,0,0,0,0
2019-04-12,US,cloudcam,dib_without_portability_gate,0,0,0,0,0
2019-04-12,US,dlink-mov,dib_without_portability_gate,0,0,0,0,0
2019-04-12,US,dryer,dib_without_portability_gate,0,0,0,0,0
2019-04-12,US,echodot,dib_without_portability_gate,0,0,0,0,0
2019-04-12,US,echoplus,dib_without_portability_gate,0,0,0,0,0
2019-04-12,US,echospot,dib_without_portability_gate,0,0,0,0,0
2019-04-12,US,firetv,dib_without_portability_gate,0,0,0,0,0
2019-04-12,US,fridge,dib_without_portability_gate,0,0,0,0,0
2019-04-12,US,google-home-mini,dib_without_portability_gate,0,0,0,0,0
2019-04-12,US,google-home-mini2,dib_without_portability_gate,0,0,0,0,0
2019-04-12,US,ikettle,dib_without_portability_gate,0,0,0,0,0
2019-04-12,US,insteon-hub,dib_without_portability_gate,0,0,0,0,0
2019-04-12,US,invoke,dib_without_portability_gate,0,0,0,0,0
2019-04-12,US,lefun-cam-wired,dib_without_portability_gate,0,0,0,0,0
2019-04-12,US,lgtv-wired,dib_without_portability_gate,0,0,0,0,0
2019-04-12,US,lightify-hub,dib_without_portability_gate,0,0,0,0,0
2019-04-12,US,luohe-spycam,dib_without_portability_gate,0,0,0,0,0
2019-04-12,US,magichome-strip,dib_without_portability_gate,0,0,0,0,0
2019-04-12,US,microseven-camera,dib_without_portability_gate,0,0,0,0,0
2019-04-12,US,microwave,dib_without_portability_gate,0,0,0,0,0
2019-04-12,US,nest-tstat,dib_without_portability_gate,0,0,0,0,0
2019-04-12,US,philips-hue,dib_without_portability_gate,17,4,0,0,10
2019-04-12,US,ring-doorbell,dib_without_portability_gate,0,0,0,0,0
2019-04-12,US,roku-tv,dib_without_portability_gate,0,0,0,0,0
2019-04-12,US,samsungtv-wired,dib_without_portability_gate,21,0,0,0,15
2019-04-12,US,sengled-hub,dib_without_portability_gate,0,0,0,0,0
2019-04-12,US,smartthings,dib_without_portability_gate,5,0,0,0,4
2019-04-12,US,sousvide,dib_without_portability_gate,0,0,0,0,0
2019-04-12,US,t-echodot,dib_without_portability_gate,0,0,0,0,0
2019-04-12,US,t-smartthings-hub,dib_without_portability_gate,0,0,0,0,0
2019-04-12,US,t-wemo-plug,dib_without_portability_gate,0,0,0,0,0
2019-04-12,US,tp-link-plug,dib_without_portability_gate,0,0,0,0,0
2019-04-12,US,tplink-bulb,dib_without_portability_gate,0,0,0,0,0
2019-04-12,US,wansview-cam-wired,dib_without_portability_gate,12,7,0,0,6
2019-04-12,US,washer,dib_without_portability_gate,0,0,0,0,0
2019-04-12,US,wink-hub2,dib_without_portability_gate,0,0,0,0,0
2019-04-12,US,xiaomi-cleaner,dib_without_portability_gate,0,0,0,0,0
2019-04-12,US,xiaomi-hub,dib_without_portability_gate,0,0,0,0,0
2019-04-12,US,xiaomi-ricecooker,dib_without_portability_gate,0,0,0,0,0
2019-04-12,US,xiaomi-strip,dib_without_portability_gate,0,0,0,0,0
2019-04-12,US,yi-camera,dib_without_portability_gate,0,0,0,0,0
2019-04-12,US,zmodo-doorbell,dib_without_portability_gate,0,0,0,0,0
2019-04-12,UK,allure-speaker,dib,0,0,0,0,0
2019-04-12,UK,appletv,dib,10,0,0,0,10
2019-04-12,UK,blink-camera,dib,0,0,0,0,0
2019-04-12,UK,blink-security-hub,dib,0,0,0,0,0
2019-04-12,UK,bosiwo-camera-wifi,dib,0,0,0,0,0
2019-04-12,UK,bosiwo-camera-wired,dib,0,0,0,0,0
2019-04-12,UK,charger-camera,dib,0,0,0,0,0
2019-04-12,UK,echodot,dib,0,0,0,0,0
2019-04-12,UK,echoplus,dib,0,0,0,0,0
2019-04-12,UK,echospot,dib,0,0,0,0,0
2019-04-12,UK,firetv,dib,0,0,0,0,0
2019-04-12,UK,google-home,dib,0,0,0,0,0
2019-04-12,UK,google-home-mini,dib,0,0,0,0,0
2019-04-12,UK,honeywell-thermostat,dib,0,0,0,0,0
2019-04-12,UK,insteon-hub,dib,0,0,0,0,0
2019-04-12,UK,lightify-hub,dib,0,0,0,0,0
2019-04-12,UK,magichome-strip,dib,0,0,0,0,0
2019-04-12,UK,nest-tstat,dib,0,0,0,0,0
2019-04-12,UK,netatmo-weather,dib,0,0,0,0,0
2019-04-12,UK,philips-hue,dib,14,4,0,0,10
2019-04-12,UK,ring-doorbell,dib,0,0,0,0,0
2019-04-12,UK,roku-tv,dib,0,0,0,0,0
2019-04-12,UK,samsungtv-wired,dib,15,0,0,0,15
2019-04-12,UK,sengled-hub,dib,0,0,0,0,0
2019-04-12,UK,smarter-coffee-mach,dib,0,0,0,0,0
2019-04-12,UK,smartthings,dib,4,0,0,0,4
2019-04-12,UK,sousvide,dib,0,0,0,0,0
2019-04-12,UK,t-wemo-plug,dib,0,0,0,0,0
2019-04-12,UK,tp-link-plug,dib,0,0,0,0,0
2019-04-12,UK,tplink-bulb,dib,0,0,0,0,0
2019-04-12,UK,tplink-plug2,dib,0,0,0,0,0
2019-04-12,UK,wansview-cam-wired,dib,6,3,0,0,6
2019-04-12,UK,xiaomi-cam2,dib,0,0,0,0,0
2019-04-12,UK,xiaomi-cleaner,dib,0,0,0,0,0
2019-04-12,UK,xiaomi-hub,dib,0,0,0,0,0
2019-04-12,UK,xiaomi-plug,dib,0,0,0,0,0
2019-04-12,UK,yi-camera,dib,0,0,0,0,0
2019-04-12,UK,allure-speaker,pooled_union,0,0,0,0,0
2019-04-12,UK,appletv,pooled_union,67,0,0,0,55
2019-04-12,UK,blink-camera,pooled_union,0,0,0,0,0
2019-04-12,UK,blink-security-hub,pooled_union,0,0,0,0,0
2019-04-12,UK,bosiwo-camera-wifi,pooled_union,0,0,0,0,0
2019-04-12,UK,bosiwo-camera-wired,pooled_union,93,60,0,0,0
2019-04-12,UK,charger-camera,pooled_union,0,0,0,0,0
2019-04-12,UK,echodot,pooled_union,0,0,0,0,0
2019-04-12,UK,echoplus,pooled_union,0,0,0,0,0
2019-04-12,UK,echospot,pooled_union,0,0,0,0,0
2019-04-12,UK,firetv,pooled_union,0,0,0,0,0
2019-04-12,UK,google-home,pooled_union,0,0,0,0,0
2019-04-12,UK,google-home-mini,pooled_union,0,0,0,0,0
2019-04-12,UK,honeywell-thermostat,pooled_union,0,0,0,0,0
2019-04-12,UK,insteon-hub,pooled_union,13,2,0,0,8
2019-04-12,UK,lightify-hub,pooled_union,0,0,0,0,0
2019-04-12,UK,magichome-strip,pooled_union,0,0,0,0,0
2019-04-12,UK,nest-tstat,pooled_union,0,0,0,0,0
2019-04-12,UK,netatmo-weather,pooled_union,0,0,0,0,0
2019-04-12,UK,philips-hue,pooled_union,38,0,0,0,26
2019-04-12,UK,ring-doorbell,pooled_union,0,0,0,0,0
2019-04-12,UK,roku-tv,pooled_union,0,0,0,0,0
2019-04-12,UK,samsungtv-wired,pooled_union,187,0,0,0,108
2019-04-12,UK,sengled-hub,pooled_union,7,0,0,0,4
2019-04-12,UK,smarter-coffee-mach,pooled_union,0,0,0,0,0
2019-04-12,UK,smartthings,pooled_union,25,4,0,0,11
2019-04-12,UK,sousvide,pooled_union,0,0,0,0,0
2019-04-12,UK,t-wemo-plug,pooled_union,0,0,0,0,0
2019-04-12,UK,tp-link-plug,pooled_union,0,0,0,0,0
2019-04-12,UK,tplink-bulb,pooled_union,0,0,0,0,0
2019-04-12,UK,tplink-plug2,pooled_union,0,0,0,0,0
2019-04-12,UK,wansview-cam-wired,pooled_union,401,150,0,0,13
2019-04-12,UK,xiaomi-cam2,pooled_union,0,0,0,0,0
2019-04-12,UK,xiaomi-cleaner,pooled_union,0,0,0,0,0
2019-04-12,UK,xiaomi-hub,pooled_union,0,0,0,0,0
2019-04-12,UK,xiaomi-plug,pooled_union,0,0,0,0,0
2019-04-12,UK,yi-camera,pooled_union,0,0,0,0,0
2019-04-12,UK,allure-speaker,quorum_only,0,0,0,0,0
2019-04-12,UK,appletv,quorum_only,10,0,0,0,10
2019-04-12,UK,blink-camera,quorum_only,0,0,0,0,0
2019-04-12,UK,blink-security-hub,quorum_only,0,0,0,0,0
2019-04-12,UK,bosiwo-camera-wifi,quorum_only,0,0,0,0,0
2019-04-12,UK,bosiwo-camera-wired,quorum_only,0,0,0,0,0
2019-04-12,UK,charger-camera,quorum_only,0,0,0,0,0
2019-04-12,UK,echodot,quorum_only,0,0,0,0,0
2019-04-12,UK,echoplus,quorum_only,0,0,0,0,0
2019-04-12,UK,echospot,quorum_only,0,0,0,0,0
2019-04-12,UK,firetv,quorum_only,0,0,0,0,0
2019-04-12,UK,google-home,quorum_only,0,0,0,0,0
2019-04-12,UK,google-home-mini,quorum_only,0,0,0,0,0
2019-04-12,UK,honeywell-thermostat,quorum_only,0,0,0,0,0
2019-04-12,UK,insteon-hub,quorum_only,0,0,0,0,0
2019-04-12,UK,lightify-hub,quorum_only,0,0,0,0,0
2019-04-12,UK,magichome-strip,quorum_only,0,0,0,0,0
2019-04-12,UK,nest-tstat,quorum_only,0,0,0,0,0
2019-04-12,UK,netatmo-weather,quorum_only,0,0,0,0,0
2019-04-12,UK,philips-hue,quorum_only,17,4,0,0,10
2019-04-12,UK,ring-doorbell,quorum_only,0,0,0,0,0
2019-04-12,UK,roku-tv,quorum_only,0,0,0,0,0
2019-04-12,UK,samsungtv-wired,quorum_only,21,0,0,0,15
2019-04-12,UK,sengled-hub,quorum_only,0,0,0,0,0
2019-04-12,UK,smarter-coffee-mach,quorum_only,0,0,0,0,0
2019-04-12,UK,smartthings,quorum_only,5,0,0,0,4
2019-04-12,UK,sousvide,quorum_only,0,0,0,0,0
2019-04-12,UK,t-wemo-plug,quorum_only,0,0,0,0,0
2019-04-12,UK,tp-link-plug,quorum_only,0,0,0,0,0
2019-04-12,UK,tplink-bulb,quorum_only,0,0,0,0,0
2019-04-12,UK,tplink-plug2,quorum_only,0,0,0,0,0
2019-04-12,UK,wansview-cam-wired,quorum_only,12,7,0,0,6
2019-04-12,UK,xiaomi-cam2,quorum_only,0,0,0,0,0
2019-04-12,UK,xiaomi-cleaner,quorum_only,0,0,0,0,0
2019-04-12,UK,xiaomi-hub,quorum_only,0,0,0,0,0
2019-04-12,UK,xiaomi-plug,quorum_only,0,0,0,0,0
2019-04-12,UK,yi-camera,quorum_only,0,0,0,0,0
2019-04-12,UK,allure-speaker,majority,0,0,0,0,0
2019-04-12,UK,appletv,majority,67,0,0,0,55
2019-04-12,UK,blink-camera,majority,0,0,0,0,0
2019-04-12,UK,blink-security-hub,majority,0,0,0,0,0
2019-04-12,UK,bosiwo-camera-wifi,majority,0,0,0,0,0
2019-04-12,UK,bosiwo-camera-wired,majority,93,60,0,0,0
2019-04-12,UK,charger-camera,majority,0,0,0,0,0
2019-04-12,UK,echodot,majority,0,0,0,0,0
2019-04-12,UK,echoplus,majority,0,0,0,0,0
2019-04-12,UK,echospot,majority,0,0,0,0,0
2019-04-12,UK,firetv,majority,0,0,0,0,0
2019-04-12,UK,google-home,majority,0,0,0,0,0
2019-04-12,UK,google-home-mini,majority,0,0,0,0,0
2019-04-12,UK,honeywell-thermostat,majority,0,0,0,0,0
2019-04-12,UK,insteon-hub,majority,13,2,0,0,8
2019-04-12,UK,lightify-hub,majority,0,0,0,0,0
2019-04-12,UK,magichome-strip,majority,0,0,0,0,0
2019-04-12,UK,nest-tstat,majority,0,0,0,0,0
2019-04-12,UK,netatmo-weather,majority,0,0,0,0,0
2019-04-12,UK,philips-hue,majority,38,0,0,0,26
2019-04-12,UK,ring-doorbell,majority,0,0,0,0,0
2019-04-12,UK,roku-tv,majority,0,0,0,0,0
2019-04-12,UK,samsungtv-wired,majority,187,0,0,0,108
2019-04-12,UK,sengled-hub,majority,7,0,0,0,4
2019-04-12,UK,smarter-coffee-mach,majority,0,0,0,0,0
2019-04-12,UK,smartthings,majority,25,4,0,0,11
2019-04-12,UK,sousvide,majority,0,0,0,0,0
2019-04-12,UK,t-wemo-plug,majority,0,0,0,0,0
2019-04-12,UK,tp-link-plug,majority,0,0,0,0,0
2019-04-12,UK,tplink-bulb,majority,0,0,0,0,0
2019-04-12,UK,tplink-plug2,majority,0,0,0,0,0
2019-04-12,UK,wansview-cam-wired,majority,401,150,0,0,13
2019-04-12,UK,xiaomi-cam2,majority,0,0,0,0,0
2019-04-12,UK,xiaomi-cleaner,majority,0,0,0,0,0
2019-04-12,UK,xiaomi-hub,majority,0,0,0,0,0
2019-04-12,UK,xiaomi-plug,majority,0,0,0,0,0
2019-04-12,UK,yi-camera,majority,0,0,0,0,0
2019-04-12,UK,allure-speaker,dib_without_portability_gate,0,0,0,0,0
2019-04-12,UK,appletv,dib_without_portability_gate,10,0,0,0,10
2019-04-12,UK,blink-camera,dib_without_portability_gate,0,0,0,0,0
2019-04-12,UK,blink-security-hub,dib_without_portability_gate,0,0,0,0,0
2019-04-12,UK,bosiwo-camera-wifi,dib_without_portability_gate,0,0,0,0,0
2019-04-12,UK,bosiwo-camera-wired,dib_without_portability_gate,0,0,0,0,0
2019-04-12,UK,charger-camera,dib_without_portability_gate,0,0,0,0,0
2019-04-12,UK,echodot,dib_without_portability_gate,0,0,0,0,0
2019-04-12,UK,echoplus,dib_without_portability_gate,0,0,0,0,0
2019-04-12,UK,echospot,dib_without_portability_gate,0,0,0,0,0
2019-04-12,UK,firetv,dib_without_portability_gate,0,0,0,0,0
2019-04-12,UK,google-home,dib_without_portability_gate,0,0,0,0,0
2019-04-12,UK,google-home-mini,dib_without_portability_gate,0,0,0,0,0
2019-04-12,UK,honeywell-thermostat,dib_without_portability_gate,0,0,0,0,0
2019-04-12,UK,insteon-hub,dib_without_portability_gate,0,0,0,0,0
2019-04-12,UK,lightify-hub,dib_without_portability_gate,0,0,0,0,0
2019-04-12,UK,magichome-strip,dib_without_portability_gate,0,0,0,0,0
2019-04-12,UK,nest-tstat,dib_without_portability_gate,0,0,0,0,0
2019-04-12,UK,netatmo-weather,dib_without_portability_gate,0,0,0,0,0
2019-04-12,UK,philips-hue,dib_without_portability_gate,17,4,0,0,10
2019-04-12,UK,ring-doorbell,dib_without_portability_gate,0,0,0,0,0
2019-04-12,UK,roku-tv,dib_without_portability_gate,0,0,0,0,0
2019-04-12,UK,samsungtv-wired,dib_without_portability_gate,21,0,0,0,15
2019-04-12,UK,sengled-hub,dib_without_portability_gate,0,0,0,0,0
2019-04-12,UK,smarter-coffee-mach,dib_without_portability_gate,0,0,0,0,0
2019-04-12,UK,smartthings,dib_without_portability_gate,5,0,0,0,4
2019-04-12,UK,sousvide,dib_without_portability_gate,0,0,0,0,0
2019-04-12,UK,t-wemo-plug,dib_without_portability_gate,0,0,0,0,0
2019-04-12,UK,tp-link-plug,dib_without_portability_gate,0,0,0,0,0
2019-04-12,UK,tplink-bulb,dib_without_portability_gate,0,0,0,0,0
2019-04-12,UK,tplink-plug2,dib_without_portability_gate,0,0,0,0,0
2019-04-12,UK,wansview-cam-wired,dib_without_portability_gate,12,7,0,0,6
2019-04-12,UK,xiaomi-cam2,dib_without_portability_gate,0,0,0,0,0
2019-04-12,UK,xiaomi-cleaner,dib_without_portability_gate,0,0,0,0,0
2019-04-12,UK,xiaomi-hub,dib_without_portability_gate,0,0,0,0,0
2019-04-12,UK,xiaomi-plug,dib_without_portability_gate,0,0,0,0,0
2019-04-12,UK,yi-camera,dib_without_portability_gate,0,0,0,0,0
2019-04-13,US,amcrest-cam-wired,dib,0,0,0,0,0
2019-04-13,US,appletv,dib,10,0,0,0,10
2019-04-13,US,blink-camera,dib,0,0,0,0,0
2019-04-13,US,blink-security-hub,dib,0,0,0,0,0
2019-04-13,US,brewer,dib,0,0,0,0,0
2019-04-13,US,bulb1,dib,0,0,0,0,0
2019-04-13,US,cloudcam,dib,0,0,0,0,0
2019-04-13,US,dlink-mov,dib,0,0,0,0,0
2019-04-13,US,dryer,dib,0,0,0,0,0
2019-04-13,US,echodot,dib,0,0,0,0,0
2019-04-13,US,echoplus,dib,0,0,0,0,0
2019-04-13,US,echospot,dib,0,0,0,0,0
2019-04-13,US,firetv,dib,0,0,0,0,0
2019-04-13,US,fridge,dib,0,0,0,0,0
2019-04-13,US,google-home-mini,dib,0,0,0,0,0
2019-04-13,US,google-home-mini2,dib,0,0,0,0,0
2019-04-13,US,ikettle,dib,0,0,0,0,0
2019-04-13,US,insteon-hub,dib,0,0,0,0,0
2019-04-13,US,invoke,dib,0,0,0,0,0
2019-04-13,US,lefun-cam-wired,dib,0,0,0,0,0
2019-04-13,US,lgtv-wired,dib,0,0,0,0,0
2019-04-13,US,lightify-hub,dib,0,0,0,0,0
2019-04-13,US,luohe-spycam,dib,0,0,0,0,0
2019-04-13,US,magichome-strip,dib,0,0,0,0,0
2019-04-13,US,microseven-camera,dib,0,0,0,0,0
2019-04-13,US,microwave,dib,0,0,0,0,0
2019-04-13,US,nest-tstat,dib,0,0,0,0,0
2019-04-13,US,philips-hue,dib,14,0,0,0,10
2019-04-13,US,ring-doorbell,dib,0,0,0,0,0
2019-04-13,US,roku-tv,dib,0,0,0,0,0
2019-04-13,US,samsungtv-wired,dib,15,0,0,0,15
2019-04-13,US,sengled-hub,dib,0,0,0,0,0
2019-04-13,US,smartthings,dib,4,0,0,0,4
2019-04-13,US,sousvide,dib,0,0,0,0,0
2019-04-13,US,t-echodot,dib,0,0,0,0,0
2019-04-13,US,t-smartthings-hub,dib,0,0,0,0,0
2019-04-13,US,t-wemo-plug,dib,0,0,0,0,0
2019-04-13,US,tp-link-plug,dib,0,0,0,0,0
2019-04-13,US,tplink-bulb,dib,0,0,0,0,0
2019-04-13,US,wansview-cam-wired,dib,6,0,0,0,6
2019-04-13,US,washer,dib,0,0,0,0,0
2019-04-13,US,wink-hub2,dib,0,0,0,0,0
2019-04-13,US,xiaomi-cleaner,dib,0,0,0,0,0
2019-04-13,US,xiaomi-hub,dib,0,0,0,0,0
2019-04-13,US,xiaomi-ricecooker,dib,0,0,0,0,0
2019-04-13,US,xiaomi-strip,dib,0,0,0,0,0
2019-04-13,US,yi-camera,dib,0,0,0,0,0
2019-04-13,US,zmodo-doorbell,dib,0,0,0,0,0
2019-04-13,US,amcrest-cam-wired,pooled_union,7317,0,0,0,11
2019-04-13,US,appletv,pooled_union,67,0,0,0,55
2019-04-13,US,blink-camera,pooled_union,0,0,0,0,0
2019-04-13,US,blink-security-hub,pooled_union,0,0,0,0,0
2019-04-13,US,brewer,pooled_union,0,0,0,0,0
2019-04-13,US,bulb1,pooled_union,0,0,0,0,0
2019-04-13,US,cloudcam,pooled_union,0,0,0,0,0
2019-04-13,US,dlink-mov,pooled_union,0,0,0,0,0
2019-04-13,US,dryer,pooled_union,0,0,0,0,0
2019-04-13,US,echodot,pooled_union,0,0,0,0,0
2019-04-13,US,echoplus,pooled_union,0,0,0,0,0
2019-04-13,US,echospot,pooled_union,0,0,0,0,0
2019-04-13,US,firetv,pooled_union,0,0,0,0,0
2019-04-13,US,fridge,pooled_union,0,0,0,0,0
2019-04-13,US,google-home-mini,pooled_union,0,0,0,0,0
2019-04-13,US,google-home-mini2,pooled_union,0,0,0,0,0
2019-04-13,US,ikettle,pooled_union,0,0,0,0,0
2019-04-13,US,insteon-hub,pooled_union,13,0,0,0,8
2019-04-13,US,invoke,pooled_union,0,0,0,0,0
2019-04-13,US,lefun-cam-wired,pooled_union,145,0,0,0,0
2019-04-13,US,lgtv-wired,pooled_union,55,0,0,0,36
2019-04-13,US,lightify-hub,pooled_union,0,0,0,0,0
2019-04-13,US,luohe-spycam,pooled_union,0,0,0,0,0
2019-04-13,US,magichome-strip,pooled_union,0,0,0,0,0
2019-04-13,US,microseven-camera,pooled_union,6,0,0,0,5
2019-04-13,US,microwave,pooled_union,0,0,0,0,0
2019-04-13,US,nest-tstat,pooled_union,0,0,0,0,0
2019-04-13,US,philips-hue,pooled_union,38,0,0,0,26
2019-04-13,US,ring-doorbell,pooled_union,0,0,0,0,0
2019-04-13,US,roku-tv,pooled_union,0,0,0,0,0
2019-04-13,US,samsungtv-wired,pooled_union,187,0,0,0,108
2019-04-13,US,sengled-hub,pooled_union,8,1,0,0,4
2019-04-13,US,smartthings,pooled_union,25,0,0,0,11
2019-04-13,US,sousvide,pooled_union,0,0,0,0,0
2019-04-13,US,t-echodot,pooled_union,0,0,0,0,0
2019-04-13,US,t-smartthings-hub,pooled_union,0,0,0,0,0
2019-04-13,US,t-wemo-plug,pooled_union,0,0,0,0,0
2019-04-13,US,tp-link-plug,pooled_union,0,0,0,0,0
2019-04-13,US,tplink-bulb,pooled_union,0,0,0,0,0
2019-04-13,US,wansview-cam-wired,pooled_union,448,47,0,0,13
2019-04-13,US,washer,pooled_union,0,0,0,0,0
2019-04-13,US,wink-hub2,pooled_union,31,2,0,0,11
2019-04-13,US,xiaomi-cleaner,pooled_union,0,0,0,0,0
2019-04-13,US,xiaomi-hub,pooled_union,0,0,0,0,0
2019-04-13,US,xiaomi-ricecooker,pooled_union,0,0,0,0,0
2019-04-13,US,xiaomi-strip,pooled_union,0,0,0,0,0
2019-04-13,US,yi-camera,pooled_union,0,0,0,0,0
2019-04-13,US,zmodo-doorbell,pooled_union,0,0,0,0,0
2019-04-13,US,amcrest-cam-wired,quorum_only,0,0,0,0,0
2019-04-13,US,appletv,quorum_only,10,0,0,0,10
2019-04-13,US,blink-camera,quorum_only,0,0,0,0,0
2019-04-13,US,blink-security-hub,quorum_only,0,0,0,0,0
2019-04-13,US,brewer,quorum_only,0,0,0,0,0
2019-04-13,US,bulb1,quorum_only,0,0,0,0,0
2019-04-13,US,cloudcam,quorum_only,0,0,0,0,0
2019-04-13,US,dlink-mov,quorum_only,0,0,0,0,0
2019-04-13,US,dryer,quorum_only,0,0,0,0,0
2019-04-13,US,echodot,quorum_only,0,0,0,0,0
2019-04-13,US,echoplus,quorum_only,0,0,0,0,0
2019-04-13,US,echospot,quorum_only,0,0,0,0,0
2019-04-13,US,firetv,quorum_only,0,0,0,0,0
2019-04-13,US,fridge,quorum_only,0,0,0,0,0
2019-04-13,US,google-home-mini,quorum_only,0,0,0,0,0
2019-04-13,US,google-home-mini2,quorum_only,0,0,0,0,0
2019-04-13,US,ikettle,quorum_only,0,0,0,0,0
2019-04-13,US,insteon-hub,quorum_only,0,0,0,0,0
2019-04-13,US,invoke,quorum_only,0,0,0,0,0
2019-04-13,US,lefun-cam-wired,quorum_only,0,0,0,0,0
2019-04-13,US,lgtv-wired,quorum_only,0,0,0,0,0
2019-04-13,US,lightify-hub,quorum_only,0,0,0,0,0
2019-04-13,US,luohe-spycam,quorum_only,0,0,0,0,0
2019-04-13,US,magichome-strip,quorum_only,0,0,0,0,0
2019-04-13,US,microseven-camera,quorum_only,0,0,0,0,0
2019-04-13,US,microwave,quorum_only,0,0,0,0,0
2019-04-13,US,nest-tstat,quorum_only,0,0,0,0,0
2019-04-13,US,philips-hue,quorum_only,17,0,0,0,10
2019-04-13,US,ring-doorbell,quorum_only,0,0,0,0,0
2019-04-13,US,roku-tv,quorum_only,0,0,0,0,0
2019-04-13,US,samsungtv-wired,quorum_only,21,0,0,0,15
2019-04-13,US,sengled-hub,quorum_only,0,0,0,0,0
2019-04-13,US,smartthings,quorum_only,5,0,0,0,4
2019-04-13,US,sousvide,quorum_only,0,0,0,0,0
2019-04-13,US,t-echodot,quorum_only,0,0,0,0,0
2019-04-13,US,t-smartthings-hub,quorum_only,0,0,0,0,0
2019-04-13,US,t-wemo-plug,quorum_only,0,0,0,0,0
2019-04-13,US,tp-link-plug,quorum_only,0,0,0,0,0
2019-04-13,US,tplink-bulb,quorum_only,0,0,0,0,0
2019-04-13,US,wansview-cam-wired,quorum_only,12,0,0,0,6
2019-04-13,US,washer,quorum_only,0,0,0,0,0
2019-04-13,US,wink-hub2,quorum_only,0,0,0,0,0
2019-04-13,US,xiaomi-cleaner,quorum_only,0,0,0,0,0
2019-04-13,US,xiaomi-hub,quorum_only,0,0,0,0,0
2019-04-13,US,xiaomi-ricecooker,quorum_only,0,0,0,0,0
2019-04-13,US,xiaomi-strip,quorum_only,0,0,0,0,0
2019-04-13,US,yi-camera,quorum_only,0,0,0,0,0
2019-04-13,US,zmodo-doorbell,quorum_only,0,0,0,0,0
2019-04-13,US,amcrest-cam-wired,majority,7317,0,0,0,11
2019-04-13,US,appletv,majority,67,0,0,0,55
2019-04-13,US,blink-camera,majority,0,0,0,0,0
2019-04-13,US,blink-security-hub,majority,0,0,0,0,0
2019-04-13,US,brewer,majority,0,0,0,0,0
2019-04-13,US,bulb1,majority,0,0,0,0,0
2019-04-13,US,cloudcam,majority,0,0,0,0,0
2019-04-13,US,dlink-mov,majority,0,0,0,0,0
2019-04-13,US,dryer,majority,0,0,0,0,0
2019-04-13,US,echodot,majority,0,0,0,0,0
2019-04-13,US,echoplus,majority,0,0,0,0,0
2019-04-13,US,echospot,majority,0,0,0,0,0
2019-04-13,US,firetv,majority,0,0,0,0,0
2019-04-13,US,fridge,majority,0,0,0,0,0
2019-04-13,US,google-home-mini,majority,0,0,0,0,0
2019-04-13,US,google-home-mini2,majority,0,0,0,0,0
2019-04-13,US,ikettle,majority,0,0,0,0,0
2019-04-13,US,insteon-hub,majority,13,0,0,0,8
2019-04-13,US,invoke,majority,0,0,0,0,0
2019-04-13,US,lefun-cam-wired,majority,145,0,0,0,0
2019-04-13,US,lgtv-wired,majority,55,0,0,0,36
2019-04-13,US,lightify-hub,majority,0,0,0,0,0
2019-04-13,US,luohe-spycam,majority,0,0,0,0,0
2019-04-13,US,magichome-strip,majority,0,0,0,0,0
2019-04-13,US,microseven-camera,majority,6,0,0,0,5
2019-04-13,US,microwave,majority,0,0,0,0,0
2019-04-13,US,nest-tstat,majority,0,0,0,0,0
2019-04-13,US,philips-hue,majority,38,0,0,0,26
2019-04-13,US,ring-doorbell,majority,0,0,0,0,0
2019-04-13,US,roku-tv,majority,0,0,0,0,0
2019-04-13,US,samsungtv-wired,majority,187,0,0,0,108
2019-04-13,US,sengled-hub,majority,8,1,0,0,4
2019-04-13,US,smartthings,majority,25,0,0,0,11
2019-04-13,US,sousvide,majority,0,0,0,0,0
2019-04-13,US,t-echodot,majority,0,0,0,0,0
2019-04-13,US,t-smartthings-hub,majority,0,0,0,0,0
2019-04-13,US,t-wemo-plug,majority,0,0,0,0,0
2019-04-13,US,tp-link-plug,majority,0,0,0,0,0
2019-04-13,US,tplink-bulb,majority,0,0,0,0,0
2019-04-13,US,wansview-cam-wired,majority,448,47,0,0,13
2019-04-13,US,washer,majority,0,0,0,0,0
2019-04-13,US,wink-hub2,majority,31,2,0,0,11
2019-04-13,US,xiaomi-cleaner,majority,0,0,0,0,0
2019-04-13,US,xiaomi-hub,majority,0,0,0,0,0
2019-04-13,US,xiaomi-ricecooker,majority,0,0,0,0,0
2019-04-13,US,xiaomi-strip,majority,0,0,0,0,0
2019-04-13,US,yi-camera,majority,0,0,0,0,0
2019-04-13,US,zmodo-doorbell,majority,0,0,0,0,0
2019-04-13,US,amcrest-cam-wired,dib_without_portability_gate,0,0,0,0,0
2019-04-13,US,appletv,dib_without_portability_gate,10,0,0,0,10
2019-04-13,US,blink-camera,dib_without_portability_gate,0,0,0,0,0
2019-04-13,US,blink-security-hub,dib_without_portability_gate,0,0,0,0,0
2019-04-13,US,brewer,dib_without_portability_gate,0,0,0,0,0
2019-04-13,US,bulb1,dib_without_portability_gate,0,0,0,0,0
2019-04-13,US,cloudcam,dib_without_portability_gate,0,0,0,0,0
2019-04-13,US,dlink-mov,dib_without_portability_gate,0,0,0,0,0
2019-04-13,US,dryer,dib_without_portability_gate,0,0,0,0,0
2019-04-13,US,echodot,dib_without_portability_gate,0,0,0,0,0
2019-04-13,US,echoplus,dib_without_portability_gate,0,0,0,0,0
2019-04-13,US,echospot,dib_without_portability_gate,0,0,0,0,0
2019-04-13,US,firetv,dib_without_portability_gate,0,0,0,0,0
2019-04-13,US,fridge,dib_without_portability_gate,0,0,0,0,0
2019-04-13,US,google-home-mini,dib_without_portability_gate,0,0,0,0,0
2019-04-13,US,google-home-mini2,dib_without_portability_gate,0,0,0,0,0
2019-04-13,US,ikettle,dib_without_portability_gate,0,0,0,0,0
2019-04-13,US,insteon-hub,dib_without_portability_gate,0,0,0,0,0
2019-04-13,US,invoke,dib_without_portability_gate,0,0,0,0,0
2019-04-13,US,lefun-cam-wired,dib_without_portability_gate,0,0,0,0,0
2019-04-13,US,lgtv-wired,dib_without_portability_gate,0,0,0,0,0
2019-04-13,US,lightify-hub,dib_without_portability_gate,0,0,0,0,0
2019-04-13,US,luohe-spycam,dib_without_portability_gate,0,0,0,0,0
2019-04-13,US,magichome-strip,dib_without_portability_gate,0,0,0,0,0
2019-04-13,US,microseven-camera,dib_without_portability_gate,0,0,0,0,0
2019-04-13,US,microwave,dib_without_portability_gate,0,0,0,0,0
2019-04-13,US,nest-tstat,dib_without_portability_gate,0,0,0,0,0
2019-04-13,US,philips-hue,dib_without_portability_gate,17,0,0,0,10
2019-04-13,US,ring-doorbell,dib_without_portability_gate,0,0,0,0,0
2019-04-13,US,roku-tv,dib_without_portability_gate,0,0,0,0,0
2019-04-13,US,samsungtv-wired,dib_without_portability_gate,21,0,0,0,15
2019-04-13,US,sengled-hub,dib_without_portability_gate,0,0,0,0,0
2019-04-13,US,smartthings,dib_without_portability_gate,5,0,0,0,4
2019-04-13,US,sousvide,dib_without_portability_gate,0,0,0,0,0
2019-04-13,US,t-echodot,dib_without_portability_gate,0,0,0,0,0
2019-04-13,US,t-smartthings-hub,dib_without_portability_gate,0,0,0,0,0
2019-04-13,US,t-wemo-plug,dib_without_portability_gate,0,0,0,0,0
2019-04-13,US,tp-link-plug,dib_without_portability_gate,0,0,0,0,0
2019-04-13,US,tplink-bulb,dib_without_portability_gate,0,0,0,0,0
2019-04-13,US,wansview-cam-wired,dib_without_portability_gate,12,0,0,0,6
2019-04-13,US,washer,dib_without_portability_gate,0,0,0,0,0
2019-04-13,US,wink-hub2,dib_without_portability_gate,0,0,0,0,0
2019-04-13,US,xiaomi-cleaner,dib_without_portability_gate,0,0,0,0,0
2019-04-13,US,xiaomi-hub,dib_without_portability_gate,0,0,0,0,0
2019-04-13,US,xiaomi-ricecooker,dib_without_portability_gate,0,0,0,0,0
2019-04-13,US,xiaomi-strip,dib_without_portability_gate,0,0,0,0,0
2019-04-13,US,yi-camera,dib_without_portability_gate,0,0,0,0,0
2019-04-13,US,zmodo-doorbell,dib_without_portability_gate,0,0,0,0,0
2019-04-13,UK,allure-speaker,dib,0,0,0,0,0
2019-04-13,UK,appletv,dib,10,0,0,0,10
2019-04-13,UK,blink-camera,dib,0,0,0,0,0
2019-04-13,UK,blink-security-hub,dib,0,0,0,0,0
2019-04-13,UK,bosiwo-camera-wifi,dib,0,0,0,0,0
2019-04-13,UK,bosiwo-camera-wired,dib,0,0,0,0,0
2019-04-13,UK,charger-camera,dib,0,0,0,0,0
2019-04-13,UK,echodot,dib,0,0,0,0,0
2019-04-13,UK,echoplus,dib,0,0,0,0,0
2019-04-13,UK,echospot,dib,0,0,0,0,0
2019-04-13,UK,firetv,dib,0,0,0,0,0
2019-04-13,UK,google-home,dib,0,0,0,0,0
2019-04-13,UK,google-home-mini,dib,0,0,0,0,0
2019-04-13,UK,honeywell-thermostat,dib,0,0,0,0,0
2019-04-13,UK,insteon-hub,dib,0,0,0,0,0
2019-04-13,UK,lightify-hub,dib,0,0,0,0,0
2019-04-13,UK,magichome-strip,dib,0,0,0,0,0
2019-04-13,UK,nest-tstat,dib,0,0,0,0,0
2019-04-13,UK,netatmo-weather,dib,0,0,0,0,0
2019-04-13,UK,philips-hue,dib,14,0,0,0,10
2019-04-13,UK,ring-doorbell,dib,0,0,0,0,0
2019-04-13,UK,roku-tv,dib,0,0,0,0,0
2019-04-13,UK,samsungtv-wired,dib,15,0,0,0,15
2019-04-13,UK,sengled-hub,dib,0,0,0,0,0
2019-04-13,UK,smarter-coffee-mach,dib,0,0,0,0,0
2019-04-13,UK,smartthings,dib,4,0,0,0,4
2019-04-13,UK,sousvide,dib,0,0,0,0,0
2019-04-13,UK,t-wemo-plug,dib,0,0,0,0,0
2019-04-13,UK,tp-link-plug,dib,0,0,0,0,0
2019-04-13,UK,tplink-bulb,dib,0,0,0,0,0
2019-04-13,UK,tplink-plug2,dib,0,0,0,0,0
2019-04-13,UK,wansview-cam-wired,dib,6,0,0,0,6
2019-04-13,UK,xiaomi-cam2,dib,0,0,0,0,0
2019-04-13,UK,xiaomi-cleaner,dib,0,0,0,0,0
2019-04-13,UK,xiaomi-hub,dib,0,0,0,0,0
2019-04-13,UK,xiaomi-plug,dib,0,0,0,0,0
2019-04-13,UK,yi-camera,dib,0,0,0,0,0
2019-04-13,UK,allure-speaker,pooled_union,0,0,0,0,0
2019-04-13,UK,appletv,pooled_union,67,0,0,0,55
2019-04-13,UK,blink-camera,pooled_union,0,0,0,0,0
2019-04-13,UK,blink-security-hub,pooled_union,0,0,0,0,0
2019-04-13,UK,bosiwo-camera-wifi,pooled_union,0,0,0,0,0
2019-04-13,UK,bosiwo-camera-wired,pooled_union,103,10,0,0,0
2019-04-13,UK,charger-camera,pooled_union,0,0,0,0,0
2019-04-13,UK,echodot,pooled_union,0,0,0,0,0
2019-04-13,UK,echoplus,pooled_union,0,0,0,0,0
2019-04-13,UK,echospot,pooled_union,0,0,0,0,0
2019-04-13,UK,firetv,pooled_union,0,0,0,0,0
2019-04-13,UK,google-home,pooled_union,0,0,0,0,0
2019-04-13,UK,google-home-mini,pooled_union,0,0,0,0,0
2019-04-13,UK,honeywell-thermostat,pooled_union,0,0,0,0,0
2019-04-13,UK,insteon-hub,pooled_union,13,0,0,0,8
2019-04-13,UK,lightify-hub,pooled_union,0,0,0,0,0
2019-04-13,UK,magichome-strip,pooled_union,0,0,0,0,0
2019-04-13,UK,nest-tstat,pooled_union,0,0,0,0,0
2019-04-13,UK,netatmo-weather,pooled_union,0,0,0,0,0
2019-04-13,UK,philips-hue,pooled_union,38,0,0,0,26
2019-04-13,UK,ring-doorbell,pooled_union,0,0,0,0,0
2019-04-13,UK,roku-tv,pooled_union,0,0,0,0,0
2019-04-13,UK,samsungtv-wired,pooled_union,187,0,0,0,108
2019-04-13,UK,sengled-hub,pooled_union,8,1,0,0,4
2019-04-13,UK,smarter-coffee-mach,pooled_union,0,0,0,0,0
2019-04-13,UK,smartthings,pooled_union,25,0,0,0,11
2019-04-13,UK,sousvide,pooled_union,0,0,0,0,0
2019-04-13,UK,t-wemo-plug,pooled_union,0,0,0,0,0
2019-04-13,UK,tp-link-plug,pooled_union,0,0,0,0,0
2019-04-13,UK,tplink-bulb,pooled_union,0,0,0,0,0
2019-04-13,UK,tplink-plug2,pooled_union,0,0,0,0,0
2019-04-13,UK,wansview-cam-wired,pooled_union,448,47,0,0,13
2019-04-13,UK,xiaomi-cam2,pooled_union,0,0,0,0,0
2019-04-13,UK,xiaomi-cleaner,pooled_union,0,0,0,0,0
2019-04-13,UK,xiaomi-hub,pooled_union,0,0,0,0,0
2019-04-13,UK,xiaomi-plug,pooled_union,0,0,0,0,0
2019-04-13,UK,yi-camera,pooled_union,0,0,0,0,0
2019-04-13,UK,allure-speaker,quorum_only,0,0,0,0,0
2019-04-13,UK,appletv,quorum_only,10,0,0,0,10
2019-04-13,UK,blink-camera,quorum_only,0,0,0,0,0
2019-04-13,UK,blink-security-hub,quorum_only,0,0,0,0,0
2019-04-13,UK,bosiwo-camera-wifi,quorum_only,0,0,0,0,0
2019-04-13,UK,bosiwo-camera-wired,quorum_only,0,0,0,0,0
2019-04-13,UK,charger-camera,quorum_only,0,0,0,0,0
2019-04-13,UK,echodot,quorum_only,0,0,0,0,0
2019-04-13,UK,echoplus,quorum_only,0,0,0,0,0
2019-04-13,UK,echospot,quorum_only,0,0,0,0,0
2019-04-13,UK,firetv,quorum_only,0,0,0,0,0
2019-04-13,UK,google-home,quorum_only,0,0,0,0,0
2019-04-13,UK,google-home-mini,quorum_only,0,0,0,0,0
2019-04-13,UK,honeywell-thermostat,quorum_only,0,0,0,0,0
2019-04-13,UK,insteon-hub,quorum_only,0,0,0,0,0
2019-04-13,UK,lightify-hub,quorum_only,0,0,0,0,0
2019-04-13,UK,magichome-strip,quorum_only,0,0,0,0,0
2019-04-13,UK,nest-tstat,quorum_only,0,0,0,0,0
2019-04-13,UK,netatmo-weather,quorum_only,0,0,0,0,0
2019-04-13,UK,philips-hue,quorum_only,17,0,0,0,10
2019-04-13,UK,ring-doorbell,quorum_only,0,0,0,0,0
2019-04-13,UK,roku-tv,quorum_only,0,0,0,0,0
2019-04-13,UK,samsungtv-wired,quorum_only,21,0,0,0,15
2019-04-13,UK,sengled-hub,quorum_only,0,0,0,0,0
2019-04-13,UK,smarter-coffee-mach,quorum_only,0,0,0,0,0
2019-04-13,UK,smartthings,quorum_only,5,0,0,0,4
2019-04-13,UK,sousvide,quorum_only,0,0,0,0,0
2019-04-13,UK,t-wemo-plug,quorum_only,0,0,0,0,0
2019-04-13,UK,tp-link-plug,quorum_only,0,0,0,0,0
2019-04-13,UK,tplink-bulb,quorum_only,0,0,0,0,0
2019-04-13,UK,tplink-plug2,quorum_only,0,0,0,0,0
2019-04-13,UK,wansview-cam-wired,quorum_only,12,0,0,0,6
2019-04-13,UK,xiaomi-cam2,quorum_only,0,0,0,0,0
2019-04-13,UK,xiaomi-cleaner,quorum_only,0,0,0,0,0
2019-04-13,UK,xiaomi-hub,quorum_only,0,0,0,0,0
2019-04-13,UK,xiaomi-plug,quorum_only,0,0,0,0,0
2019-04-13,UK,yi-camera,quorum_only,0,0,0,0,0
2019-04-13,UK,allure-speaker,majority,0,0,0,0,0
2019-04-13,UK,appletv,majority,67,0,0,0,55
2019-04-13,UK,blink-camera,majority,0,0,0,0,0
2019-04-13,UK,blink-security-hub,majority,0,0,0,0,0
2019-04-13,UK,bosiwo-camera-wifi,majority,0,0,0,0,0
2019-04-13,UK,bosiwo-camera-wired,majority,103,10,0,0,0
2019-04-13,UK,charger-camera,majority,0,0,0,0,0
2019-04-13,UK,echodot,majority,0,0,0,0,0
2019-04-13,UK,echoplus,majority,0,0,0,0,0
2019-04-13,UK,echospot,majority,0,0,0,0,0
2019-04-13,UK,firetv,majority,0,0,0,0,0
2019-04-13,UK,google-home,majority,0,0,0,0,0
2019-04-13,UK,google-home-mini,majority,0,0,0,0,0
2019-04-13,UK,honeywell-thermostat,majority,0,0,0,0,0
2019-04-13,UK,insteon-hub,majority,13,0,0,0,8
2019-04-13,UK,lightify-hub,majority,0,0,0,0,0
2019-04-13,UK,magichome-strip,majority,0,0,0,0,0
2019-04-13,UK,nest-tstat,majority,0,0,0,0,0
2019-04-13,UK,netatmo-weather,majority,0,0,0,0,0
2019-04-13,UK,philips-hue,majority,38,0,0,0,26
2019-04-13,UK,ring-doorbell,majority,0,0,0,0,0
2019-04-13,UK,roku-tv,majority,0,0,0,0,0
2019-04-13,UK,samsungtv-wired,majority,187,0,0,0,108
2019-04-13,UK,sengled-hub,majority,8,1,0,0,4
2019-04-13,UK,smarter-coffee-mach,majority,0,0,0,0,0
2019-04-13,UK,smartthings,majority,25,0,0,0,11
2019-04-13,UK,sousvide,majority,0,0,0,0,0
2019-04-13,UK,t-wemo-plug,majority,0,0,0,0,0
2019-04-13,UK,tp-link-plug,majority,0,0,0,0,0
2019-04-13,UK,tplink-bulb,majority,0,0,0,0,0
2019-04-13,UK,tplink-plug2,majority,0,0,0,0,0
2019-04-13,UK,wansview-cam-wired,majority,448,47,0,0,13
2019-04-13,UK,xiaomi-cam2,majority,0,0,0,0,0
2019-04-13,UK,xiaomi-cleaner,majority,0,0,0,0,0
2019-04-13,UK,xiaomi-hub,majority,0,0,0,0,0
2019-04-13,UK,xiaomi-plug,majority,0,0,0,0,0
2019-04-13,UK,yi-camera,majority,0,0,0,0,0
2019-04-13,UK,allure-speaker,dib_without_portability_gate,0,0,0,0,0
2019-04-13,UK,appletv,dib_without_portability_gate,10,0,0,0,10
2019-04-13,UK,blink-camera,dib_without_portability_gate,0,0,0,0,0
2019-04-13,UK,blink-security-hub,dib_without_portability_gate,0,0,0,0,0
2019-04-13,UK,bosiwo-camera-wifi,dib_without_portability_gate,0,0,0,0,0
2019-04-13,UK,bosiwo-camera-wired,dib_without_portability_gate,0,0,0,0,0
2019-04-13,UK,charger-camera,dib_without_portability_gate,0,0,0,0,0
2019-04-13,UK,echodot,dib_without_portability_gate,0,0,0,0,0
2019-04-13,UK,echoplus,dib_without_portability_gate,0,0,0,0,0
2019-04-13,UK,echospot,dib_without_portability_gate,0,0,0,0,0
2019-04-13,UK,firetv,dib_without_portability_gate,0,0,0,0,0
2019-04-13,UK,google-home,dib_without_portability_gate,0,0,0,0,0
2019-04-13,UK,google-home-mini,dib_without_portability_gate,0,0,0,0,0
2019-04-13,UK,honeywell-thermostat,dib_without_portability_gate,0,0,0,0,0
2019-04-13,UK,insteon-hub,dib_without_portability_gate,0,0,0,0,0
2019-04-13,UK,lightify-hub,dib_without_portability_gate,0,0,0,0,0
2019-04-13,UK,magichome-strip,dib_without_portability_gate,0,0,0,0,0
2019-04-13,UK,nest-tstat,dib_without_portability_gate,0,0,0,0,0
2019-04-13,UK,netatmo-weather,dib_without_portability_gate,0,0,0,0,0
2019-04-13,UK,philips-hue,dib_without_portability_gate,17,0,0,0,10
2019-04-13,UK,ring-doorbell,dib_without_portability_gate,0,0,0,0,0
2019-04-13,UK,roku-tv,dib_without_portability_gate,0,0,0,0,0
2019-04-13,UK,samsungtv-wired,dib_without_portability_gate,21,0,0,0,15
2019-04-13,UK,sengled-hub,dib_without_portability_gate,0,0,0,0,0
2019-04-13,UK,smarter-coffee-mach,dib_without_portability_gate,0,0,0,0,0
2019-04-13,UK,smartthings,dib_without_portability_gate,5,0,0,0,4
2019-04-13,UK,sousvide,dib_without_portability_gate,0,0,0,0,0
2019-04-13,UK,t-wemo-plug,dib_without_portability_gate,0,0,0,0,0
2019-04-13,UK,tp-link-plug,dib_without_portability_gate,0,0,0,0,0
2019-04-13,UK,tplink-bulb,dib_without_portability_gate,0,0,0,0,0
2019-04-13,UK,tplink-plug2,dib_without_portability_gate,0,0,0,0,0
2019-04-13,UK,wansview-cam-wired,dib_without_portability_gate,12,0,0,0,6
2019-04-13,UK,xiaomi-cam2,dib_without_portability_gate,0,0,0,0,0
2019-04-13,UK,xiaomi-cleaner,dib_without_portability_gate,0,0,0,0,0
2019-04-13,UK,xiaomi-hub,dib_without_portability_gate,0,0,0,0,0
2019-04-13,UK,xiaomi-plug,dib_without_portability_gate,0,0,0,0,0
2019-04-13,UK,yi-camera,dib_without_portability_gate,0,0,0,0,0
2019-04-16,US,amcrest-cam-wired,dib,0,0,0,0,0
2019-04-16,US,appletv,dib,10,0,0,0,10
2019-04-16,US,blink-camera,dib,0,0,0,0,0
2019-04-16,US,blink-security-hub,dib,0,0,0,0,0
2019-04-16,US,brewer,dib,0,0,0,0,0
2019-04-16,US,bulb1,dib,0,0,0,0,0
2019-04-16,US,cloudcam,dib,0,0,0,0,0
2019-04-16,US,dlink-mov,dib,0,0,0,0,0
2019-04-16,US,dryer,dib,0,0,0,0,0
2019-04-16,US,echodot,dib,0,0,0,0,0
2019-04-16,US,echoplus,dib,0,0,0,0,0
2019-04-16,US,echospot,dib,0,0,0,0,0
2019-04-16,US,firetv,dib,0,0,0,0,0
2019-04-16,US,fridge,dib,0,0,0,0,0
2019-04-16,US,google-home-mini,dib,0,0,0,0,0
2019-04-16,US,google-home-mini2,dib,0,0,0,0,0
2019-04-16,US,ikettle,dib,0,0,0,0,0
2019-04-16,US,insteon-hub,dib,0,0,0,0,0
2019-04-16,US,invoke,dib,0,0,0,0,0
2019-04-16,US,lefun-cam-wired,dib,0,0,0,0,0
2019-04-16,US,lgtv-wired,dib,0,0,0,0,0
2019-04-16,US,lightify-hub,dib,0,0,0,0,0
2019-04-16,US,luohe-spycam,dib,0,0,0,0,0
2019-04-16,US,magichome-strip,dib,0,0,0,0,0
2019-04-16,US,microseven-camera,dib,0,0,0,0,0
2019-04-16,US,microwave,dib,0,0,0,0,0
2019-04-16,US,nest-tstat,dib,0,0,0,0,0
2019-04-16,US,philips-hue,dib,10,0,4,4,6
2019-04-16,US,ring-doorbell,dib,0,0,0,0,0
2019-04-16,US,roku-tv,dib,0,0,0,0,0
2019-04-16,US,samsungtv-wired,dib,15,0,0,0,15
2019-04-16,US,sengled-hub,dib,0,0,0,0,0
2019-04-16,US,smartthings,dib,4,0,0,0,4
2019-04-16,US,sousvide,dib,0,0,0,0,0
2019-04-16,US,t-echodot,dib,0,0,0,0,0
2019-04-16,US,t-smartthings-hub,dib,0,0,0,0,0
2019-04-16,US,t-wemo-plug,dib,0,0,0,0,0
2019-04-16,US,tp-link-plug,dib,0,0,0,0,0
2019-04-16,US,tplink-bulb,dib,0,0,0,0,0
2019-04-16,US,wansview-cam-wired,dib,6,0,0,0,6
2019-04-16,US,washer,dib,0,0,0,0,0
2019-04-16,US,wink-hub2,dib,0,0,0,0,0
2019-04-16,US,xiaomi-cleaner,dib,0,0,0,0,0
2019-04-16,US,xiaomi-hub,dib,0,0,0,0,0
2019-04-16,US,xiaomi-ricecooker,dib,0,0,0,0,0
2019-04-16,US,xiaomi-strip,dib,0,0,0,0,0
2019-04-16,US,yi-camera,dib,0,0,0,0,0
2019-04-16,US,zmodo-doorbell,dib,0,0,0,0,0
2019-04-16,US,amcrest-cam-wired,pooled_union,7317,0,0,0,11
2019-04-16,US,appletv,pooled_union,67,0,0,0,55
2019-04-16,US,blink-camera,pooled_union,0,0,0,0,0
2019-04-16,US,blink-security-hub,pooled_union,0,0,0,0,0
2019-04-16,US,brewer,pooled_union,0,0,0,0,0
2019-04-16,US,bulb1,pooled_union,0,0,0,0,0
2019-04-16,US,cloudcam,pooled_union,0,0,0,0,0
2019-04-16,US,dlink-mov,pooled_union,0,0,0,0,0
2019-04-16,US,dryer,pooled_union,0,0,0,0,0
2019-04-16,US,echodot,pooled_union,0,0,0,0,0
2019-04-16,US,echoplus,pooled_union,0,0,0,0,0
2019-04-16,US,echospot,pooled_union,0,0,0,0,0
2019-04-16,US,firetv,pooled_union,0,0,0,0,0
2019-04-16,US,fridge,pooled_union,0,0,0,0,0
2019-04-16,US,google-home-mini,pooled_union,0,0,0,0,0
2019-04-16,US,google-home-mini2,pooled_union,0,0,0,0,0
2019-04-16,US,ikettle,pooled_union,0,0,0,0,0
2019-04-16,US,insteon-hub,pooled_union,13,0,0,0,8
2019-04-16,US,invoke,pooled_union,0,0,0,0,0
2019-04-16,US,lefun-cam-wired,pooled_union,145,0,0,0,0
2019-04-16,US,lgtv-wired,pooled_union,55,0,0,0,36
2019-04-16,US,lightify-hub,pooled_union,0,0,0,0,0
2019-04-16,US,luohe-spycam,pooled_union,0,0,0,0,0
2019-04-16,US,magichome-strip,pooled_union,0,0,0,0,0
2019-04-16,US,microseven-camera,pooled_union,6,0,0,0,5
2019-04-16,US,microwave,pooled_union,0,0,0,0,0
2019-04-16,US,nest-tstat,pooled_union,0,0,0,0,0
2019-04-16,US,philips-hue,pooled_union,39,1,0,0,27
2019-04-16,US,ring-doorbell,pooled_union,0,0,0,0,0
2019-04-16,US,roku-tv,pooled_union,0,0,0,0,0
2019-04-16,US,samsungtv-wired,pooled_union,187,0,0,0,108
2019-04-16,US,sengled-hub,pooled_union,8,0,0,0,4
2019-04-16,US,smartthings,pooled_union,27,2,0,0,13
2019-04-16,US,sousvide,pooled_union,0,0,0,0,0
2019-04-16,US,t-echodot,pooled_union,0,0,0,0,0
2019-04-16,US,t-smartthings-hub,pooled_union,0,0,0,0,0
2019-04-16,US,t-wemo-plug,pooled_union,0,0,0,0,0
2019-04-16,US,tp-link-plug,pooled_union,0,0,0,0,0
2019-04-16,US,tplink-bulb,pooled_union,0,0,0,0,0
2019-04-16,US,wansview-cam-wired,pooled_union,448,0,0,0,13
2019-04-16,US,washer,pooled_union,0,0,0,0,0
2019-04-16,US,wink-hub2,pooled_union,33,2,0,0,12
2019-04-16,US,xiaomi-cleaner,pooled_union,0,0,0,0,0
2019-04-16,US,xiaomi-hub,pooled_union,0,0,0,0,0
2019-04-16,US,xiaomi-ricecooker,pooled_union,0,0,0,0,0
2019-04-16,US,xiaomi-strip,pooled_union,0,0,0,0,0
2019-04-16,US,yi-camera,pooled_union,0,0,0,0,0
2019-04-16,US,zmodo-doorbell,pooled_union,0,0,0,0,0
2019-04-16,US,amcrest-cam-wired,quorum_only,0,0,0,0,0
2019-04-16,US,appletv,quorum_only,10,0,0,0,10
2019-04-16,US,blink-camera,quorum_only,0,0,0,0,0
2019-04-16,US,blink-security-hub,quorum_only,0,0,0,0,0
2019-04-16,US,brewer,quorum_only,0,0,0,0,0
2019-04-16,US,bulb1,quorum_only,0,0,0,0,0
2019-04-16,US,cloudcam,quorum_only,0,0,0,0,0
2019-04-16,US,dlink-mov,quorum_only,0,0,0,0,0
2019-04-16,US,dryer,quorum_only,0,0,0,0,0
2019-04-16,US,echodot,quorum_only,0,0,0,0,0
2019-04-16,US,echoplus,quorum_only,0,0,0,0,0
2019-04-16,US,echospot,quorum_only,0,0,0,0,0
2019-04-16,US,firetv,quorum_only,0,0,0,0,0
2019-04-16,US,fridge,quorum_only,0,0,0,0,0
2019-04-16,US,google-home-mini,quorum_only,0,0,0,0,0
2019-04-16,US,google-home-mini2,quorum_only,0,0,0,0,0
2019-04-16,US,ikettle,quorum_only,0,0,0,0,0
2019-04-16,US,insteon-hub,quorum_only,0,0,0,0,0
2019-04-16,US,invoke,quorum_only,0,0,0,0,0
2019-04-16,US,lefun-cam-wired,quorum_only,0,0,0,0,0
2019-04-16,US,lgtv-wired,quorum_only,0,0,0,0,0
2019-04-16,US,lightify-hub,quorum_only,0,0,0,0,0
2019-04-16,US,luohe-spycam,quorum_only,0,0,0,0,0
2019-04-16,US,magichome-strip,quorum_only,0,0,0,0,0
2019-04-16,US,microseven-camera,quorum_only,0,0,0,0,0
2019-04-16,US,microwave,quorum_only,0,0,0,0,0
2019-04-16,US,nest-tstat,quorum_only,0,0,0,0,0
2019-04-16,US,philips-hue,quorum_only,17,0,0,0,10
2019-04-16,US,ring-doorbell,quorum_only,0,0,0,0,0
2019-04-16,US,roku-tv,quorum_only,0,0,0,0,0
2019-04-16,US,samsungtv-wired,quorum_only,21,0,0,0,15
2019-04-16,US,sengled-hub,quorum_only,0,0,0,0,0
2019-04-16,US,smartthings,quorum_only,5,0,0,0,4
2019-04-16,US,sousvide,quorum_only,0,0,0,0,0
2019-04-16,US,t-echodot,quorum_only,0,0,0,0,0
2019-04-16,US,t-smartthings-hub,quorum_only,0,0,0,0,0
2019-04-16,US,t-wemo-plug,quorum_only,0,0,0,0,0
2019-04-16,US,tp-link-plug,quorum_only,0,0,0,0,0
2019-04-16,US,tplink-bulb,quorum_only,0,0,0,0,0
2019-04-16,US,wansview-cam-wired,quorum_only,12,0,0,0,6
2019-04-16,US,washer,quorum_only,0,0,0,0,0
2019-04-16,US,wink-hub2,quorum_only,0,0,0,0,0
2019-04-16,US,xiaomi-cleaner,quorum_only,0,0,0,0,0
2019-04-16,US,xiaomi-hub,quorum_only,0,0,0,0,0
2019-04-16,US,xiaomi-ricecooker,quorum_only,0,0,0,0,0
2019-04-16,US,xiaomi-strip,quorum_only,0,0,0,0,0
2019-04-16,US,yi-camera,quorum_only,0,0,0,0,0
2019-04-16,US,zmodo-doorbell,quorum_only,0,0,0,0,0
2019-04-16,US,amcrest-cam-wired,majority,7317,0,0,0,11
2019-04-16,US,appletv,majority,67,0,0,0,55
2019-04-16,US,blink-camera,majority,0,0,0,0,0
2019-04-16,US,blink-security-hub,majority,0,0,0,0,0
2019-04-16,US,brewer,majority,0,0,0,0,0
2019-04-16,US,bulb1,majority,0,0,0,0,0
2019-04-16,US,cloudcam,majority,0,0,0,0,0
2019-04-16,US,dlink-mov,majority,0,0,0,0,0
2019-04-16,US,dryer,majority,0,0,0,0,0
2019-04-16,US,echodot,majority,0,0,0,0,0
2019-04-16,US,echoplus,majority,0,0,0,0,0
2019-04-16,US,echospot,majority,0,0,0,0,0
2019-04-16,US,firetv,majority,0,0,0,0,0
2019-04-16,US,fridge,majority,0,0,0,0,0
2019-04-16,US,google-home-mini,majority,0,0,0,0,0
2019-04-16,US,google-home-mini2,majority,0,0,0,0,0
2019-04-16,US,ikettle,majority,0,0,0,0,0
2019-04-16,US,insteon-hub,majority,13,0,0,0,8
2019-04-16,US,invoke,majority,0,0,0,0,0
2019-04-16,US,lefun-cam-wired,majority,145,0,0,0,0
2019-04-16,US,lgtv-wired,majority,55,0,0,0,36
2019-04-16,US,lightify-hub,majority,0,0,0,0,0
2019-04-16,US,luohe-spycam,majority,0,0,0,0,0
2019-04-16,US,magichome-strip,majority,0,0,0,0,0
2019-04-16,US,microseven-camera,majority,6,0,0,0,5
2019-04-16,US,microwave,majority,0,0,0,0,0
2019-04-16,US,nest-tstat,majority,0,0,0,0,0
2019-04-16,US,philips-hue,majority,39,1,0,0,27
2019-04-16,US,ring-doorbell,majority,0,0,0,0,0
2019-04-16,US,roku-tv,majority,0,0,0,0,0
2019-04-16,US,samsungtv-wired,majority,187,0,0,0,108
2019-04-16,US,sengled-hub,majority,8,0,0,0,4
2019-04-16,US,smartthings,majority,27,2,0,0,13
2019-04-16,US,sousvide,majority,0,0,0,0,0
2019-04-16,US,t-echodot,majority,0,0,0,0,0
2019-04-16,US,t-smartthings-hub,majority,0,0,0,0,0
2019-04-16,US,t-wemo-plug,majority,0,0,0,0,0
2019-04-16,US,tp-link-plug,majority,0,0,0,0,0
2019-04-16,US,tplink-bulb,majority,0,0,0,0,0
2019-04-16,US,wansview-cam-wired,majority,448,0,0,0,13
2019-04-16,US,washer,majority,0,0,0,0,0
2019-04-16,US,wink-hub2,majority,33,2,0,0,12
2019-04-16,US,xiaomi-cleaner,majority,0,0,0,0,0
2019-04-16,US,xiaomi-hub,majority,0,0,0,0,0
2019-04-16,US,xiaomi-ricecooker,majority,0,0,0,0,0
2019-04-16,US,xiaomi-strip,majority,0,0,0,0,0
2019-04-16,US,yi-camera,majority,0,0,0,0,0
2019-04-16,US,zmodo-doorbell,majority,0,0,0,0,0
2019-04-16,US,amcrest-cam-wired,dib_without_portability_gate,0,0,0,0,0
2019-04-16,US,appletv,dib_without_portability_gate,10,0,0,0,10
2019-04-16,US,blink-camera,dib_without_portability_gate,0,0,0,0,0
2019-04-16,US,blink-security-hub,dib_without_portability_gate,0,0,0,0,0
2019-04-16,US,brewer,dib_without_portability_gate,0,0,0,0,0
2019-04-16,US,bulb1,dib_without_portability_gate,0,0,0,0,0
2019-04-16,US,cloudcam,dib_without_portability_gate,0,0,0,0,0
2019-04-16,US,dlink-mov,dib_without_portability_gate,0,0,0,0,0
2019-04-16,US,dryer,dib_without_portability_gate,0,0,0,0,0
2019-04-16,US,echodot,dib_without_portability_gate,0,0,0,0,0
2019-04-16,US,echoplus,dib_without_portability_gate,0,0,0,0,0
2019-04-16,US,echospot,dib_without_portability_gate,0,0,0,0,0
2019-04-16,US,firetv,dib_without_portability_gate,0,0,0,0,0
2019-04-16,US,fridge,dib_without_portability_gate,0,0,0,0,0
2019-04-16,US,google-home-mini,dib_without_portability_gate,0,0,0,0,0
2019-04-16,US,google-home-mini2,dib_without_portability_gate,0,0,0,0,0
2019-04-16,US,ikettle,dib_without_portability_gate,0,0,0,0,0
2019-04-16,US,insteon-hub,dib_without_portability_gate,0,0,0,0,0
2019-04-16,US,invoke,dib_without_portability_gate,0,0,0,0,0
2019-04-16,US,lefun-cam-wired,dib_without_portability_gate,0,0,0,0,0
2019-04-16,US,lgtv-wired,dib_without_portability_gate,0,0,0,0,0
2019-04-16,US,lightify-hub,dib_without_portability_gate,0,0,0,0,0
2019-04-16,US,luohe-spycam,dib_without_portability_gate,0,0,0,0,0
2019-04-16,US,magichome-strip,dib_without_portability_gate,0,0,0,0,0
2019-04-16,US,microseven-camera,dib_without_portability_gate,0,0,0,0,0
2019-04-16,US,microwave,dib_without_portability_gate,0,0,0,0,0
2019-04-16,US,nest-tstat,dib_without_portability_gate,0,0,0,0,0
2019-04-16,US,philips-hue,dib_without_portability_gate,13,0,4,4,6
2019-04-16,US,ring-doorbell,dib_without_portability_gate,0,0,0,0,0
2019-04-16,US,roku-tv,dib_without_portability_gate,0,0,0,0,0
2019-04-16,US,samsungtv-wired,dib_without_portability_gate,21,0,0,0,15
2019-04-16,US,sengled-hub,dib_without_portability_gate,0,0,0,0,0
2019-04-16,US,smartthings,dib_without_portability_gate,5,0,0,0,4
2019-04-16,US,sousvide,dib_without_portability_gate,0,0,0,0,0
2019-04-16,US,t-echodot,dib_without_portability_gate,0,0,0,0,0
2019-04-16,US,t-smartthings-hub,dib_without_portability_gate,0,0,0,0,0
2019-04-16,US,t-wemo-plug,dib_without_portability_gate,0,0,0,0,0
2019-04-16,US,tp-link-plug,dib_without_portability_gate,0,0,0,0,0
2019-04-16,US,tplink-bulb,dib_without_portability_gate,0,0,0,0,0
2019-04-16,US,wansview-cam-wired,dib_without_portability_gate,12,0,0,0,6
2019-04-16,US,washer,dib_without_portability_gate,0,0,0,0,0
2019-04-16,US,wink-hub2,dib_without_portability_gate,0,0,0,0,0
2019-04-16,US,xiaomi-cleaner,dib_without_portability_gate,0,0,0,0,0
2019-04-16,US,xiaomi-hub,dib_without_portability_gate,0,0,0,0,0
2019-04-16,US,xiaomi-ricecooker,dib_without_portability_gate,0,0,0,0,0
2019-04-16,US,xiaomi-strip,dib_without_portability_gate,0,0,0,0,0
2019-04-16,US,yi-camera,dib_without_portability_gate,0,0,0,0,0
2019-04-16,US,zmodo-doorbell,dib_without_portability_gate,0,0,0,0,0
2019-04-16,UK,allure-speaker,dib,0,0,0,0,0
2019-04-16,UK,appletv,dib,10,0,0,0,10
2019-04-16,UK,blink-camera,dib,0,0,0,0,0
2019-04-16,UK,blink-security-hub,dib,0,0,0,0,0
2019-04-16,UK,bosiwo-camera-wifi,dib,0,0,0,0,0
2019-04-16,UK,bosiwo-camera-wired,dib,0,0,0,0,0
2019-04-16,UK,charger-camera,dib,0,0,0,0,0
2019-04-16,UK,echodot,dib,0,0,0,0,0
2019-04-16,UK,echoplus,dib,0,0,0,0,0
2019-04-16,UK,echospot,dib,0,0,0,0,0
2019-04-16,UK,firetv,dib,0,0,0,0,0
2019-04-16,UK,google-home,dib,0,0,0,0,0
2019-04-16,UK,google-home-mini,dib,0,0,0,0,0
2019-04-16,UK,honeywell-thermostat,dib,0,0,0,0,0
2019-04-16,UK,insteon-hub,dib,0,0,0,0,0
2019-04-16,UK,lightify-hub,dib,0,0,0,0,0
2019-04-16,UK,magichome-strip,dib,0,0,0,0,0
2019-04-16,UK,nest-tstat,dib,0,0,0,0,0
2019-04-16,UK,netatmo-weather,dib,0,0,0,0,0
2019-04-16,UK,philips-hue,dib,10,0,4,4,6
2019-04-16,UK,ring-doorbell,dib,0,0,0,0,0
2019-04-16,UK,roku-tv,dib,0,0,0,0,0
2019-04-16,UK,samsungtv-wired,dib,15,0,0,0,15
2019-04-16,UK,sengled-hub,dib,0,0,0,0,0
2019-04-16,UK,smarter-coffee-mach,dib,0,0,0,0,0
2019-04-16,UK,smartthings,dib,4,0,0,0,4
2019-04-16,UK,sousvide,dib,0,0,0,0,0
2019-04-16,UK,t-wemo-plug,dib,0,0,0,0,0
2019-04-16,UK,tp-link-plug,dib,0,0,0,0,0
2019-04-16,UK,tplink-bulb,dib,0,0,0,0,0
2019-04-16,UK,tplink-plug2,dib,0,0,0,0,0
2019-04-16,UK,wansview-cam-wired,dib,6,0,0,0,6
2019-04-16,UK,xiaomi-cam2,dib,0,0,0,0,0
2019-04-16,UK,xiaomi-cleaner,dib,0,0,0,0,0
2019-04-16,UK,xiaomi-hub,dib,0,0,0,0,0
2019-04-16,UK,xiaomi-plug,dib,0,0,0,0,0
2019-04-16,UK,yi-camera,dib,0,0,0,0,0
2019-04-16,UK,allure-speaker,pooled_union,0,0,0,0,0
2019-04-16,UK,appletv,pooled_union,67,0,0,0,55
2019-04-16,UK,blink-camera,pooled_union,0,0,0,0,0
2019-04-16,UK,blink-security-hub,pooled_union,0,0,0,0,0
2019-04-16,UK,bosiwo-camera-wifi,pooled_union,0,0,0,0,0
2019-04-16,UK,bosiwo-camera-wired,pooled_union,103,0,0,0,0
2019-04-16,UK,charger-camera,pooled_union,0,0,0,0,0
2019-04-16,UK,echodot,pooled_union,0,0,0,0,0
2019-04-16,UK,echoplus,pooled_union,0,0,0,0,0
2019-04-16,UK,echospot,pooled_union,0,0,0,0,0
2019-04-16,UK,firetv,pooled_union,0,0,0,0,0
2019-04-16,UK,google-home,pooled_union,0,0,0,0,0
2019-04-16,UK,google-home-mini,pooled_union,0,0,0,0,0
2019-04-16,UK,honeywell-thermostat,pooled_union,0,0,0,0,0
2019-04-16,UK,insteon-hub,pooled_union,13,0,0,0,8
2019-04-16,UK,lightify-hub,pooled_union,0,0,0,0,0
2019-04-16,UK,magichome-strip,pooled_union,0,0,0,0,0
2019-04-16,UK,nest-tstat,pooled_union,0,0,0,0,0
2019-04-16,UK,netatmo-weather,pooled_union,0,0,0,0,0
2019-04-16,UK,philips-hue,pooled_union,39,1,0,0,27
2019-04-16,UK,ring-doorbell,pooled_union,0,0,0,0,0
2019-04-16,UK,roku-tv,pooled_union,0,0,0,0,0
2019-04-16,UK,samsungtv-wired,pooled_union,187,0,0,0,108
2019-04-16,UK,sengled-hub,pooled_union,8,0,0,0,4
2019-04-16,UK,smarter-coffee-mach,pooled_union,0,0,0,0,0
2019-04-16,UK,smartthings,pooled_union,27,2,0,0,13
2019-04-16,UK,sousvide,pooled_union,0,0,0,0,0
2019-04-16,UK,t-wemo-plug,pooled_union,0,0,0,0,0
2019-04-16,UK,tp-link-plug,pooled_union,0,0,0,0,0
2019-04-16,UK,tplink-bulb,pooled_union,0,0,0,0,0
2019-04-16,UK,tplink-plug2,pooled_union,0,0,0,0,0
2019-04-16,UK,wansview-cam-wired,pooled_union,448,0,0,0,13
2019-04-16,UK,xiaomi-cam2,pooled_union,0,0,0,0,0
2019-04-16,UK,xiaomi-cleaner,pooled_union,0,0,0,0,0
2019-04-16,UK,xiaomi-hub,pooled_union,0,0,0,0,0
2019-04-16,UK,xiaomi-plug,pooled_union,0,0,0,0,0
2019-04-16,UK,yi-camera,pooled_union,0,0,0,0,0
2019-04-16,UK,allure-speaker,quorum_only,0,0,0,0,0
2019-04-16,UK,appletv,quorum_only,10,0,0,0,10
2019-04-16,UK,blink-camera,quorum_only,0,0,0,0,0
2019-04-16,UK,blink-security-hub,quorum_only,0,0,0,0,0
2019-04-16,UK,bosiwo-camera-wifi,quorum_only,0,0,0,0,0
2019-04-16,UK,bosiwo-camera-wired,quorum_only,0,0,0,0,0
2019-04-16,UK,charger-camera,quorum_only,0,0,0,0,0
2019-04-16,UK,echodot,quorum_only,0,0,0,0,0
2019-04-16,UK,echoplus,quorum_only,0,0,0,0,0
2019-04-16,UK,echospot,quorum_only,0,0,0,0,0
2019-04-16,UK,firetv,quorum_only,0,0,0,0,0
2019-04-16,UK,google-home,quorum_only,0,0,0,0,0
2019-04-16,UK,google-home-mini,quorum_only,0,0,0,0,0
2019-04-16,UK,honeywell-thermostat,quorum_only,0,0,0,0,0
2019-04-16,UK,insteon-hub,quorum_only,0,0,0,0,0
2019-04-16,UK,lightify-hub,quorum_only,0,0,0,0,0
2019-04-16,UK,magichome-strip,quorum_only,0,0,0,0,0
2019-04-16,UK,nest-tstat,quorum_only,0,0,0,0,0
2019-04-16,UK,netatmo-weather,quorum_only,0,0,0,0,0
2019-04-16,UK,philips-hue,quorum_only,17,0,0,0,10
2019-04-16,UK,ring-doorbell,quorum_only,0,0,0,0,0
2019-04-16,UK,roku-tv,quorum_only,0,0,0,0,0
2019-04-16,UK,samsungtv-wired,quorum_only,21,0,0,0,15
2019-04-16,UK,sengled-hub,quorum_only,0,0,0,0,0
2019-04-16,UK,smarter-coffee-mach,quorum_only,0,0,0,0,0
2019-04-16,UK,smartthings,quorum_only,5,0,0,0,4
2019-04-16,UK,sousvide,quorum_only,0,0,0,0,0
2019-04-16,UK,t-wemo-plug,quorum_only,0,0,0,0,0
2019-04-16,UK,tp-link-plug,quorum_only,0,0,0,0,0
2019-04-16,UK,tplink-bulb,quorum_only,0,0,0,0,0
2019-04-16,UK,tplink-plug2,quorum_only,0,0,0,0,0
2019-04-16,UK,wansview-cam-wired,quorum_only,12,0,0,0,6
2019-04-16,UK,xiaomi-cam2,quorum_only,0,0,0,0,0
2019-04-16,UK,xiaomi-cleaner,quorum_only,0,0,0,0,0
2019-04-16,UK,xiaomi-hub,quorum_only,0,0,0,0,0
2019-04-16,UK,xiaomi-plug,quorum_only,0,0,0,0,0
2019-04-16,UK,yi-camera,quorum_only,0,0,0,0,0
2019-04-16,UK,allure-speaker,majority,0,0,0,0,0
2019-04-16,UK,appletv,majority,67,0,0,0,55
2019-04-16,UK,blink-camera,majority,0,0,0,0,0
2019-04-16,UK,blink-security-hub,majority,0,0,0,0,0
2019-04-16,UK,bosiwo-camera-wifi,majority,0,0,0,0,0
2019-04-16,UK,bosiwo-camera-wired,majority,103,0,0,0,0
2019-04-16,UK,charger-camera,majority,0,0,0,0,0
2019-04-16,UK,echodot,majority,0,0,0,0,0
2019-04-16,UK,echoplus,majority,0,0,0,0,0
2019-04-16,UK,echospot,majority,0,0,0,0,0
2019-04-16,UK,firetv,majority,0,0,0,0,0
2019-04-16,UK,google-home,majority,0,0,0,0,0
2019-04-16,UK,google-home-mini,majority,0,0,0,0,0
2019-04-16,UK,honeywell-thermostat,majority,0,0,0,0,0
2019-04-16,UK,insteon-hub,majority,13,0,0,0,8
2019-04-16,UK,lightify-hub,majority,0,0,0,0,0
2019-04-16,UK,magichome-strip,majority,0,0,0,0,0
2019-04-16,UK,nest-tstat,majority,0,0,0,0,0
2019-04-16,UK,netatmo-weather,majority,0,0,0,0,0
2019-04-16,UK,philips-hue,majority,39,1,0,0,27
2019-04-16,UK,ring-doorbell,majority,0,0,0,0,0
2019-04-16,UK,roku-tv,majority,0,0,0,0,0
2019-04-16,UK,samsungtv-wired,majority,187,0,0,0,108
2019-04-16,UK,sengled-hub,majority,8,0,0,0,4
2019-04-16,UK,smarter-coffee-mach,majority,0,0,0,0,0
2019-04-16,UK,smartthings,majority,27,2,0,0,13
2019-04-16,UK,sousvide,majority,0,0,0,0,0
2019-04-16,UK,t-wemo-plug,majority,0,0,0,0,0
2019-04-16,UK,tp-link-plug,majority,0,0,0,0,0
2019-04-16,UK,tplink-bulb,majority,0,0,0,0,0
2019-04-16,UK,tplink-plug2,majority,0,0,0,0,0
2019-04-16,UK,wansview-cam-wired,majority,448,0,0,0,13
2019-04-16,UK,xiaomi-cam2,majority,0,0,0,0,0
2019-04-16,UK,xiaomi-cleaner,majority,0,0,0,0,0
2019-04-16,UK,xiaomi-hub,majority,0,0,0,0,0
2019-04-16,UK,xiaomi-plug,majority,0,0,0,0,0
2019-04-16,UK,yi-camera,majority,0,0,0,0,0
2019-04-16,UK,allure-speaker,dib_without_portability_gate,0,0,0,0,0
2019-04-16,UK,appletv,dib_without_portability_gate,10,0,0,0,10
2019-04-16,UK,blink-camera,dib_without_portability_gate,0,0,0,0,0
2019-04-16,UK,blink-security-hub,dib_without_portability_gate,0,0,0,0,0
2019-04-16,UK,bosiwo-camera-wifi,dib_without_portability_gate,0,0,0,0,0
2019-04-16,UK,bosiwo-camera-wired,dib_without_portability_gate,0,0,0,0,0
2019-04-16,UK,charger-camera,dib_without_portability_gate,0,0,0,0,0
2019-04-16,UK,echodot,dib_without_portability_gate,0,0,0,0,0
2019-04-16,UK,echoplus,dib_without_portability_gate,0,0,0,0,0
2019-04-16,UK,echospot,dib_without_portability_gate,0,0,0,0,0
2019-04-16,UK,firetv,dib_without_portability_gate,0,0,0,0,0
2019-04-16,UK,google-home,dib_without_portability_gate,0,0,0,0,0
2019-04-16,UK,google-home-mini,dib_without_portability_gate,0,0,0,0,0
2019-04-16,UK,honeywell-thermostat,dib_without_portability_gate,0,0,0,0,0
2019-04-16,UK,insteon-hub,dib_without_portability_gate,0,0,0,0,0
2019-04-16,UK,lightify-hub,dib_without_portability_gate,0,0,0,0,0
2019-04-16,UK,magichome-strip,dib_without_portability_gate,0,0,0,0,0
2019-04-16,UK,nest-tstat,dib_without_portability_gate,0,0,0,0,0
2019-04-16,UK,netatmo-weather,dib_without_portability_gate,0,0,0,0,0
2019-04-16,UK,philips-hue,dib_without_portability_gate,13,0,4,4,6
2019-04-16,UK,ring-doorbell,dib_without_portability_gate,0,0,0,0,0
2019-04-16,UK,roku-tv,dib_without_portability_gate,0,0,0,0,0
2019-04-16,UK,samsungtv-wired,dib_without_portability_gate,21,0,0,0,15
2019-04-16,UK,sengled-hub,dib_without_portability_gate,0,0,0,0,0
2019-04-16,UK,smarter-coffee-mach,dib_without_portability_gate,0,0,0,0,0
2019-04-16,UK,smartthings,dib_without_portability_gate,5,0,0,0,4
2019-04-16,UK,sousvide,dib_without_portability_gate,0,0,0,0,0
2019-04-16,UK,t-wemo-plug,dib_without_portability_gate,0,0,0,0,0
2019-04-16,UK,tp-link-plug,dib_without_portability_gate,0,0,0,0,0
2019-04-16,UK,tplink-bulb,dib_without_portability_gate,0,0,0,0,0
2019-04-16,UK,tplink-plug2,dib_without_portability_gate,0,0,0,0,0
2019-04-16,UK,wansview-cam-wired,dib_without_portability_gate,12,0,0,0,6
2019-04-16,UK,xiaomi-cam2,dib_without_portability_gate,0,0,0,0,0
2019-04-16,UK,xiaomi-cleaner,dib_without_portability_gate,0,0,0,0,0
2019-04-16,UK,xiaomi-hub,dib_without_portability_gate,0,0,0,0,0
2019-04-16,UK,xiaomi-plug,dib_without_portability_gate,0,0,0,0,0
2019-04-16,UK,yi-camera,dib_without_portability_gate,0,0,0,0,0
2019-04-17,US,amcrest-cam-wired,dib,0,0,0,0,0
2019-04-17,US,appletv,dib,12,2,0,0,12
2019-04-17,US,blink-camera,dib,0,0,0,0,0
2019-04-17,US,blink-security-hub,dib,0,0,0,0,0
2019-04-17,US,brewer,dib,0,0,0,0,0
2019-04-17,US,bulb1,dib,0,0,0,0,0
2019-04-17,US,cloudcam,dib,0,0,0,0,0
2019-04-17,US,dlink-mov,dib,0,0,0,0,0
2019-04-17,US,dryer,dib,0,0,0,0,0
2019-04-17,US,echodot,dib,0,0,0,0,0
2019-04-17,US,echoplus,dib,0,0,0,0,0
2019-04-17,US,echospot,dib,0,0,0,0,0
2019-04-17,US,firetv,dib,0,0,0,0,0
2019-04-17,US,fridge,dib,0,0,0,0,0
2019-04-17,US,google-home-mini,dib,0,0,0,0,0
2019-04-17,US,google-home-mini2,dib,0,0,0,0,0
2019-04-17,US,ikettle,dib,0,0,0,0,0
2019-04-17,US,insteon-hub,dib,0,0,0,0,0
2019-04-17,US,invoke,dib,0,0,0,0,0
2019-04-17,US,lefun-cam-wired,dib,0,0,0,0,0
2019-04-17,US,lgtv-wired,dib,0,0,0,0,0
2019-04-17,US,lightify-hub,dib,0,0,0,0,0
2019-04-17,US,luohe-spycam,dib,0,0,0,0,0
2019-04-17,US,magichome-strip,dib,0,0,0,0,0
2019-04-17,US,microseven-camera,dib,0,0,0,0,0
2019-04-17,US,microwave,dib,0,0,0,0,0
2019-04-17,US,nest-tstat,dib,0,0,0,0,0
2019-04-17,US,philips-hue,dib,10,0,0,0,6
2019-04-17,US,ring-doorbell,dib,0,0,0,0,0
2019-04-17,US,roku-tv,dib,0,0,0,0,0
2019-04-17,US,samsungtv-wired,dib,16,1,0,0,16
2019-04-17,US,sengled-hub,dib,0,0,0,0,0
2019-04-17,US,smartthings,dib,4,0,0,0,4
2019-04-17,US,sousvide,dib,0,0,0,0,0
2019-04-17,US,t-echodot,dib,0,0,0,0,0
2019-04-17,US,t-smartthings-hub,dib,0,0,0,0,0
2019-04-17,US,t-wemo-plug,dib,0,0,0,0,0
2019-04-17,US,tp-link-plug,dib,0,0,0,0,0
2019-04-17,US,tplink-bulb,dib,0,0,0,0,0
2019-04-17,US,wansview-cam-wired,dib,6,0,0,0,6
2019-04-17,US,washer,dib,0,0,0,0,0
2019-04-17,US,wink-hub2,dib,0,0,0,0,0
2019-04-17,US,xiaomi-cleaner,dib,0,0,0,0,0
2019-04-17,US,xiaomi-hub,dib,0,0,0,0,0
2019-04-17,US,xiaomi-ricecooker,dib,0,0,0,0,0
2019-04-17,US,xiaomi-strip,dib,0,0,0,0,0
2019-04-17,US,yi-camera,dib,0,0,0,0,0
2019-04-17,US,zmodo-doorbell,dib,0,0,0,0,0
2019-04-17,US,amcrest-cam-wired,pooled_union,7321,4,0,0,12
2019-04-17,US,appletv,pooled_union,83,16,0,0,68
2019-04-17,US,blink-camera,pooled_union,0,0,0,0,0
2019-04-17,US,blink-security-hub,pooled_union,0,0,0,0,0
2019-04-17,US,brewer,pooled_union,0,0,0,0,0
2019-04-17,US,bulb1,pooled_union,0,0,0,0,0
2019-04-17,US,cloudcam,pooled_union,0,0,0,0,0
2019-04-17,US,dlink-mov,pooled_union,0,0,0,0,0
2019-04-17,US,dryer,pooled_union,0,0,0,0,0
2019-04-17,US,echodot,pooled_union,0,0,0,0,0
2019-04-17,US,echoplus,pooled_union,0,0,0,0,0
2019-04-17,US,echospot,pooled_union,0,0,0,0,0
2019-04-17,US,firetv,pooled_union,0,0,0,0,0
2019-04-17,US,fridge,pooled_union,0,0,0,0,0
2019-04-17,US,google-home-mini,pooled_union,0,0,0,0,0
2019-04-17,US,google-home-mini2,pooled_union,0,0,0,0,0
2019-04-17,US,ikettle,pooled_union,0,0,0,0,0
2019-04-17,US,insteon-hub,pooled_union,13,0,0,0,8
2019-04-17,US,invoke,pooled_union,0,0,0,0,0
2019-04-17,US,lefun-cam-wired,pooled_union,145,0,0,0,0
2019-04-17,US,lgtv-wired,pooled_union,56,1,0,0,36
2019-04-17,US,lightify-hub,pooled_union,0,0,0,0,0
2019-04-17,US,luohe-spycam,pooled_union,0,0,0,0,0
2019-04-17,US,magichome-strip,pooled_union,0,0,0,0,0
2019-04-17,US,microseven-camera,pooled_union,6,0,0,0,5
2019-04-17,US,microwave,pooled_union,0,0,0,0,0
2019-04-17,US,nest-tstat,pooled_union,0,0,0,0,0
2019-04-17,US,philips-hue,pooled_union,39,0,0,0,27
2019-04-17,US,ring-doorbell,pooled_union,0,0,0,0,0
2019-04-17,US,roku-tv,pooled_union,0,0,0,0,0
2019-04-17,US,samsungtv-wired,pooled_union,225,38,0,0,121
2019-04-17,US,sengled-hub,pooled_union,8,0,0,0,4
2019-04-17,US,smartthings,pooled_union,28,1,0,0,13
2019-04-17,US,sousvide,pooled_union,0,0,0,0,0
2019-04-17,US,t-echodot,pooled_union,0,0,0,0,0
2019-04-17,US,t-smartthings-hub,pooled_union,0,0,0,0,0
2019-04-17,US,t-wemo-plug,pooled_union,0,0,0,0,0
2019-04-17,US,tp-link-plug,pooled_union,0,0,0,0,0
2019-04-17,US,tplink-bulb,pooled_union,0,0,0,0,0
2019-04-17,US,wansview-cam-wired,pooled_union,449,1,0,0,14
2019-04-17,US,washer,pooled_union,0,0,0,0,0
2019-04-17,US,wink-hub2,pooled_union,33,0,0,0,12
2019-04-17,US,xiaomi-cleaner,pooled_union,0,0,0,0,0
2019-04-17,US,xiaomi-hub,pooled_union,0,0,0,0,0
2019-04-17,US,xiaomi-ricecooker,pooled_union,0,0,0,0,0
2019-04-17,US,xiaomi-strip,pooled_union,0,0,0,0,0
2019-04-17,US,yi-camera,pooled_union,0,0,0,0,0
2019-04-17,US,zmodo-doorbell,pooled_union,0,0,0,0,0
2019-04-17,US,amcrest-cam-wired,quorum_only,0,0,0,0,0
2019-04-17,US,appletv,quorum_only,12,2,0,0,12
2019-04-17,US,blink-camera,quorum_only,0,0,0,0,0
2019-04-17,US,blink-security-hub,quorum_only,0,0,0,0,0
2019-04-17,US,brewer,quorum_only,0,0,0,0,0
2019-04-17,US,bulb1,quorum_only,0,0,0,0,0
2019-04-17,US,cloudcam,quorum_only,0,0,0,0,0
2019-04-17,US,dlink-mov,quorum_only,0,0,0,0,0
2019-04-17,US,dryer,quorum_only,0,0,0,0,0
2019-04-17,US,echodot,quorum_only,0,0,0,0,0
2019-04-17,US,echoplus,quorum_only,0,0,0,0,0
2019-04-17,US,echospot,quorum_only,0,0,0,0,0
2019-04-17,US,firetv,quorum_only,0,0,0,0,0
2019-04-17,US,fridge,quorum_only,0,0,0,0,0
2019-04-17,US,google-home-mini,quorum_only,0,0,0,0,0
2019-04-17,US,google-home-mini2,quorum_only,0,0,0,0,0
2019-04-17,US,ikettle,quorum_only,0,0,0,0,0
2019-04-17,US,insteon-hub,quorum_only,0,0,0,0,0
2019-04-17,US,invoke,quorum_only,0,0,0,0,0
2019-04-17,US,lefun-cam-wired,quorum_only,0,0,0,0,0
2019-04-17,US,lgtv-wired,quorum_only,0,0,0,0,0
2019-04-17,US,lightify-hub,quorum_only,0,0,0,0,0
2019-04-17,US,luohe-spycam,quorum_only,0,0,0,0,0
2019-04-17,US,magichome-strip,quorum_only,0,0,0,0,0
2019-04-17,US,microseven-camera,quorum_only,0,0,0,0,0
2019-04-17,US,microwave,quorum_only,0,0,0,0,0
2019-04-17,US,nest-tstat,quorum_only,0,0,0,0,0
2019-04-17,US,philips-hue,quorum_only,17,0,0,0,10
2019-04-17,US,ring-doorbell,quorum_only,0,0,0,0,0
2019-04-17,US,roku-tv,quorum_only,0,0,0,0,0
2019-04-17,US,samsungtv-wired,quorum_only,22,1,0,0,16
2019-04-17,US,sengled-hub,quorum_only,0,0,0,0,0
2019-04-17,US,smartthings,quorum_only,5,0,0,0,4
2019-04-17,US,sousvide,quorum_only,0,0,0,0,0
2019-04-17,US,t-echodot,quorum_only,0,0,0,0,0
2019-04-17,US,t-smartthings-hub,quorum_only,0,0,0,0,0
2019-04-17,US,t-wemo-plug,quorum_only,0,0,0,0,0
2019-04-17,US,tp-link-plug,quorum_only,0,0,0,0,0
2019-04-17,US,tplink-bulb,quorum_only,0,0,0,0,0
2019-04-17,US,wansview-cam-wired,quorum_only,12,0,0,0,6
2019-04-17,US,washer,quorum_only,0,0,0,0,0
2019-04-17,US,wink-hub2,quorum_only,0,0,0,0,0
2019-04-17,US,xiaomi-cleaner,quorum_only,0,0,0,0,0
2019-04-17,US,xiaomi-hub,quorum_only,0,0,0,0,0
2019-04-17,US,xiaomi-ricecooker,quorum_only,0,0,0,0,0
2019-04-17,US,xiaomi-strip,quorum_only,0,0,0,0,0
2019-04-17,US,yi-camera,quorum_only,0,0,0,0,0
2019-04-17,US,zmodo-doorbell,quorum_only,0,0,0,0,0
2019-04-17,US,amcrest-cam-wired,majority,7321,4,0,0,12
2019-04-17,US,appletv,majority,83,16,0,0,68
2019-04-17,US,blink-camera,majority,0,0,0,0,0
2019-04-17,US,blink-security-hub,majority,0,0,0,0,0
2019-04-17,US,brewer,majority,0,0,0,0,0
2019-04-17,US,bulb1,majority,0,0,0,0,0
2019-04-17,US,cloudcam,majority,0,0,0,0,0
2019-04-17,US,dlink-mov,majority,0,0,0,0,0
2019-04-17,US,dryer,majority,0,0,0,0,0
2019-04-17,US,echodot,majority,0,0,0,0,0
2019-04-17,US,echoplus,majority,0,0,0,0,0
2019-04-17,US,echospot,majority,0,0,0,0,0
2019-04-17,US,firetv,majority,0,0,0,0,0
2019-04-17,US,fridge,majority,0,0,0,0,0
2019-04-17,US,google-home-mini,majority,0,0,0,0,0
2019-04-17,US,google-home-mini2,majority,0,0,0,0,0
2019-04-17,US,ikettle,majority,0,0,0,0,0
2019-04-17,US,insteon-hub,majority,13,0,0,0,8
2019-04-17,US,invoke,majority,0,0,0,0,0
2019-04-17,US,lefun-cam-wired,majority,145,0,0,0,0
2019-04-17,US,lgtv-wired,majority,56,1,0,0,36
2019-04-17,US,lightify-hub,majority,0,0,0,0,0
2019-04-17,US,luohe-spycam,majority,0,0,0,0,0
2019-04-17,US,magichome-strip,majority,0,0,0,0,0
2019-04-17,US,microseven-camera,majority,6,0,0,0,5
2019-04-17,US,microwave,majority,0,0,0,0,0
2019-04-17,US,nest-tstat,majority,0,0,0,0,0
2019-04-17,US,philips-hue,majority,39,0,0,0,27
2019-04-17,US,ring-doorbell,majority,0,0,0,0,0
2019-04-17,US,roku-tv,majority,0,0,0,0,0
2019-04-17,US,samsungtv-wired,majority,225,38,0,0,121
2019-04-17,US,sengled-hub,majority,8,0,0,0,4
2019-04-17,US,smartthings,majority,28,1,0,0,13
2019-04-17,US,sousvide,majority,0,0,0,0,0
2019-04-17,US,t-echodot,majority,0,0,0,0,0
2019-04-17,US,t-smartthings-hub,majority,0,0,0,0,0
2019-04-17,US,t-wemo-plug,majority,0,0,0,0,0
2019-04-17,US,tp-link-plug,majority,0,0,0,0,0
2019-04-17,US,tplink-bulb,majority,0,0,0,0,0
2019-04-17,US,wansview-cam-wired,majority,449,1,0,0,14
2019-04-17,US,washer,majority,0,0,0,0,0
2019-04-17,US,wink-hub2,majority,33,0,0,0,12
2019-04-17,US,xiaomi-cleaner,majority,0,0,0,0,0
2019-04-17,US,xiaomi-hub,majority,0,0,0,0,0
2019-04-17,US,xiaomi-ricecooker,majority,0,0,0,0,0
2019-04-17,US,xiaomi-strip,majority,0,0,0,0,0
2019-04-17,US,yi-camera,majority,0,0,0,0,0
2019-04-17,US,zmodo-doorbell,majority,0,0,0,0,0
2019-04-17,US,amcrest-cam-wired,dib_without_portability_gate,0,0,0,0,0
2019-04-17,US,appletv,dib_without_portability_gate,12,2,0,0,12
2019-04-17,US,blink-camera,dib_without_portability_gate,0,0,0,0,0
2019-04-17,US,blink-security-hub,dib_without_portability_gate,0,0,0,0,0
2019-04-17,US,brewer,dib_without_portability_gate,0,0,0,0,0
2019-04-17,US,bulb1,dib_without_portability_gate,0,0,0,0,0
2019-04-17,US,cloudcam,dib_without_portability_gate,0,0,0,0,0
2019-04-17,US,dlink-mov,dib_without_portability_gate,0,0,0,0,0
2019-04-17,US,dryer,dib_without_portability_gate,0,0,0,0,0
2019-04-17,US,echodot,dib_without_portability_gate,0,0,0,0,0
2019-04-17,US,echoplus,dib_without_portability_gate,0,0,0,0,0
2019-04-17,US,echospot,dib_without_portability_gate,0,0,0,0,0
2019-04-17,US,firetv,dib_without_portability_gate,0,0,0,0,0
2019-04-17,US,fridge,dib_without_portability_gate,0,0,0,0,0
2019-04-17,US,google-home-mini,dib_without_portability_gate,0,0,0,0,0
2019-04-17,US,google-home-mini2,dib_without_portability_gate,0,0,0,0,0
2019-04-17,US,ikettle,dib_without_portability_gate,0,0,0,0,0
2019-04-17,US,insteon-hub,dib_without_portability_gate,0,0,0,0,0
2019-04-17,US,invoke,dib_without_portability_gate,0,0,0,0,0
2019-04-17,US,lefun-cam-wired,dib_without_portability_gate,0,0,0,0,0
2019-04-17,US,lgtv-wired,dib_without_portability_gate,0,0,0,0,0
2019-04-17,US,lightify-hub,dib_without_portability_gate,0,0,0,0,0
2019-04-17,US,luohe-spycam,dib_without_portability_gate,0,0,0,0,0
2019-04-17,US,magichome-strip,dib_without_portability_gate,0,0,0,0,0
2019-04-17,US,microseven-camera,dib_without_portability_gate,0,0,0,0,0
2019-04-17,US,microwave,dib_without_portability_gate,0,0,0,0,0
2019-04-17,US,nest-tstat,dib_without_portability_gate,0,0,0,0,0
2019-04-17,US,philips-hue,dib_without_portability_gate,13,0,0,0,6
2019-04-17,US,ring-doorbell,dib_without_portability_gate,0,0,0,0,0
2019-04-17,US,roku-tv,dib_without_portability_gate,0,0,0,0,0
2019-04-17,US,samsungtv-wired,dib_without_portability_gate,22,1,0,0,16
2019-04-17,US,sengled-hub,dib_without_portability_gate,0,0,0,0,0
2019-04-17,US,smartthings,dib_without_portability_gate,5,0,0,0,4
2019-04-17,US,sousvide,dib_without_portability_gate,0,0,0,0,0
2019-04-17,US,t-echodot,dib_without_portability_gate,0,0,0,0,0
2019-04-17,US,t-smartthings-hub,dib_without_portability_gate,0,0,0,0,0
2019-04-17,US,t-wemo-plug,dib_without_portability_gate,0,0,0,0,0
2019-04-17,US,tp-link-plug,dib_without_portability_gate,0,0,0,0,0
2019-04-17,US,tplink-bulb,dib_without_portability_gate,0,0,0,0,0
2019-04-17,US,wansview-cam-wired,dib_without_portability_gate,12,0,0,0,6
2019-04-17,US,washer,dib_without_portability_gate,0,0,0,0,0
2019-04-17,US,wink-hub2,dib_without_portability_gate,0,0,0,0,0
2019-04-17,US,xiaomi-cleaner,dib_without_portability_gate,0,0,0,0,0
2019-04-17,US,xiaomi-hub,dib_without_portability_gate,0,0,0,0,0
2019-04-17,US,xiaomi-ricecooker,dib_without_portability_gate,0,0,0,0,0
2019-04-17,US,xiaomi-strip,dib_without_portability_gate,0,0,0,0,0
2019-04-17,US,yi-camera,dib_without_portability_gate,0,0,0,0,0
2019-04-17,US,zmodo-doorbell,dib_without_portability_gate,0,0,0,0,0
2019-04-17,UK,allure-speaker,dib,0,0,0,0,0
2019-04-17,UK,appletv,dib,12,2,0,0,12
2019-04-17,UK,blink-camera,dib,0,0,0,0,0
2019-04-17,UK,blink-security-hub,dib,0,0,0,0,0
2019-04-17,UK,bosiwo-camera-wifi,dib,0,0,0,0,0
2019-04-17,UK,bosiwo-camera-wired,dib,0,0,0,0,0
2019-04-17,UK,charger-camera,dib,0,0,0,0,0
2019-04-17,UK,echodot,dib,0,0,0,0,0
2019-04-17,UK,echoplus,dib,0,0,0,0,0
2019-04-17,UK,echospot,dib,0,0,0,0,0
2019-04-17,UK,firetv,dib,0,0,0,0,0
2019-04-17,UK,google-home,dib,0,0,0,0,0
2019-04-17,UK,google-home-mini,dib,0,0,0,0,0
2019-04-17,UK,honeywell-thermostat,dib,0,0,0,0,0
2019-04-17,UK,insteon-hub,dib,0,0,0,0,0
2019-04-17,UK,lightify-hub,dib,0,0,0,0,0
2019-04-17,UK,magichome-strip,dib,0,0,0,0,0
2019-04-17,UK,nest-tstat,dib,0,0,0,0,0
2019-04-17,UK,netatmo-weather,dib,0,0,0,0,0
2019-04-17,UK,philips-hue,dib,10,0,0,0,6
2019-04-17,UK,ring-doorbell,dib,0,0,0,0,0
2019-04-17,UK,roku-tv,dib,0,0,0,0,0
2019-04-17,UK,samsungtv-wired,dib,16,1,0,0,16
2019-04-17,UK,sengled-hub,dib,0,0,0,0,0
2019-04-17,UK,smarter-coffee-mach,dib,0,0,0,0,0
2019-04-17,UK,smartthings,dib,4,0,0,0,4
2019-04-17,UK,sousvide,dib,0,0,0,0,0
2019-04-17,UK,t-wemo-plug,dib,0,0,0,0,0
2019-04-17,UK,tp-link-plug,dib,0,0,0,0,0
2019-04-17,UK,tplink-bulb,dib,0,0,0,0,0
2019-04-17,UK,tplink-plug2,dib,0,0,0,0,0
2019-04-17,UK,wansview-cam-wired,dib,6,0,0,0,6
2019-04-17,UK,xiaomi-cam2,dib,0,0,0,0,0
2019-04-17,UK,xiaomi-cleaner,dib,0,0,0,0,0
2019-04-17,UK,xiaomi-hub,dib,0,0,0,0,0
2019-04-17,UK,xiaomi-plug,dib,0,0,0,0,0
2019-04-17,UK,yi-camera,dib,0,0,0,0,0
2019-04-17,UK,allure-speaker,pooled_union,0,0,0,0,0
2019-04-17,UK,appletv,pooled_union,83,16,0,0,68
2019-04-17,UK,blink-camera,pooled_union,0,0,0,0,0
2019-04-17,UK,blink-security-hub,pooled_union,0,0,0,0,0
2019-04-17,UK,bosiwo-camera-wifi,pooled_union,0,0,0,0,0
2019-04-17,UK,bosiwo-camera-wired,pooled_union,103,0,0,0,0
2019-04-17,UK,charger-camera,pooled_union,0,0,0,0,0
2019-04-17,UK,echodot,pooled_union,0,0,0,0,0
2019-04-17,UK,echoplus,pooled_union,0,0,0,0,0
2019-04-17,UK,echospot,pooled_union,0,0,0,0,0
2019-04-17,UK,firetv,pooled_union,0,0,0,0,0
2019-04-17,UK,google-home,pooled_union,0,0,0,0,0
2019-04-17,UK,google-home-mini,pooled_union,0,0,0,0,0
2019-04-17,UK,honeywell-thermostat,pooled_union,0,0,0,0,0
2019-04-17,UK,insteon-hub,pooled_union,13,0,0,0,8
2019-04-17,UK,lightify-hub,pooled_union,0,0,0,0,0
2019-04-17,UK,magichome-strip,pooled_union,0,0,0,0,0
2019-04-17,UK,nest-tstat,pooled_union,0,0,0,0,0
2019-04-17,UK,netatmo-weather,pooled_union,0,0,0,0,0
2019-04-17,UK,philips-hue,pooled_union,39,0,0,0,27
2019-04-17,UK,ring-doorbell,pooled_union,0,0,0,0,0
2019-04-17,UK,roku-tv,pooled_union,0,0,0,0,0
2019-04-17,UK,samsungtv-wired,pooled_union,225,38,0,0,121
2019-04-17,UK,sengled-hub,pooled_union,8,0,0,0,4
2019-04-17,UK,smarter-coffee-mach,pooled_union,0,0,0,0,0
2019-04-17,UK,smartthings,pooled_union,28,1,0,0,13
2019-04-17,UK,sousvide,pooled_union,0,0,0,0,0
2019-04-17,UK,t-wemo-plug,pooled_union,0,0,0,0,0
2019-04-17,UK,tp-link-plug,pooled_union,0,0,0,0,0
2019-04-17,UK,tplink-bulb,pooled_union,0,0,0,0,0
2019-04-17,UK,tplink-plug2,pooled_union,0,0,0,0,0
2019-04-17,UK,wansview-cam-wired,pooled_union,449,1,0,0,14
2019-04-17,UK,xiaomi-cam2,pooled_union,0,0,0,0,0
2019-04-17,UK,xiaomi-cleaner,pooled_union,0,0,0,0,0
2019-04-17,UK,xiaomi-hub,pooled_union,0,0,0,0,0
2019-04-17,UK,xiaomi-plug,pooled_union,0,0,0,0,0
2019-04-17,UK,yi-camera,pooled_union,0,0,0,0,0
2019-04-17,UK,allure-speaker,quorum_only,0,0,0,0,0
2019-04-17,UK,appletv,quorum_only,12,2,0,0,12
2019-04-17,UK,blink-camera,quorum_only,0,0,0,0,0
2019-04-17,UK,blink-security-hub,quorum_only,0,0,0,0,0
2019-04-17,UK,bosiwo-camera-wifi,quorum_only,0,0,0,0,0
2019-04-17,UK,bosiwo-camera-wired,quorum_only,0,0,0,0,0
2019-04-17,UK,charger-camera,quorum_only,0,0,0,0,0
2019-04-17,UK,echodot,quorum_only,0,0,0,0,0
2019-04-17,UK,echoplus,quorum_only,0,0,0,0,0
2019-04-17,UK,echospot,quorum_only,0,0,0,0,0
2019-04-17,UK,firetv,quorum_only,0,0,0,0,0
2019-04-17,UK,google-home,quorum_only,0,0,0,0,0
2019-04-17,UK,google-home-mini,quorum_only,0,0,0,0,0
2019-04-17,UK,honeywell-thermostat,quorum_only,0,0,0,0,0
2019-04-17,UK,insteon-hub,quorum_only,0,0,0,0,0
2019-04-17,UK,lightify-hub,quorum_only,0,0,0,0,0
2019-04-17,UK,magichome-strip,quorum_only,0,0,0,0,0
2019-04-17,UK,nest-tstat,quorum_only,0,0,0,0,0
2019-04-17,UK,netatmo-weather,quorum_only,0,0,0,0,0
2019-04-17,UK,philips-hue,quorum_only,17,0,0,0,10
2019-04-17,UK,ring-doorbell,quorum_only,0,0,0,0,0
2019-04-17,UK,roku-tv,quorum_only,0,0,0,0,0
2019-04-17,UK,samsungtv-wired,quorum_only,22,1,0,0,16
2019-04-17,UK,sengled-hub,quorum_only,0,0,0,0,0
2019-04-17,UK,smarter-coffee-mach,quorum_only,0,0,0,0,0
2019-04-17,UK,smartthings,quorum_only,5,0,0,0,4
2019-04-17,UK,sousvide,quorum_only,0,0,0,0,0
2019-04-17,UK,t-wemo-plug,quorum_only,0,0,0,0,0
2019-04-17,UK,tp-link-plug,quorum_only,0,0,0,0,0
2019-04-17,UK,tplink-bulb,quorum_only,0,0,0,0,0
2019-04-17,UK,tplink-plug2,quorum_only,0,0,0,0,0
2019-04-17,UK,wansview-cam-wired,quorum_only,12,0,0,0,6
2019-04-17,UK,xiaomi-cam2,quorum_only,0,0,0,0,0
2019-04-17,UK,xiaomi-cleaner,quorum_only,0,0,0,0,0
2019-04-17,UK,xiaomi-hub,quorum_only,0,0,0,0,0
2019-04-17,UK,xiaomi-plug,quorum_only,0,0,0,0,0
2019-04-17,UK,yi-camera,quorum_only,0,0,0,0,0
2019-04-17,UK,allure-speaker,majority,0,0,0,0,0
2019-04-17,UK,appletv,majority,83,16,0,0,68
2019-04-17,UK,blink-camera,majority,0,0,0,0,0
2019-04-17,UK,blink-security-hub,majority,0,0,0,0,0
2019-04-17,UK,bosiwo-camera-wifi,majority,0,0,0,0,0
2019-04-17,UK,bosiwo-camera-wired,majority,103,0,0,0,0
2019-04-17,UK,charger-camera,majority,0,0,0,0,0
2019-04-17,UK,echodot,majority,0,0,0,0,0
2019-04-17,UK,echoplus,majority,0,0,0,0,0
2019-04-17,UK,echospot,majority,0,0,0,0,0
2019-04-17,UK,firetv,majority,0,0,0,0,0
2019-04-17,UK,google-home,majority,0,0,0,0,0
2019-04-17,UK,google-home-mini,majority,0,0,0,0,0
2019-04-17,UK,honeywell-thermostat,majority,0,0,0,0,0
2019-04-17,UK,insteon-hub,majority,13,0,0,0,8
2019-04-17,UK,lightify-hub,majority,0,0,0,0,0
2019-04-17,UK,magichome-strip,majority,0,0,0,0,0
2019-04-17,UK,nest-tstat,majority,0,0,0,0,0
2019-04-17,UK,netatmo-weather,majority,0,0,0,0,0
2019-04-17,UK,philips-hue,majority,39,0,0,0,27
2019-04-17,UK,ring-doorbell,majority,0,0,0,0,0
2019-04-17,UK,roku-tv,majority,0,0,0,0,0
2019-04-17,UK,samsungtv-wired,majority,225,38,0,0,121
2019-04-17,UK,sengled-hub,majority,8,0,0,0,4
2019-04-17,UK,smarter-coffee-mach,majority,0,0,0,0,0
2019-04-17,UK,smartthings,majority,28,1,0,0,13
2019-04-17,UK,sousvide,majority,0,0,0,0,0
2019-04-17,UK,t-wemo-plug,majority,0,0,0,0,0
2019-04-17,UK,tp-link-plug,majority,0,0,0,0,0
2019-04-17,UK,tplink-bulb,majority,0,0,0,0,0
2019-04-17,UK,tplink-plug2,majority,0,0,0,0,0
2019-04-17,UK,wansview-cam-wired,majority,449,1,0,0,14
2019-04-17,UK,xiaomi-cam2,majority,0,0,0,0,0
2019-04-17,UK,xiaomi-cleaner,majority,0,0,0,0,0
2019-04-17,UK,xiaomi-hub,majority,0,0,0,0,0
2019-04-17,UK,xiaomi-plug,majority,0,0,0,0,0
2019-04-17,UK,yi-camera,majority,0,0,0,0,0
2019-04-17,UK,allure-speaker,dib_without_portability_gate,0,0,0,0,0
2019-04-17,UK,appletv,dib_without_portability_gate,12,2,0,0,12
2019-04-17,UK,blink-camera,dib_without_portability_gate,0,0,0,0,0
2019-04-17,UK,blink-security-hub,dib_without_portability_gate,0,0,0,0,0
2019-04-17,UK,bosiwo-camera-wifi,dib_without_portability_gate,0,0,0,0,0
2019-04-17,UK,bosiwo-camera-wired,dib_without_portability_gate,0,0,0,0,0
2019-04-17,UK,charger-camera,dib_without_portability_gate,0,0,0,0,0
2019-04-17,UK,echodot,dib_without_portability_gate,0,0,0,0,0
2019-04-17,UK,echoplus,dib_without_portability_gate,0,0,0,0,0
2019-04-17,UK,echospot,dib_without_portability_gate,0,0,0,0,0
2019-04-17,UK,firetv,dib_without_portability_gate,0,0,0,0,0
2019-04-17,UK,google-home,dib_without_portability_gate,0,0,0,0,0
2019-04-17,UK,google-home-mini,dib_without_portability_gate,0,0,0,0,0
2019-04-17,UK,honeywell-thermostat,dib_without_portability_gate,0,0,0,0,0
2019-04-17,UK,insteon-hub,dib_without_portability_gate,0,0,0,0,0
2019-04-17,UK,lightify-hub,dib_without_portability_gate,0,0,0,0,0
2019-04-17,UK,magichome-strip,dib_without_portability_gate,0,0,0,0,0
2019-04-17,UK,nest-tstat,dib_without_portability_gate,0,0,0,0,0
2019-04-17,UK,netatmo-weather,dib_without_portability_gate,0,0,0,0,0
2019-04-17,UK,philips-hue,dib_without_portability_gate,13,0,0,0,6
2019-04-17,UK,ring-doorbell,dib_without_portability_gate,0,0,0,0,0
2019-04-17,UK,roku-tv,dib_without_portability_gate,0,0,0,0,0
2019-04-17,UK,samsungtv-wired,dib_without_portability_gate,22,1,0,0,16
2019-04-17,UK,sengled-hub,dib_without_portability_gate,0,0,0,0,0
2019-04-17,UK,smarter-coffee-mach,dib_without_portability_gate,0,0,0,0,0
2019-04-17,UK,smartthings,dib_without_portability_gate,5,0,0,0,4
2019-04-17,UK,sousvide,dib_without_portability_gate,0,0,0,0,0
2019-04-17,UK,t-wemo-plug,dib_without_portability_gate,0,0,0,0,0
2019-04-17,UK,tp-link-plug,dib_without_portability_gate,0,0,0,0,0
2019-04-17,UK,tplink-bulb,dib_without_portability_gate,0,0,0,0,0
2019-04-17,UK,tplink-plug2,dib_without_portability_gate,0,0,0,0,0
2019-04-17,UK,wansview-cam-wired,dib_without_portability_gate,12,0,0,0,6
2019-04-17,UK,xiaomi-cam2,dib_without_portability_gate,0,0,0,0,0
2019-04-17,UK,xiaomi-cleaner,dib_without_portability_gate,0,0,0,0,0
2019-04-17,UK,xiaomi-hub,dib_without_portability_gate,0,0,0,0,0
2019-04-17,UK,xiaomi-plug,dib_without_portability_gate,0,0,0,0,0
2019-04-17,UK,yi-camera,dib_without_portability_gate,0,0,0,0,0
2019-04-18,US,amcrest-cam-wired,dib,0,0,0,0,0
2019-04-18,US,appletv,dib,12,0,0,0,12
2019-04-18,US,blink-camera,dib,0,0,0,0,0
2019-04-18,US,blink-security-hub,dib,0,0,0,0,0
2019-04-18,US,brewer,dib,0,0,0,0,0
2019-04-18,US,bulb1,dib,0,0,0,0,0
2019-04-18,US,cloudcam,dib,0,0,0,0,0
2019-04-18,US,dlink-mov,dib,0,0,0,0,0
2019-04-18,US,dryer,dib,0,0,0,0,0
2019-04-18,US,echodot,dib,0,0,0,0,0
2019-04-18,US,echoplus,dib,0,0,0,0,0
2019-04-18,US,echospot,dib,0,0,0,0,0
2019-04-18,US,firetv,dib,0,0,0,0,0
2019-04-18,US,fridge,dib,0,0,0,0,0
2019-04-18,US,google-home-mini,dib,0,0,0,0,0
2019-04-18,US,google-home-mini2,dib,0,0,0,0,0
2019-04-18,US,ikettle,dib,0,0,0,0,0
2019-04-18,US,insteon-hub,dib,0,0,0,0,0
2019-04-18,US,invoke,dib,0,0,0,0,0
2019-04-18,US,lefun-cam-wired,dib,0,0,0,0,0
2019-04-18,US,lgtv-wired,dib,0,0,0,0,0
2019-04-18,US,lightify-hub,dib,0,0,0,0,0
2019-04-18,US,luohe-spycam,dib,0,0,0,0,0
2019-04-18,US,magichome-strip,dib,0,0,0,0,0
2019-04-18,US,microseven-camera,dib,0,0,0,0,0
2019-04-18,US,microwave,dib,0,0,0,0,0
2019-04-18,US,nest-tstat,dib,0,0,0,0,0
2019-04-18,US,philips-hue,dib,10,0,0,0,6
2019-04-18,US,ring-doorbell,dib,0,0,0,0,0
2019-04-18,US,roku-tv,dib,0,0,0,0,0
2019-04-18,US,samsungtv-wired,dib,16,0,0,0,16
2019-04-18,US,sengled-hub,dib,0,0,0,0,0
2019-04-18,US,smartthings,dib,4,0,0,0,4
2019-04-18,US,sousvide,dib,0,0,0,0,0
2019-04-18,US,t-echodot,dib,0,0,0,0,0
2019-04-18,US,t-smartthings-hub,dib,0,0,0,0,0
2019-04-18,US,t-wemo-plug,dib,0,0,0,0,0
2019-04-18,US,tp-link-plug,dib,0,0,0,0,0
2019-04-18,US,tplink-bulb,dib,0,0,0,0,0
2019-04-18,US,wansview-cam-wired,dib,6,0,0,0,6
2019-04-18,US,washer,dib,0,0,0,0,0
2019-04-18,US,wink-hub2,dib,0,0,0,0,0
2019-04-18,US,xiaomi-cleaner,dib,0,0,0,0,0
2019-04-18,US,xiaomi-hub,dib,0,0,0,0,0
2019-04-18,US,xiaomi-ricecooker,dib,0,0,0,0,0
2019-04-18,US,xiaomi-strip,dib,0,0,0,0,0
2019-04-18,US,yi-camera,dib,0,0,0,0,0
2019-04-18,US,zmodo-doorbell,dib,0,0,0,0,0
2019-04-18,US,amcrest-cam-wired,pooled_union,7321,0,0,0,12
2019-04-18,US,appletv,pooled_union,83,0,0,0,68
2019-04-18,US,blink-camera,pooled_union,0,0,0,0,0
2019-04-18,US,blink-security-hub,pooled_union,0,0,0,0,0
2019-04-18,US,brewer,pooled_union,0,0,0,0,0
2019-04-18,US,bulb1,pooled_union,0,0,0,0,0
2019-04-18,US,cloudcam,pooled_union,0,0,0,0,0
2019-04-18,US,dlink-mov,pooled_union,0,0,0,0,0
2019-04-18,US,dryer,pooled_union,0,0,0,0,0
2019-04-18,US,echodot,pooled_union,0,0,0,0,0
2019-04-18,US,echoplus,pooled_union,0,0,0,0,0
2019-04-18,US,echospot,pooled_union,0,0,0,0,0
2019-04-18,US,firetv,pooled_union,0,0,0,0,0
2019-04-18,US,fridge,pooled_union,0,0,0,0,0
2019-04-18,US,google-home-mini,pooled_union,0,0,0,0,0
2019-04-18,US,google-home-mini2,pooled_union,0,0,0,0,0
2019-04-18,US,ikettle,pooled_union,0,0,0,0,0
2019-04-18,US,insteon-hub,pooled_union,13,0,0,0,8
2019-04-18,US,invoke,pooled_union,0,0,0,0,0
2019-04-18,US,lefun-cam-wired,pooled_union,145,0,0,0,0
2019-04-18,US,lgtv-wired,pooled_union,56,0,0,0,36
2019-04-18,US,lightify-hub,pooled_union,0,0,0,0,0
2019-04-18,US,luohe-spycam,pooled_union,0,0,0,0,0
2019-04-18,US,magichome-strip,pooled_union,0,0,0,0,0
2019-04-18,US,microseven-camera,pooled_union,6,0,0,0,5
2019-04-18,US,microwave,pooled_union,0,0,0,0,0
2019-04-18,US,nest-tstat,pooled_union,0,0,0,0,0
2019-04-18,US,philips-hue,pooled_union,39,0,0,0,27
2019-04-18,US,ring-doorbell,pooled_union,0,0,0,0,0
2019-04-18,US,roku-tv,pooled_union,0,0,0,0,0
2019-04-18,US,samsungtv-wired,pooled_union,225,0,0,0,121
2019-04-18,US,sengled-hub,pooled_union,10,2,0,0,4
2019-04-18,US,smartthings,pooled_union,32,4,0,0,13
2019-04-18,US,sousvide,pooled_union,0,0,0,0,0
2019-04-18,US,t-echodot,pooled_union,0,0,0,0,0
2019-04-18,US,t-smartthings-hub,pooled_union,0,0,0,0,0
2019-04-18,US,t-wemo-plug,pooled_union,0,0,0,0,0
2019-04-18,US,tp-link-plug,pooled_union,0,0,0,0,0
2019-04-18,US,tplink-bulb,pooled_union,0,0,0,0,0
2019-04-18,US,wansview-cam-wired,pooled_union,450,1,0,0,14
2019-04-18,US,washer,pooled_union,0,0,0,0,0
2019-04-18,US,wink-hub2,pooled_union,37,4,0,0,12
2019-04-18,US,xiaomi-cleaner,pooled_union,0,0,0,0,0
2019-04-18,US,xiaomi-hub,pooled_union,0,0,0,0,0
2019-04-18,US,xiaomi-ricecooker,pooled_union,0,0,0,0,0
2019-04-18,US,xiaomi-strip,pooled_union,0,0,0,0,0
2019-04-18,US,yi-camera,pooled_union,0,0,0,0,0
2019-04-18,US,zmodo-doorbell,pooled_union,0,0,0,0,0
2019-04-18,US,amcrest-cam-wired,quorum_only,0,0,0,0,0
2019-04-18,US,appletv,quorum_only,12,0,0,0,12
2019-04-18,US,blink-camera,quorum_only,0,0,0,0,0
2019-04-18,US,blink-security-hub,quorum_only,0,0,0,0,0
2019-04-18,US,brewer,quorum_only,0,0,0,0,0
2019-04-18,US,bulb1,quorum_only,0,0,0,0,0
2019-04-18,US,cloudcam,quorum_only,0,0,0,0,0
2019-04-18,US,dlink-mov,quorum_only,0,0,0,0,0
2019-04-18,US,dryer,quorum_only,0,0,0,0,0
2019-04-18,US,echodot,quorum_only,0,0,0,0,0
2019-04-18,US,echoplus,quorum_only,0,0,0,0,0
2019-04-18,US,echospot,quorum_only,0,0,0,0,0
2019-04-18,US,firetv,quorum_only,0,0,0,0,0
2019-04-18,US,fridge,quorum_only,0,0,0,0,0
2019-04-18,US,google-home-mini,quorum_only,0,0,0,0,0
2019-04-18,US,google-home-mini2,quorum_only,0,0,0,0,0
2019-04-18,US,ikettle,quorum_only,0,0,0,0,0
2019-04-18,US,insteon-hub,quorum_only,0,0,0,0,0
2019-04-18,US,invoke,quorum_only,0,0,0,0,0
2019-04-18,US,lefun-cam-wired,quorum_only,0,0,0,0,0
2019-04-18,US,lgtv-wired,quorum_only,0,0,0,0,0
2019-04-18,US,lightify-hub,quorum_only,0,0,0,0,0
2019-04-18,US,luohe-spycam,quorum_only,0,0,0,0,0
2019-04-18,US,magichome-strip,quorum_only,0,0,0,0,0
2019-04-18,US,microseven-camera,quorum_only,0,0,0,0,0
2019-04-18,US,microwave,quorum_only,0,0,0,0,0
2019-04-18,US,nest-tstat,quorum_only,0,0,0,0,0
2019-04-18,US,philips-hue,quorum_only,17,0,0,0,10
2019-04-18,US,ring-doorbell,quorum_only,0,0,0,0,0
2019-04-18,US,roku-tv,quorum_only,0,0,0,0,0
2019-04-18,US,samsungtv-wired,quorum_only,22,0,0,0,16
2019-04-18,US,sengled-hub,quorum_only,0,0,0,0,0
2019-04-18,US,smartthings,quorum_only,5,0,0,0,4
2019-04-18,US,sousvide,quorum_only,0,0,0,0,0
2019-04-18,US,t-echodot,quorum_only,0,0,0,0,0
2019-04-18,US,t-smartthings-hub,quorum_only,0,0,0,0,0
2019-04-18,US,t-wemo-plug,quorum_only,0,0,0,0,0
2019-04-18,US,tp-link-plug,quorum_only,0,0,0,0,0
2019-04-18,US,tplink-bulb,quorum_only,0,0,0,0,0
2019-04-18,US,wansview-cam-wired,quorum_only,12,0,0,0,6
2019-04-18,US,washer,quorum_only,0,0,0,0,0
2019-04-18,US,wink-hub2,quorum_only,0,0,0,0,0
2019-04-18,US,xiaomi-cleaner,quorum_only,0,0,0,0,0
2019-04-18,US,xiaomi-hub,quorum_only,0,0,0,0,0
2019-04-18,US,xiaomi-ricecooker,quorum_only,0,0,0,0,0
2019-04-18,US,xiaomi-strip,quorum_only,0,0,0,0,0
2019-04-18,US,yi-camera,quorum_only,0,0,0,0,0
2019-04-18,US,zmodo-doorbell,quorum_only,0,0,0,0,0
2019-04-18,US,amcrest-cam-wired,majority,7321,0,0,0,12
2019-04-18,US,appletv,majority,83,0,0,0,68
2019-04-18,US,blink-camera,majority,0,0,0,0,0
2019-04-18,US,blink-security-hub,majority,0,0,0,0,0
2019-04-18,US,brewer,majority,0,0,0,0,0
2019-04-18,US,bulb1,majority,0,0,0,0,0
2019-04-18,US,cloudcam,majority,0,0,0,0,0
2019-04-18,US,dlink-mov,majority,0,0,0,0,0
2019-04-18,US,dryer,majority,0,0,0,0,0
2019-04-18,US,echodot,majority,0,0,0,0,0
2019-04-18,US,echoplus,majority,0,0,0,0,0
2019-04-18,US,echospot,majority,0,0,0,0,0
2019-04-18,US,firetv,majority,0,0,0,0,0
2019-04-18,US,fridge,majority,0,0,0,0,0
2019-04-18,US,google-home-mini,majority,0,0,0,0,0
2019-04-18,US,google-home-mini2,majority,0,0,0,0,0
2019-04-18,US,ikettle,majority,0,0,0,0,0
2019-04-18,US,insteon-hub,majority,13,0,0,0,8
2019-04-18,US,invoke,majority,0,0,0,0,0
2019-04-18,US,lefun-cam-wired,majority,145,0,0,0,0
2019-04-18,US,lgtv-wired,majority,56,0,0,0,36
2019-04-18,US,lightify-hub,majority,0,0,0,0,0
2019-04-18,US,luohe-spycam,majority,0,0,0,0,0
2019-04-18,US,magichome-strip,majority,0,0,0,0,0
2019-04-18,US,microseven-camera,majority,6,0,0,0,5
2019-04-18,US,microwave,majority,0,0,0,0,0
2019-04-18,US,nest-tstat,majority,0,0,0,0,0
2019-04-18,US,philips-hue,majority,39,0,0,0,27
2019-04-18,US,ring-doorbell,majority,0,0,0,0,0
2019-04-18,US,roku-tv,majority,0,0,0,0,0
2019-04-18,US,samsungtv-wired,majority,225,0,0,0,121
2019-04-18,US,sengled-hub,majority,10,2,0,0,4
2019-04-18,US,smartthings,majority,32,4,0,0,13
2019-04-18,US,sousvide,majority,0,0,0,0,0
2019-04-18,US,t-echodot,majority,0,0,0,0,0
2019-04-18,US,t-smartthings-hub,majority,0,0,0,0,0
2019-04-18,US,t-wemo-plug,majority,0,0,0,0,0
2019-04-18,US,tp-link-plug,majority,0,0,0,0,0
2019-04-18,US,tplink-bulb,majority,0,0,0,0,0
2019-04-18,US,wansview-cam-wired,majority,450,1,0,0,14
2019-04-18,US,washer,majority,0,0,0,0,0
2019-04-18,US,wink-hub2,majority,37,4,0,0,12
2019-04-18,US,xiaomi-cleaner,majority,0,0,0,0,0
2019-04-18,US,xiaomi-hub,majority,0,0,0,0,0
2019-04-18,US,xiaomi-ricecooker,majority,0,0,0,0,0
2019-04-18,US,xiaomi-strip,majority,0,0,0,0,0
2019-04-18,US,yi-camera,majority,0,0,0,0,0
2019-04-18,US,zmodo-doorbell,majority,0,0,0,0,0
2019-04-18,US,amcrest-cam-wired,dib_without_portability_gate,0,0,0,0,0
2019-04-18,US,appletv,dib_without_portability_gate,12,0,0,0,12
2019-04-18,US,blink-camera,dib_without_portability_gate,0,0,0,0,0
2019-04-18,US,blink-security-hub,dib_without_portability_gate,0,0,0,0,0
2019-04-18,US,brewer,dib_without_portability_gate,0,0,0,0,0
2019-04-18,US,bulb1,dib_without_portability_gate,0,0,0,0,0
2019-04-18,US,cloudcam,dib_without_portability_gate,0,0,0,0,0
2019-04-18,US,dlink-mov,dib_without_portability_gate,0,0,0,0,0
2019-04-18,US,dryer,dib_without_portability_gate,0,0,0,0,0
2019-04-18,US,echodot,dib_without_portability_gate,0,0,0,0,0
2019-04-18,US,echoplus,dib_without_portability_gate,0,0,0,0,0
2019-04-18,US,echospot,dib_without_portability_gate,0,0,0,0,0
2019-04-18,US,firetv,dib_without_portability_gate,0,0,0,0,0
2019-04-18,US,fridge,dib_without_portability_gate,0,0,0,0,0
2019-04-18,US,google-home-mini,dib_without_portability_gate,0,0,0,0,0
2019-04-18,US,google-home-mini2,dib_without_portability_gate,0,0,0,0,0
2019-04-18,US,ikettle,dib_without_portability_gate,0,0,0,0,0
2019-04-18,US,insteon-hub,dib_without_portability_gate,0,0,0,0,0
2019-04-18,US,invoke,dib_without_portability_gate,0,0,0,0,0
2019-04-18,US,lefun-cam-wired,dib_without_portability_gate,0,0,0,0,0
2019-04-18,US,lgtv-wired,dib_without_portability_gate,0,0,0,0,0
2019-04-18,US,lightify-hub,dib_without_portability_gate,0,0,0,0,0
2019-04-18,US,luohe-spycam,dib_without_portability_gate,0,0,0,0,0
2019-04-18,US,magichome-strip,dib_without_portability_gate,0,0,0,0,0
2019-04-18,US,microseven-camera,dib_without_portability_gate,0,0,0,0,0
2019-04-18,US,microwave,dib_without_portability_gate,0,0,0,0,0
2019-04-18,US,nest-tstat,dib_without_portability_gate,0,0,0,0,0
2019-04-18,US,philips-hue,dib_without_portability_gate,13,0,0,0,6
2019-04-18,US,ring-doorbell,dib_without_portability_gate,0,0,0,0,0
2019-04-18,US,roku-tv,dib_without_portability_gate,0,0,0,0,0
2019-04-18,US,samsungtv-wired,dib_without_portability_gate,22,0,0,0,16
2019-04-18,US,sengled-hub,dib_without_portability_gate,0,0,0,0,0
2019-04-18,US,smartthings,dib_without_portability_gate,5,0,0,0,4
2019-04-18,US,sousvide,dib_without_portability_gate,0,0,0,0,0
2019-04-18,US,t-echodot,dib_without_portability_gate,0,0,0,0,0
2019-04-18,US,t-smartthings-hub,dib_without_portability_gate,0,0,0,0,0
2019-04-18,US,t-wemo-plug,dib_without_portability_gate,0,0,0,0,0
2019-04-18,US,tp-link-plug,dib_without_portability_gate,0,0,0,0,0
2019-04-18,US,tplink-bulb,dib_without_portability_gate,0,0,0,0,0
2019-04-18,US,wansview-cam-wired,dib_without_portability_gate,8,0,4,4,6
2019-04-18,US,washer,dib_without_portability_gate,0,0,0,0,0
2019-04-18,US,wink-hub2,dib_without_portability_gate,0,0,0,0,0
2019-04-18,US,xiaomi-cleaner,dib_without_portability_gate,0,0,0,0,0
2019-04-18,US,xiaomi-hub,dib_without_portability_gate,0,0,0,0,0
2019-04-18,US,xiaomi-ricecooker,dib_without_portability_gate,0,0,0,0,0
2019-04-18,US,xiaomi-strip,dib_without_portability_gate,0,0,0,0,0
2019-04-18,US,yi-camera,dib_without_portability_gate,0,0,0,0,0
2019-04-18,US,zmodo-doorbell,dib_without_portability_gate,0,0,0,0,0
2019-04-18,UK,allure-speaker,dib,0,0,0,0,0
2019-04-18,UK,appletv,dib,12,0,0,0,12
2019-04-18,UK,blink-camera,dib,0,0,0,0,0
2019-04-18,UK,blink-security-hub,dib,0,0,0,0,0
2019-04-18,UK,bosiwo-camera-wifi,dib,0,0,0,0,0
2019-04-18,UK,bosiwo-camera-wired,dib,0,0,0,0,0
2019-04-18,UK,charger-camera,dib,0,0,0,0,0
2019-04-18,UK,echodot,dib,0,0,0,0,0
2019-04-18,UK,echoplus,dib,0,0,0,0,0
2019-04-18,UK,echospot,dib,0,0,0,0,0
2019-04-18,UK,firetv,dib,0,0,0,0,0
2019-04-18,UK,google-home,dib,0,0,0,0,0
2019-04-18,UK,google-home-mini,dib,0,0,0,0,0
2019-04-18,UK,honeywell-thermostat,dib,0,0,0,0,0
2019-04-18,UK,insteon-hub,dib,0,0,0,0,0
2019-04-18,UK,lightify-hub,dib,0,0,0,0,0
2019-04-18,UK,magichome-strip,dib,0,0,0,0,0
2019-04-18,UK,nest-tstat,dib,0,0,0,0,0
2019-04-18,UK,netatmo-weather,dib,0,0,0,0,0
2019-04-18,UK,philips-hue,dib,10,0,0,0,6
2019-04-18,UK,ring-doorbell,dib,0,0,0,0,0
2019-04-18,UK,roku-tv,dib,0,0,0,0,0
2019-04-18,UK,samsungtv-wired,dib,16,0,0,0,16
2019-04-18,UK,sengled-hub,dib,0,0,0,0,0
2019-04-18,UK,smarter-coffee-mach,dib,0,0,0,0,0
2019-04-18,UK,smartthings,dib,4,0,0,0,4
2019-04-18,UK,sousvide,dib,0,0,0,0,0
2019-04-18,UK,t-wemo-plug,dib,0,0,0,0,0
2019-04-18,UK,tp-link-plug,dib,0,0,0,0,0
2019-04-18,UK,tplink-bulb,dib,0,0,0,0,0
2019-04-18,UK,tplink-plug2,dib,0,0,0,0,0
2019-04-18,UK,wansview-cam-wired,dib,6,0,0,0,6
2019-04-18,UK,xiaomi-cam2,dib,0,0,0,0,0
2019-04-18,UK,xiaomi-cleaner,dib,0,0,0,0,0
2019-04-18,UK,xiaomi-hub,dib,0,0,0,0,0
2019-04-18,UK,xiaomi-plug,dib,0,0,0,0,0
2019-04-18,UK,yi-camera,dib,0,0,0,0,0
2019-04-18,UK,allure-speaker,pooled_union,0,0,0,0,0
2019-04-18,UK,appletv,pooled_union,83,0,0,0,68
2019-04-18,UK,blink-camera,pooled_union,0,0,0,0,0
2019-04-18,UK,blink-security-hub,pooled_union,0,0,0,0,0
2019-04-18,UK,bosiwo-camera-wifi,pooled_union,0,0,0,0,0
2019-04-18,UK,bosiwo-camera-wired,pooled_union,104,1,0,0,0
2019-04-18,UK,charger-camera,pooled_union,0,0,0,0,0
2019-04-18,UK,echodot,pooled_union,0,0,0,0,0
2019-04-18,UK,echoplus,pooled_union,0,0,0,0,0
2019-04-18,UK,echospot,pooled_union,0,0,0,0,0
2019-04-18,UK,firetv,pooled_union,0,0,0,0,0
2019-04-18,UK,google-home,pooled_union,0,0,0,0,0
2019-04-18,UK,google-home-mini,pooled_union,0,0,0,0,0
2019-04-18,UK,honeywell-thermostat,pooled_union,0,0,0,0,0
2019-04-18,UK,insteon-hub,pooled_union,13,0,0,0,8
2019-04-18,UK,lightify-hub,pooled_union,0,0,0,0,0
2019-04-18,UK,magichome-strip,pooled_union,0,0,0,0,0
2019-04-18,UK,nest-tstat,pooled_union,0,0,0,0,0
2019-04-18,UK,netatmo-weather,pooled_union,0,0,0,0,0
2019-04-18,UK,philips-hue,pooled_union,39,0,0,0,27
2019-04-18,UK,ring-doorbell,pooled_union,0,0,0,0,0
2019-04-18,UK,roku-tv,pooled_union,0,0,0,0,0
2019-04-18,UK,samsungtv-wired,pooled_union,225,0,0,0,121
2019-04-18,UK,sengled-hub,pooled_union,10,2,0,0,4
2019-04-18,UK,smarter-coffee-mach,pooled_union,0,0,0,0,0
2019-04-18,UK,smartthings,pooled_union,32,4,0,0,13
2019-04-18,UK,sousvide,pooled_union,0,0,0,0,0
2019-04-18,UK,t-wemo-plug,pooled_union,0,0,0,0,0
2019-04-18,UK,tp-link-plug,pooled_union,0,0,0,0,0
2019-04-18,UK,tplink-bulb,pooled_union,0,0,0,0,0
2019-04-18,UK,tplink-plug2,pooled_union,0,0,0,0,0
2019-04-18,UK,wansview-cam-wired,pooled_union,450,1,0,0,14
2019-04-18,UK,xiaomi-cam2,pooled_union,0,0,0,0,0
2019-04-18,UK,xiaomi-cleaner,pooled_union,0,0,0,0,0
2019-04-18,UK,xiaomi-hub,pooled_union,0,0,0,0,0
2019-04-18,UK,xiaomi-plug,pooled_union,0,0,0,0,0
2019-04-18,UK,yi-camera,pooled_union,0,0,0,0,0
2019-04-18,UK,allure-speaker,quorum_only,0,0,0,0,0
2019-04-18,UK,appletv,quorum_only,12,0,0,0,12
2019-04-18,UK,blink-camera,quorum_only,0,0,0,0,0
2019-04-18,UK,blink-security-hub,quorum_only,0,0,0,0,0
2019-04-18,UK,bosiwo-camera-wifi,quorum_only,0,0,0,0,0
2019-04-18,UK,bosiwo-camera-wired,quorum_only,0,0,0,0,0
2019-04-18,UK,charger-camera,quorum_only,0,0,0,0,0
2019-04-18,UK,echodot,quorum_only,0,0,0,0,0
2019-04-18,UK,echoplus,quorum_only,0,0,0,0,0
2019-04-18,UK,echospot,quorum_only,0,0,0,0,0
2019-04-18,UK,firetv,quorum_only,0,0,0,0,0
2019-04-18,UK,google-home,quorum_only,0,0,0,0,0
2019-04-18,UK,google-home-mini,quorum_only,0,0,0,0,0
2019-04-18,UK,honeywell-thermostat,quorum_only,0,0,0,0,0
2019-04-18,UK,insteon-hub,quorum_only,0,0,0,0,0
2019-04-18,UK,lightify-hub,quorum_only,0,0,0,0,0
2019-04-18,UK,magichome-strip,quorum_only,0,0,0,0,0
2019-04-18,UK,nest-tstat,quorum_only,0,0,0,0,0
2019-04-18,UK,netatmo-weather,quorum_only,0,0,0,0,0
2019-04-18,UK,philips-hue,quorum_only,17,0,0,0,10
2019-04-18,UK,ring-doorbell,quorum_only,0,0,0,0,0
2019-04-18,UK,roku-tv,quorum_only,0,0,0,0,0
2019-04-18,UK,samsungtv-wired,quorum_only,22,0,0,0,16
2019-04-18,UK,sengled-hub,quorum_only,0,0,0,0,0
2019-04-18,UK,smarter-coffee-mach,quorum_only,0,0,0,0,0
2019-04-18,UK,smartthings,quorum_only,5,0,0,0,4
2019-04-18,UK,sousvide,quorum_only,0,0,0,0,0
2019-04-18,UK,t-wemo-plug,quorum_only,0,0,0,0,0
2019-04-18,UK,tp-link-plug,quorum_only,0,0,0,0,0
2019-04-18,UK,tplink-bulb,quorum_only,0,0,0,0,0
2019-04-18,UK,tplink-plug2,quorum_only,0,0,0,0,0
2019-04-18,UK,wansview-cam-wired,quorum_only,12,0,0,0,6
2019-04-18,UK,xiaomi-cam2,quorum_only,0,0,0,0,0
2019-04-18,UK,xiaomi-cleaner,quorum_only,0,0,0,0,0
2019-04-18,UK,xiaomi-hub,quorum_only,0,0,0,0,0
2019-04-18,UK,xiaomi-plug,quorum_only,0,0,0,0,0
2019-04-18,UK,yi-camera,quorum_only,0,0,0,0,0
2019-04-18,UK,allure-speaker,majority,0,0,0,0,0
2019-04-18,UK,appletv,majority,83,0,0,0,68
2019-04-18,UK,blink-camera,majority,0,0,0,0,0
2019-04-18,UK,blink-security-hub,majority,0,0,0,0,0
2019-04-18,UK,bosiwo-camera-wifi,majority,0,0,0,0,0
2019-04-18,UK,bosiwo-camera-wired,majority,104,1,0,0,0
2019-04-18,UK,charger-camera,majority,0,0,0,0,0
2019-04-18,UK,echodot,majority,0,0,0,0,0
2019-04-18,UK,echoplus,majority,0,0,0,0,0
2019-04-18,UK,echospot,majority,0,0,0,0,0
2019-04-18,UK,firetv,majority,0,0,0,0,0
2019-04-18,UK,google-home,majority,0,0,0,0,0
2019-04-18,UK,google-home-mini,majority,0,0,0,0,0
2019-04-18,UK,honeywell-thermostat,majority,0,0,0,0,0
2019-04-18,UK,insteon-hub,majority,13,0,0,0,8
2019-04-18,UK,lightify-hub,majority,0,0,0,0,0
2019-04-18,UK,magichome-strip,majority,0,0,0,0,0
2019-04-18,UK,nest-tstat,majority,0,0,0,0,0
2019-04-18,UK,netatmo-weather,majority,0,0,0,0,0
2019-04-18,UK,philips-hue,majority,39,0,0,0,27
2019-04-18,UK,ring-doorbell,majority,0,0,0,0,0
2019-04-18,UK,roku-tv,majority,0,0,0,0,0
2019-04-18,UK,samsungtv-wired,majority,225,0,0,0,121
2019-04-18,UK,sengled-hub,majority,10,2,0,0,4
2019-04-18,UK,smarter-coffee-mach,majority,0,0,0,0,0
2019-04-18,UK,smartthings,majority,32,4,0,0,13
2019-04-18,UK,sousvide,majority,0,0,0,0,0
2019-04-18,UK,t-wemo-plug,majority,0,0,0,0,0
2019-04-18,UK,tp-link-plug,majority,0,0,0,0,0
2019-04-18,UK,tplink-bulb,majority,0,0,0,0,0
2019-04-18,UK,tplink-plug2,majority,0,0,0,0,0
2019-04-18,UK,wansview-cam-wired,majority,450,1,0,0,14
2019-04-18,UK,xiaomi-cam2,majority,0,0,0,0,0
2019-04-18,UK,xiaomi-cleaner,majority,0,0,0,0,0
2019-04-18,UK,xiaomi-hub,majority,0,0,0,0,0
2019-04-18,UK,xiaomi-plug,majority,0,0,0,0,0
2019-04-18,UK,yi-camera,majority,0,0,0,0,0
2019-04-18,UK,allure-speaker,dib_without_portability_gate,0,0,0,0,0
2019-04-18,UK,appletv,dib_without_portability_gate,12,0,0,0,12
2019-04-18,UK,blink-camera,dib_without_portability_gate,0,0,0,0,0
2019-04-18,UK,blink-security-hub,dib_without_portability_gate,0,0,0,0,0
2019-04-18,UK,bosiwo-camera-wifi,dib_without_portability_gate,0,0,0,0,0
2019-04-18,UK,bosiwo-camera-wired,dib_without_portability_gate,0,0,0,0,0
2019-04-18,UK,charger-camera,dib_without_portability_gate,0,0,0,0,0
2019-04-18,UK,echodot,dib_without_portability_gate,0,0,0,0,0
2019-04-18,UK,echoplus,dib_without_portability_gate,0,0,0,0,0
2019-04-18,UK,echospot,dib_without_portability_gate,0,0,0,0,0
2019-04-18,UK,firetv,dib_without_portability_gate,0,0,0,0,0
2019-04-18,UK,google-home,dib_without_portability_gate,0,0,0,0,0
2019-04-18,UK,google-home-mini,dib_without_portability_gate,0,0,0,0,0
2019-04-18,UK,honeywell-thermostat,dib_without_portability_gate,0,0,0,0,0
2019-04-18,UK,insteon-hub,dib_without_portability_gate,0,0,0,0,0
2019-04-18,UK,lightify-hub,dib_without_portability_gate,0,0,0,0,0
2019-04-18,UK,magichome-strip,dib_without_portability_gate,0,0,0,0,0
2019-04-18,UK,nest-tstat,dib_without_portability_gate,0,0,0,0,0
2019-04-18,UK,netatmo-weather,dib_without_portability_gate,0,0,0,0,0
2019-04-18,UK,philips-hue,dib_without_portability_gate,13,0,0,0,6
2019-04-18,UK,ring-doorbell,dib_without_portability_gate,0,0,0,0,0
2019-04-18,UK,roku-tv,dib_without_portability_gate,0,0,0,0,0
2019-04-18,UK,samsungtv-wired,dib_without_portability_gate,22,0,0,0,16
2019-04-18,UK,sengled-hub,dib_without_portability_gate,0,0,0,0,0
2019-04-18,UK,smarter-coffee-mach,dib_without_portability_gate,0,0,0,0,0
2019-04-18,UK,smartthings,dib_without_portability_gate,5,0,0,0,4
2019-04-18,UK,sousvide,dib_without_portability_gate,0,0,0,0,0
2019-04-18,UK,t-wemo-plug,dib_without_portability_gate,0,0,0,0,0
2019-04-18,UK,tp-link-plug,dib_without_portability_gate,0,0,0,0,0
2019-04-18,UK,tplink-bulb,dib_without_portability_gate,0,0,0,0,0
2019-04-18,UK,tplink-plug2,dib_without_portability_gate,0,0,0,0,0
2019-04-18,UK,wansview-cam-wired,dib_without_portability_gate,8,0,4,4,6
2019-04-18,UK,xiaomi-cam2,dib_without_portability_gate,0,0,0,0,0
2019-04-18,UK,xiaomi-cleaner,dib_without_portability_gate,0,0,0,0,0
2019-04-18,UK,xiaomi-hub,dib_without_portability_gate,0,0,0,0,0
2019-04-18,UK,xiaomi-plug,dib_without_portability_gate,0,0,0,0,0
2019-04-18,UK,yi-camera,dib_without_portability_gate,0,0,0,0,0
2019-04-19,US,amcrest-cam-wired,dib,0,0,0,0,0
2019-04-19,US,appletv,dib,13,1,0,0,13
2019-04-19,US,blink-camera,dib,0,0,0,0,0
2019-04-19,US,blink-security-hub,dib,0,0,0,0,0
2019-04-19,US,brewer,dib,0,0,0,0,0
2019-04-19,US,bulb1,dib,0,0,0,0,0
2019-04-19,US,cloudcam,dib,0,0,0,0,0
2019-04-19,US,dlink-mov,dib,0,0,0,0,0
2019-04-19,US,dryer,dib,0,0,0,0,0
2019-04-19,US,echodot,dib,0,0,0,0,0
2019-04-19,US,echoplus,dib,0,0,0,0,0
2019-04-19,US,echospot,dib,0,0,0,0,0
2019-04-19,US,firetv,dib,0,0,0,0,0
2019-04-19,US,fridge,dib,0,0,0,0,0
2019-04-19,US,google-home-mini,dib,0,0,0,0,0
2019-04-19,US,google-home-mini2,dib,0,0,0,0,0
2019-04-19,US,ikettle,dib,0,0,0,0,0
2019-04-19,US,insteon-hub,dib,0,0,0,0,0
2019-04-19,US,invoke,dib,0,0,0,0,0
2019-04-19,US,lefun-cam-wired,dib,0,0,0,0,0
2019-04-19,US,lgtv-wired,dib,0,0,0,0,0
2019-04-19,US,lightify-hub,dib,0,0,0,0,0
2019-04-19,US,luohe-spycam,dib,0,0,0,0,0
2019-04-19,US,magichome-strip,dib,0,0,0,0,0
2019-04-19,US,microseven-camera,dib,0,0,0,0,0
2019-04-19,US,microwave,dib,0,0,0,0,0
2019-04-19,US,nest-tstat,dib,0,0,0,0,0
2019-04-19,US,philips-hue,dib,10,0,0,0,6
2019-04-19,US,ring-doorbell,dib,0,0,0,0,0
2019-04-19,US,roku-tv,dib,0,0,0,0,0
2019-04-19,US,samsungtv-wired,dib,16,0,0,0,16
2019-04-19,US,sengled-hub,dib,0,0,0,0,0
2019-04-19,US,smartthings,dib,4,0,0,0,4
2019-04-19,US,sousvide,dib,0,0,0,0,0
2019-04-19,US,t-echodot,dib,0,0,0,0,0
2019-04-19,US,t-smartthings-hub,dib,0,0,0,0,0
2019-04-19,US,t-wemo-plug,dib,0,0,0,0,0
2019-04-19,US,tp-link-plug,dib,0,0,0,0,0
2019-04-19,US,tplink-bulb,dib,0,0,0,0,0
2019-04-19,US,wansview-cam-wired,dib,6,0,0,0,6
2019-04-19,US,washer,dib,0,0,0,0,0
2019-04-19,US,wink-hub2,dib,0,0,0,0,0
2019-04-19,US,xiaomi-cleaner,dib,0,0,0,0,0
2019-04-19,US,xiaomi-hub,dib,0,0,0,0,0
2019-04-19,US,xiaomi-ricecooker,dib,0,0,0,0,0
2019-04-19,US,xiaomi-strip,dib,0,0,0,0,0
2019-04-19,US,yi-camera,dib,0,0,0,0,0
2019-04-19,US,zmodo-doorbell,dib,0,0,0,0,0
2019-04-19,US,amcrest-cam-wired,pooled_union,7321,0,0,0,12
2019-04-19,US,appletv,pooled_union,89,6,0,0,70
2019-04-19,US,blink-camera,pooled_union,0,0,0,0,0
2019-04-19,US,blink-security-hub,pooled_union,0,0,0,0,0
2019-04-19,US,brewer,pooled_union,0,0,0,0,0
2019-04-19,US,bulb1,pooled_union,0,0,0,0,0
2019-04-19,US,cloudcam,pooled_union,0,0,0,0,0
2019-04-19,US,dlink-mov,pooled_union,0,0,0,0,0
2019-04-19,US,dryer,pooled_union,0,0,0,0,0
2019-04-19,US,echodot,pooled_union,0,0,0,0,0
2019-04-19,US,echoplus,pooled_union,0,0,0,0,0
2019-04-19,US,echospot,pooled_union,0,0,0,0,0
2019-04-19,US,firetv,pooled_union,0,0,0,0,0
2019-04-19,US,fridge,pooled_union,0,0,0,0,0
2019-04-19,US,google-home-mini,pooled_union,0,0,0,0,0
2019-04-19,US,google-home-mini2,pooled_union,0,0,0,0,0
2019-04-19,US,ikettle,pooled_union,0,0,0,0,0
2019-04-19,US,insteon-hub,pooled_union,13,0,0,0,8
2019-04-19,US,invoke,pooled_union,0,0,0,0,0
2019-04-19,US,lefun-cam-wired,pooled_union,145,0,0,0,0
2019-04-19,US,lgtv-wired,pooled_union,66,10,0,0,37
2019-04-19,US,lightify-hub,pooled_union,0,0,0,0,0
2019-04-19,US,luohe-spycam,pooled_union,0,0,0,0,0
2019-04-19,US,magichome-strip,pooled_union,0,0,0,0,0
2019-04-19,US,microseven-camera,pooled_union,6,0,0,0,5
2019-04-19,US,microwave,pooled_union,0,0,0,0,0
2019-04-19,US,nest-tstat,pooled_union,0,0,0,0,0
2019-04-19,US,philips-hue,pooled_union,39,0,0,0,27
2019-04-19,US,ring-doorbell,pooled_union,0,0,0,0,0
2019-04-19,US,roku-tv,pooled_union,0,0,0,0,0
2019-04-19,US,samsungtv-wired,pooled_union,225,0,0,0,121
2019-04-19,US,sengled-hub,pooled_union,15,5,0,0,7
2019-04-19,US,smartthings,pooled_union,32,0,0,0,13
2019-04-19,US,sousvide,pooled_union,0,0,0,0,0
2019-04-19,US,t-echodot,pooled_union,0,0,0,0,0
2019-04-19,US,t-smartthings-hub,pooled_union,0,0,0,0,0
2019-04-19,US,t-wemo-plug,pooled_union,0,0,0,0,0
2019-04-19,US,tp-link-plug,pooled_union,0,0,0,0,0
2019-04-19,US,tplink-bulb,pooled_union,0,0,0,0,0
2019-04-19,US,wansview-cam-wired,pooled_union,452,2,0,0,14
2019-04-19,US,washer,pooled_union,0,0,0,0,0
2019-04-19,US,wink-hub2,pooled_union,37,0,0,0,12
2019-04-19,US,xiaomi-cleaner,pooled_union,0,0,0,0,0
2019-04-19,US,xiaomi-hub,pooled_union,0,0,0,0,0
2019-04-19,US,xiaomi-ricecooker,pooled_union,0,0,0,0,0
2019-04-19,US,xiaomi-strip,pooled_union,0,0,0,0,0
2019-04-19,US,yi-camera,pooled_union,0,0,0,0,0
2019-04-19,US,zmodo-doorbell,pooled_union,0,0,0,0,0
2019-04-19,US,amcrest-cam-wired,quorum_only,0,0,0,0,0
2019-04-19,US,appletv,quorum_only,14,2,0,0,13
2019-04-19,US,blink-camera,quorum_only,0,0,0,0,0
2019-04-19,US,blink-security-hub,quorum_only,0,0,0,0,0
2019-04-19,US,brewer,quorum_only,0,0,0,0,0
2019-04-19,US,bulb1,quorum_only,0,0,0,0,0
2019-04-19,US,cloudcam,quorum_only,0,0,0,0,0
2019-04-19,US,dlink-mov,quorum_only,0,0,0,0,0
2019-04-19,US,dryer,quorum_only,0,0,0,0,0
2019-04-19,US,echodot,quorum_only,0,0,0,0,0
2019-04-19,US,echoplus,quorum_only,0,0,0,0,0
2019-04-19,US,echospot,quorum_only,0,0,0,0,0
2019-04-19,US,firetv,quorum_only,0,0,0,0,0
2019-04-19,US,fridge,quorum_only,0,0,0,0,0
2019-04-19,US,google-home-mini,quorum_only,0,0,0,0,0
2019-04-19,US,google-home-mini2,quorum_only,0,0,0,0,0
2019-04-19,US,ikettle,quorum_only,0,0,0,0,0
2019-04-19,US,insteon-hub,quorum_only,0,0,0,0,0
2019-04-19,US,invoke,quorum_only,0,0,0,0,0
2019-04-19,US,lefun-cam-wired,quorum_only,0,0,0,0,0
2019-04-19,US,lgtv-wired,quorum_only,0,0,0,0,0
2019-04-19,US,lightify-hub,quorum_only,0,0,0,0,0
2019-04-19,US,luohe-spycam,quorum_only,0,0,0,0,0
2019-04-19,US,magichome-strip,quorum_only,0,0,0,0,0
2019-04-19,US,microseven-camera,quorum_only,0,0,0,0,0
2019-04-19,US,microwave,quorum_only,0,0,0,0,0
2019-04-19,US,nest-tstat,quorum_only,0,0,0,0,0
2019-04-19,US,philips-hue,quorum_only,17,0,0,0,10
2019-04-19,US,ring-doorbell,quorum_only,0,0,0,0,0
2019-04-19,US,roku-tv,quorum_only,0,0,0,0,0
2019-04-19,US,samsungtv-wired,quorum_only,22,0,0,0,16
2019-04-19,US,sengled-hub,quorum_only,0,0,0,0,0
2019-04-19,US,smartthings,quorum_only,5,0,0,0,4
2019-04-19,US,sousvide,quorum_only,0,0,0,0,0
2019-04-19,US,t-echodot,quorum_only,0,0,0,0,0
2019-04-19,US,t-smartthings-hub,quorum_only,0,0,0,0,0
2019-04-19,US,t-wemo-plug,quorum_only,0,0,0,0,0
2019-04-19,US,tp-link-plug,quorum_only,0,0,0,0,0
2019-04-19,US,tplink-bulb,quorum_only,0,0,0,0,0
2019-04-19,US,wansview-cam-wired,quorum_only,12,0,0,0,6
2019-04-19,US,washer,quorum_only,0,0,0,0,0
2019-04-19,US,wink-hub2,quorum_only,0,0,0,0,0
2019-04-19,US,xiaomi-cleaner,quorum_only,0,0,0,0,0
2019-04-19,US,xiaomi-hub,quorum_only,0,0,0,0,0
2019-04-19,US,xiaomi-ricecooker,quorum_only,0,0,0,0,0
2019-04-19,US,xiaomi-strip,quorum_only,0,0,0,0,0
2019-04-19,US,yi-camera,quorum_only,0,0,0,0,0
2019-04-19,US,zmodo-doorbell,quorum_only,0,0,0,0,0
2019-04-19,US,amcrest-cam-wired,majority,7321,0,0,0,12
2019-04-19,US,appletv,majority,89,6,0,0,70
2019-04-19,US,blink-camera,majority,0,0,0,0,0
2019-04-19,US,blink-security-hub,majority,0,0,0,0,0
2019-04-19,US,brewer,majority,0,0,0,0,0
2019-04-19,US,bulb1,majority,0,0,0,0,0
2019-04-19,US,cloudcam,majority,0,0,0,0,0
2019-04-19,US,dlink-mov,majority,0,0,0,0,0
2019-04-19,US,dryer,majority,0,0,0,0,0
2019-04-19,US,echodot,majority,0,0,0,0,0
2019-04-19,US,echoplus,majority,0,0,0,0,0
2019-04-19,US,echospot,majority,0,0,0,0,0
2019-04-19,US,firetv,majority,0,0,0,0,0
2019-04-19,US,fridge,majority,0,0,0,0,0
2019-04-19,US,google-home-mini,majority,0,0,0,0,0
2019-04-19,US,google-home-mini2,majority,0,0,0,0,0
2019-04-19,US,ikettle,majority,0,0,0,0,0
2019-04-19,US,insteon-hub,majority,13,0,0,0,8
2019-04-19,US,invoke,majority,0,0,0,0,0
2019-04-19,US,lefun-cam-wired,majority,145,0,0,0,0
2019-04-19,US,lgtv-wired,majority,66,10,0,0,37
2019-04-19,US,lightify-hub,majority,0,0,0,0,0
2019-04-19,US,luohe-spycam,majority,0,0,0,0,0
2019-04-19,US,magichome-strip,majority,0,0,0,0,0
2019-04-19,US,microseven-camera,majority,6,0,0,0,5
2019-04-19,US,microwave,majority,0,0,0,0,0
2019-04-19,US,nest-tstat,majority,0,0,0,0,0
2019-04-19,US,philips-hue,majority,39,0,0,0,27
2019-04-19,US,ring-doorbell,majority,0,0,0,0,0
2019-04-19,US,roku-tv,majority,0,0,0,0,0
2019-04-19,US,samsungtv-wired,majority,225,0,0,0,121
2019-04-19,US,sengled-hub,majority,15,5,0,0,7
2019-04-19,US,smartthings,majority,32,0,0,0,13
2019-04-19,US,sousvide,majority,0,0,0,0,0
2019-04-19,US,t-echodot,majority,0,0,0,0,0
2019-04-19,US,t-smartthings-hub,majority,0,0,0,0,0
2019-04-19,US,t-wemo-plug,majority,0,0,0,0,0
2019-04-19,US,tp-link-plug,majority,0,0,0,0,0
2019-04-19,US,tplink-bulb,majority,0,0,0,0,0
2019-04-19,US,wansview-cam-wired,majority,452,2,0,0,14
2019-04-19,US,washer,majority,0,0,0,0,0
2019-04-19,US,wink-hub2,majority,37,0,0,0,12
2019-04-19,US,xiaomi-cleaner,majority,0,0,0,0,0
2019-04-19,US,xiaomi-hub,majority,0,0,0,0,0
2019-04-19,US,xiaomi-ricecooker,majority,0,0,0,0,0
2019-04-19,US,xiaomi-strip,majority,0,0,0,0,0
2019-04-19,US,yi-camera,majority,0,0,0,0,0
2019-04-19,US,zmodo-doorbell,majority,0,0,0,0,0
2019-04-19,US,amcrest-cam-wired,dib_without_portability_gate,0,0,0,0,0
2019-04-19,US,appletv,dib_without_portability_gate,14,2,0,0,13
2019-04-19,US,blink-camera,dib_without_portability_gate,0,0,0,0,0
2019-04-19,US,blink-security-hub,dib_without_portability_gate,0,0,0,0,0
2019-04-19,US,brewer,dib_without_portability_gate,0,0,0,0,0
2019-04-19,US,bulb1,dib_without_portability_gate,0,0,0,0,0
2019-04-19,US,cloudcam,dib_without_portability_gate,0,0,0,0,0
2019-04-19,US,dlink-mov,dib_without_portability_gate,0,0,0,0,0
2019-04-19,US,dryer,dib_without_portability_gate,0,0,0,0,0
2019-04-19,US,echodot,dib_without_portability_gate,0,0,0,0,0
2019-04-19,US,echoplus,dib_without_portability_gate,0,0,0,0,0
2019-04-19,US,echospot,dib_without_portability_gate,0,0,0,0,0
2019-04-19,US,firetv,dib_without_portability_gate,0,0,0,0,0
2019-04-19,US,fridge,dib_without_portability_gate,0,0,0,0,0
2019-04-19,US,google-home-mini,dib_without_portability_gate,0,0,0,0,0
2019-04-19,US,google-home-mini2,dib_without_portability_gate,0,0,0,0,0
2019-04-19,US,ikettle,dib_without_portability_gate,0,0,0,0,0
2019-04-19,US,insteon-hub,dib_without_portability_gate,0,0,0,0,0
2019-04-19,US,invoke,dib_without_portability_gate,0,0,0,0,0
2019-04-19,US,lefun-cam-wired,dib_without_portability_gate,0,0,0,0,0
2019-04-19,US,lgtv-wired,dib_without_portability_gate,0,0,0,0,0
2019-04-19,US,lightify-hub,dib_without_portability_gate,0,0,0,0,0
2019-04-19,US,luohe-spycam,dib_without_portability_gate,0,0,0,0,0
2019-04-19,US,magichome-strip,dib_without_portability_gate,0,0,0,0,0
2019-04-19,US,microseven-camera,dib_without_portability_gate,0,0,0,0,0
2019-04-19,US,microwave,dib_without_portability_gate,0,0,0,0,0
2019-04-19,US,nest-tstat,dib_without_portability_gate,0,0,0,0,0
2019-04-19,US,philips-hue,dib_without_portability_gate,13,0,0,0,6
2019-04-19,US,ring-doorbell,dib_without_portability_gate,0,0,0,0,0
2019-04-19,US,roku-tv,dib_without_portability_gate,0,0,0,0,0
2019-04-19,US,samsungtv-wired,dib_without_portability_gate,22,0,0,0,16
2019-04-19,US,sengled-hub,dib_without_portability_gate,0,0,0,0,0
2019-04-19,US,smartthings,dib_without_portability_gate,5,0,0,0,4
2019-04-19,US,sousvide,dib_without_portability_gate,0,0,0,0,0
2019-04-19,US,t-echodot,dib_without_portability_gate,0,0,0,0,0
2019-04-19,US,t-smartthings-hub,dib_without_portability_gate,0,0,0,0,0
2019-04-19,US,t-wemo-plug,dib_without_portability_gate,0,0,0,0,0
2019-04-19,US,tp-link-plug,dib_without_portability_gate,0,0,0,0,0
2019-04-19,US,tplink-bulb,dib_without_portability_gate,0,0,0,0,0
2019-04-19,US,wansview-cam-wired,dib_without_portability_gate,8,0,0,0,6
2019-04-19,US,washer,dib_without_portability_gate,0,0,0,0,0
2019-04-19,US,wink-hub2,dib_without_portability_gate,0,0,0,0,0
2019-04-19,US,xiaomi-cleaner,dib_without_portability_gate,0,0,0,0,0
2019-04-19,US,xiaomi-hub,dib_without_portability_gate,0,0,0,0,0
2019-04-19,US,xiaomi-ricecooker,dib_without_portability_gate,0,0,0,0,0
2019-04-19,US,xiaomi-strip,dib_without_portability_gate,0,0,0,0,0
2019-04-19,US,yi-camera,dib_without_portability_gate,0,0,0,0,0
2019-04-19,US,zmodo-doorbell,dib_without_portability_gate,0,0,0,0,0
2019-04-19,UK,allure-speaker,dib,0,0,0,0,0
2019-04-19,UK,appletv,dib,13,1,0,0,13
2019-04-19,UK,blink-camera,dib,0,0,0,0,0
2019-04-19,UK,blink-security-hub,dib,0,0,0,0,0
2019-04-19,UK,bosiwo-camera-wifi,dib,0,0,0,0,0
2019-04-19,UK,bosiwo-camera-wired,dib,0,0,0,0,0
2019-04-19,UK,charger-camera,dib,0,0,0,0,0
2019-04-19,UK,echodot,dib,0,0,0,0,0
2019-04-19,UK,echoplus,dib,0,0,0,0,0
2019-04-19,UK,echospot,dib,0,0,0,0,0
2019-04-19,UK,firetv,dib,0,0,0,0,0
2019-04-19,UK,google-home,dib,0,0,0,0,0
2019-04-19,UK,google-home-mini,dib,0,0,0,0,0
2019-04-19,UK,honeywell-thermostat,dib,0,0,0,0,0
2019-04-19,UK,insteon-hub,dib,0,0,0,0,0
2019-04-19,UK,lightify-hub,dib,0,0,0,0,0
2019-04-19,UK,magichome-strip,dib,0,0,0,0,0
2019-04-19,UK,nest-tstat,dib,0,0,0,0,0
2019-04-19,UK,netatmo-weather,dib,0,0,0,0,0
2019-04-19,UK,philips-hue,dib,10,0,0,0,6
2019-04-19,UK,ring-doorbell,dib,0,0,0,0,0
2019-04-19,UK,roku-tv,dib,0,0,0,0,0
2019-04-19,UK,samsungtv-wired,dib,16,0,0,0,16
2019-04-19,UK,sengled-hub,dib,0,0,0,0,0
2019-04-19,UK,smarter-coffee-mach,dib,0,0,0,0,0
2019-04-19,UK,smartthings,dib,4,0,0,0,4
2019-04-19,UK,sousvide,dib,0,0,0,0,0
2019-04-19,UK,t-wemo-plug,dib,0,0,0,0,0
2019-04-19,UK,tp-link-plug,dib,0,0,0,0,0
2019-04-19,UK,tplink-bulb,dib,0,0,0,0,0
2019-04-19,UK,tplink-plug2,dib,0,0,0,0,0
2019-04-19,UK,wansview-cam-wired,dib,6,0,0,0,6
2019-04-19,UK,xiaomi-cam2,dib,0,0,0,0,0
2019-04-19,UK,xiaomi-cleaner,dib,0,0,0,0,0
2019-04-19,UK,xiaomi-hub,dib,0,0,0,0,0
2019-04-19,UK,xiaomi-plug,dib,0,0,0,0,0
2019-04-19,UK,yi-camera,dib,0,0,0,0,0
2019-04-19,UK,allure-speaker,pooled_union,0,0,0,0,0
2019-04-19,UK,appletv,pooled_union,89,6,0,0,70
2019-04-19,UK,blink-camera,pooled_union,0,0,0,0,0
2019-04-19,UK,blink-security-hub,pooled_union,0,0,0,0,0
2019-04-19,UK,bosiwo-camera-wifi,pooled_union,0,0,0,0,0
2019-04-19,UK,bosiwo-camera-wired,pooled_union,106,2,0,0,0
2019-04-19,UK,charger-camera,pooled_union,0,0,0,0,0
2019-04-19,UK,echodot,pooled_union,0,0,0,0,0
2019-04-19,UK,echoplus,pooled_union,0,0,0,0,0
2019-04-19,UK,echospot,pooled_union,0,0,0,0,0
2019-04-19,UK,firetv,pooled_union,0,0,0,0,0
2019-04-19,UK,google-home,pooled_union,0,0,0,0,0
2019-04-19,UK,google-home-mini,pooled_union,0,0,0,0,0
2019-04-19,UK,honeywell-thermostat,pooled_union,0,0,0,0,0
2019-04-19,UK,insteon-hub,pooled_union,13,0,0,0,8
2019-04-19,UK,lightify-hub,pooled_union,0,0,0,0,0
2019-04-19,UK,magichome-strip,pooled_union,0,0,0,0,0
2019-04-19,UK,nest-tstat,pooled_union,0,0,0,0,0
2019-04-19,UK,netatmo-weather,pooled_union,0,0,0,0,0
2019-04-19,UK,philips-hue,pooled_union,39,0,0,0,27
2019-04-19,UK,ring-doorbell,pooled_union,0,0,0,0,0
2019-04-19,UK,roku-tv,pooled_union,0,0,0,0,0
2019-04-19,UK,samsungtv-wired,pooled_union,225,0,0,0,121
2019-04-19,UK,sengled-hub,pooled_union,15,5,0,0,7
2019-04-19,UK,smarter-coffee-mach,pooled_union,0,0,0,0,0
2019-04-19,UK,smartthings,pooled_union,32,0,0,0,13
2019-04-19,UK,sousvide,pooled_union,0,0,0,0,0
2019-04-19,UK,t-wemo-plug,pooled_union,0,0,0,0,0
2019-04-19,UK,tp-link-plug,pooled_union,0,0,0,0,0
2019-04-19,UK,tplink-bulb,pooled_union,0,0,0,0,0
2019-04-19,UK,tplink-plug2,pooled_union,0,0,0,0,0
2019-04-19,UK,wansview-cam-wired,pooled_union,452,2,0,0,14
2019-04-19,UK,xiaomi-cam2,pooled_union,0,0,0,0,0
2019-04-19,UK,xiaomi-cleaner,pooled_union,0,0,0,0,0
2019-04-19,UK,xiaomi-hub,pooled_union,0,0,0,0,0
2019-04-19,UK,xiaomi-plug,pooled_union,0,0,0,0,0
2019-04-19,UK,yi-camera,pooled_union,0,0,0,0,0
2019-04-19,UK,allure-speaker,quorum_only,0,0,0,0,0
2019-04-19,UK,appletv,quorum_only,14,2,0,0,13
2019-04-19,UK,blink-camera,quorum_only,0,0,0,0,0
2019-04-19,UK,blink-security-hub,quorum_only,0,0,0,0,0
2019-04-19,UK,bosiwo-camera-wifi,quorum_only,0,0,0,0,0
2019-04-19,UK,bosiwo-camera-wired,quorum_only,0,0,0,0,0
2019-04-19,UK,charger-camera,quorum_only,0,0,0,0,0
2019-04-19,UK,echodot,quorum_only,0,0,0,0,0
2019-04-19,UK,echoplus,quorum_only,0,0,0,0,0
2019-04-19,UK,echospot,quorum_only,0,0,0,0,0
2019-04-19,UK,firetv,quorum_only,0,0,0,0,0
2019-04-19,UK,google-home,quorum_only,0,0,0,0,0
2019-04-19,UK,google-home-mini,quorum_only,0,0,0,0,0
2019-04-19,UK,honeywell-thermostat,quorum_only,0,0,0,0,0
2019-04-19,UK,insteon-hub,quorum_only,0,0,0,0,0
2019-04-19,UK,lightify-hub,quorum_only,0,0,0,0,0
2019-04-19,UK,magichome-strip,quorum_only,0,0,0,0,0
2019-04-19,UK,nest-tstat,quorum_only,0,0,0,0,0
2019-04-19,UK,netatmo-weather,quorum_only,0,0,0,0,0
2019-04-19,UK,philips-hue,quorum_only,17,0,0,0,10
2019-04-19,UK,ring-doorbell,quorum_only,0,0,0,0,0
2019-04-19,UK,roku-tv,quorum_only,0,0,0,0,0
2019-04-19,UK,samsungtv-wired,quorum_only,22,0,0,0,16
2019-04-19,UK,sengled-hub,quorum_only,0,0,0,0,0
2019-04-19,UK,smarter-coffee-mach,quorum_only,0,0,0,0,0
2019-04-19,UK,smartthings,quorum_only,5,0,0,0,4
2019-04-19,UK,sousvide,quorum_only,0,0,0,0,0
2019-04-19,UK,t-wemo-plug,quorum_only,0,0,0,0,0
2019-04-19,UK,tp-link-plug,quorum_only,0,0,0,0,0
2019-04-19,UK,tplink-bulb,quorum_only,0,0,0,0,0
2019-04-19,UK,tplink-plug2,quorum_only,0,0,0,0,0
2019-04-19,UK,wansview-cam-wired,quorum_only,12,0,0,0,6
2019-04-19,UK,xiaomi-cam2,quorum_only,0,0,0,0,0
2019-04-19,UK,xiaomi-cleaner,quorum_only,0,0,0,0,0
2019-04-19,UK,xiaomi-hub,quorum_only,0,0,0,0,0
2019-04-19,UK,xiaomi-plug,quorum_only,0,0,0,0,0
2019-04-19,UK,yi-camera,quorum_only,0,0,0,0,0
2019-04-19,UK,allure-speaker,majority,0,0,0,0,0
2019-04-19,UK,appletv,majority,89,6,0,0,70
2019-04-19,UK,blink-camera,majority,0,0,0,0,0
2019-04-19,UK,blink-security-hub,majority,0,0,0,0,0
2019-04-19,UK,bosiwo-camera-wifi,majority,0,0,0,0,0
2019-04-19,UK,bosiwo-camera-wired,majority,106,2,0,0,0
2019-04-19,UK,charger-camera,majority,0,0,0,0,0
2019-04-19,UK,echodot,majority,0,0,0,0,0
2019-04-19,UK,echoplus,majority,0,0,0,0,0
2019-04-19,UK,echospot,majority,0,0,0,0,0
2019-04-19,UK,firetv,majority,0,0,0,0,0
2019-04-19,UK,google-home,majority,0,0,0,0,0
2019-04-19,UK,google-home-mini,majority,0,0,0,0,0
2019-04-19,UK,honeywell-thermostat,majority,0,0,0,0,0
2019-04-19,UK,insteon-hub,majority,13,0,0,0,8
2019-04-19,UK,lightify-hub,majority,0,0,0,0,0
2019-04-19,UK,magichome-strip,majority,0,0,0,0,0
2019-04-19,UK,nest-tstat,majority,0,0,0,0,0
2019-04-19,UK,netatmo-weather,majority,0,0,0,0,0
2019-04-19,UK,philips-hue,majority,39,0,0,0,27
2019-04-19,UK,ring-doorbell,majority,0,0,0,0,0
2019-04-19,UK,roku-tv,majority,0,0,0,0,0
2019-04-19,UK,samsungtv-wired,majority,225,0,0,0,121
2019-04-19,UK,sengled-hub,majority,15,5,0,0,7
2019-04-19,UK,smarter-coffee-mach,majority,0,0,0,0,0
2019-04-19,UK,smartthings,majority,32,0,0,0,13
2019-04-19,UK,sousvide,majority,0,0,0,0,0
2019-04-19,UK,t-wemo-plug,majority,0,0,0,0,0
2019-04-19,UK,tp-link-plug,majority,0,0,0,0,0
2019-04-19,UK,tplink-bulb,majority,0,0,0,0,0
2019-04-19,UK,tplink-plug2,majority,0,0,0,0,0
2019-04-19,UK,wansview-cam-wired,majority,452,2,0,0,14
2019-04-19,UK,xiaomi-cam2,majority,0,0,0,0,0
2019-04-19,UK,xiaomi-cleaner,majority,0,0,0,0,0
2019-04-19,UK,xiaomi-hub,majority,0,0,0,0,0
2019-04-19,UK,xiaomi-plug,majority,0,0,0,0,0
2019-04-19,UK,yi-camera,majority,0,0,0,0,0
2019-04-19,UK,allure-speaker,dib_without_portability_gate,0,0,0,0,0
2019-04-19,UK,appletv,dib_without_portability_gate,14,2,0,0,13
2019-04-19,UK,blink-camera,dib_without_portability_gate,0,0,0,0,0
2019-04-19,UK,blink-security-hub,dib_without_portability_gate,0,0,0,0,0
2019-04-19,UK,bosiwo-camera-wifi,dib_without_portability_gate,0,0,0,0,0
2019-04-19,UK,bosiwo-camera-wired,dib_without_portability_gate,0,0,0,0,0
2019-04-19,UK,charger-camera,dib_without_portability_gate,0,0,0,0,0
2019-04-19,UK,echodot,dib_without_portability_gate,0,0,0,0,0
2019-04-19,UK,echoplus,dib_without_portability_gate,0,0,0,0,0
2019-04-19,UK,echospot,dib_without_portability_gate,0,0,0,0,0
2019-04-19,UK,firetv,dib_without_portability_gate,0,0,0,0,0
2019-04-19,UK,google-home,dib_without_portability_gate,0,0,0,0,0
2019-04-19,UK,google-home-mini,dib_without_portability_gate,0,0,0,0,0
2019-04-19,UK,honeywell-thermostat,dib_without_portability_gate,0,0,0,0,0
2019-04-19,UK,insteon-hub,dib_without_portability_gate,0,0,0,0,0
2019-04-19,UK,lightify-hub,dib_without_portability_gate,0,0,0,0,0
2019-04-19,UK,magichome-strip,dib_without_portability_gate,0,0,0,0,0
2019-04-19,UK,nest-tstat,dib_without_portability_gate,0,0,0,0,0
2019-04-19,UK,netatmo-weather,dib_without_portability_gate,0,0,0,0,0
2019-04-19,UK,philips-hue,dib_without_portability_gate,13,0,0,0,6
2019-04-19,UK,ring-doorbell,dib_without_portability_gate,0,0,0,0,0
2019-04-19,UK,roku-tv,dib_without_portability_gate,0,0,0,0,0
2019-04-19,UK,samsungtv-wired,dib_without_portability_gate,22,0,0,0,16
2019-04-19,UK,sengled-hub,dib_without_portability_gate,0,0,0,0,0
2019-04-19,UK,smarter-coffee-mach,dib_without_portability_gate,0,0,0,0,0
2019-04-19,UK,smartthings,dib_without_portability_gate,5,0,0,0,4
2019-04-19,UK,sousvide,dib_without_portability_gate,0,0,0,0,0
2019-04-19,UK,t-wemo-plug,dib_without_portability_gate,0,0,0,0,0
2019-04-19,UK,tp-link-plug,dib_without_portability_gate,0,0,0,0,0
2019-04-19,UK,tplink-bulb,dib_without_portability_gate,0,0,0,0,0
2019-04-19,UK,tplink-plug2,dib_without_portability_gate,0,0,0,0,0
2019-04-19,UK,wansview-cam-wired,dib_without_portability_gate,8,0,0,0,6
2019-04-19,UK,xiaomi-cam2,dib_without_portability_gate,0,0,0,0,0
2019-04-19,UK,xiaomi-cleaner,dib_without_portability_gate,0,0,0,0,0
2019-04-19,UK,xiaomi-hub,dib_without_portability_gate,0,0,0,0,0
2019-04-19,UK,xiaomi-plug,dib_without_portability_gate,0,0,0,0,0
2019-04-19,UK,yi-camera,dib_without_portability_gate,0,0,0,0,0
2019-04-20,US,amcrest-cam-wired,dib,0,0,0,0,0
2019-04-20,US,appletv,dib,13,0,0,0,13
2019-04-20,US,blink-camera,dib,0,0,0,0,0
2019-04-20,US,blink-security-hub,dib,0,0,0,0,0
2019-04-20,US,brewer,dib,0,0,0,0,0
2019-04-20,US,bulb1,dib,0,0,0,0,0
2019-04-20,US,cloudcam,dib,0,0,0,0,0
2019-04-20,US,dlink-mov,dib,0,0,0,0,0
2019-04-20,US,dryer,dib,0,0,0,0,0
2019-04-20,US,echodot,dib,0,0,0,0,0
2019-04-20,US,echoplus,dib,0,0,0,0,0
2019-04-20,US,echospot,dib,0,0,0,0,0
2019-04-20,US,firetv,dib,0,0,0,0,0
2019-04-20,US,fridge,dib,0,0,0,0,0
2019-04-20,US,google-home-mini,dib,0,0,0,0,0
2019-04-20,US,google-home-mini2,dib,0,0,0,0,0
2019-04-20,US,ikettle,dib,0,0,0,0,0
2019-04-20,US,insteon-hub,dib,0,0,0,0,0
2019-04-20,US,invoke,dib,0,0,0,0,0
2019-04-20,US,lefun-cam-wired,dib,0,0,0,0,0
2019-04-20,US,lgtv-wired,dib,0,0,0,0,0
2019-04-20,US,lightify-hub,dib,0,0,0,0,0
2019-04-20,US,luohe-spycam,dib,0,0,0,0,0
2019-04-20,US,magichome-strip,dib,0,0,0,0,0
2019-04-20,US,microseven-camera,dib,0,0,0,0,0
2019-04-20,US,microwave,dib,0,0,0,0,0
2019-04-20,US,nest-tstat,dib,0,0,0,0,0
2019-04-20,US,philips-hue,dib,10,0,0,0,6
2019-04-20,US,ring-doorbell,dib,0,0,0,0,0
2019-04-20,US,roku-tv,dib,0,0,0,0,0
2019-04-20,US,samsungtv-wired,dib,16,0,0,0,16
2019-04-20,US,sengled-hub,dib,0,0,0,0,0
2019-04-20,US,smartthings,dib,4,0,0,0,4
2019-04-20,US,sousvide,dib,0,0,0,0,0
2019-04-20,US,t-echodot,dib,0,0,0,0,0
2019-04-20,US,t-smartthings-hub,dib,0,0,0,0,0
2019-04-20,US,t-wemo-plug,dib,0,0,0,0,0
2019-04-20,US,tp-link-plug,dib,0,0,0,0,0
2019-04-20,US,tplink-bulb,dib,0,0,0,0,0
2019-04-20,US,wansview-cam-wired,dib,6,0,0,0,6
2019-04-20,US,washer,dib,0,0,0,0,0
2019-04-20,US,wink-hub2,dib,0,0,0,0,0
2019-04-20,US,xiaomi-cleaner,dib,0,0,0,0,0
2019-04-20,US,xiaomi-hub,dib,0,0,0,0,0
2019-04-20,US,xiaomi-ricecooker,dib,0,0,0,0,0
2019-04-20,US,xiaomi-strip,dib,0,0,0,0,0
2019-04-20,US,yi-camera,dib,0,0,0,0,0
2019-04-20,US,zmodo-doorbell,dib,0,0,0,0,0
2019-04-20,US,amcrest-cam-wired,pooled_union,7321,0,0,0,12
2019-04-20,US,appletv,pooled_union,89,0,0,0,70
2019-04-20,US,blink-camera,pooled_union,0,0,0,0,0
2019-04-20,US,blink-security-hub,pooled_union,0,0,0,0,0
2019-04-20,US,brewer,pooled_union,0,0,0,0,0
2019-04-20,US,bulb1,pooled_union,0,0,0,0,0
2019-04-20,US,cloudcam,pooled_union,0,0,0,0,0
2019-04-20,US,dlink-mov,pooled_union,0,0,0,0,0
2019-04-20,US,dryer,pooled_union,0,0,0,0,0
2019-04-20,US,echodot,pooled_union,0,0,0,0,0
2019-04-20,US,echoplus,pooled_union,0,0,0,0,0
2019-04-20,US,echospot,pooled_union,0,0,0,0,0
2019-04-20,US,firetv,pooled_union,0,0,0,0,0
2019-04-20,US,fridge,pooled_union,0,0,0,0,0
2019-04-20,US,google-home-mini,pooled_union,0,0,0,0,0
2019-04-20,US,google-home-mini2,pooled_union,0,0,0,0,0
2019-04-20,US,ikettle,pooled_union,0,0,0,0,0
2019-04-20,US,insteon-hub,pooled_union,13,0,0,0,8
2019-04-20,US,invoke,pooled_union,0,0,0,0,0
2019-04-20,US,lefun-cam-wired,pooled_union,145,0,0,0,0
2019-04-20,US,lgtv-wired,pooled_union,66,0,0,0,37
2019-04-20,US,lightify-hub,pooled_union,0,0,0,0,0
2019-04-20,US,luohe-spycam,pooled_union,0,0,0,0,0
2019-04-20,US,magichome-strip,pooled_union,0,0,0,0,0
2019-04-20,US,microseven-camera,pooled_union,6,0,0,0,5
2019-04-20,US,microwave,pooled_union,0,0,0,0,0
2019-04-20,US,nest-tstat,pooled_union,0,0,0,0,0
2019-04-20,US,philips-hue,pooled_union,39,0,0,0,27
2019-04-20,US,ring-doorbell,pooled_union,0,0,0,0,0
2019-04-20,US,roku-tv,pooled_union,0,0,0,0,0
2019-04-20,US,samsungtv-wired,pooled_union,225,0,0,0,121
2019-04-20,US,sengled-hub,pooled_union,15,0,0,0,7
2019-04-20,US,smartthings,pooled_union,32,0,0,0,13
2019-04-20,US,sousvide,pooled_union,0,0,0,0,0
2019-04-20,US,t-echodot,pooled_union,0,0,0,0,0
2019-04-20,US,t-smartthings-hub,pooled_union,0,0,0,0,0
2019-04-20,US,t-wemo-plug,pooled_union,0,0,0,0,0
2019-04-20,US,tp-link-plug,pooled_union,0,0,0,0,0
2019-04-20,US,tplink-bulb,pooled_union,0,0,0,0,0
2019-04-20,US,wansview-cam-wired,pooled_union,516,64,0,0,14
2019-04-20,US,washer,pooled_union,0,0,0,0,0
2019-04-20,US,wink-hub2,pooled_union,37,0,0,0,12
2019-04-20,US,xiaomi-cleaner,pooled_union,0,0,0,0,0
2019-04-20,US,xiaomi-hub,pooled_union,0,0,0,0,0
2019-04-20,US,xiaomi-ricecooker,pooled_union,0,0,0,0,0
2019-04-20,US,xiaomi-strip,pooled_union,0,0,0,0,0
2019-04-20,US,yi-camera,pooled_union,0,0,0,0,0
2019-04-20,US,zmodo-doorbell,pooled_union,0,0,0,0,0
2019-04-20,US,amcrest-cam-wired,quorum_only,0,0,0,0,0
2019-04-20,US,appletv,quorum_only,14,0,0,0,13
2019-04-20,US,blink-camera,quorum_only,0,0,0,0,0
2019-04-20,US,blink-security-hub,quorum_only,0,0,0,0,0
2019-04-20,US,brewer,quorum_only,0,0,0,0,0
2019-04-20,US,bulb1,quorum_only,0,0,0,0,0
2019-04-20,US,cloudcam,quorum_only,0,0,0,0,0
2019-04-20,US,dlink-mov,quorum_only,0,0,0,0,0
2019-04-20,US,dryer,quorum_only,0,0,0,0,0
2019-04-20,US,echodot,quorum_only,0,0,0,0,0
2019-04-20,US,echoplus,quorum_only,0,0,0,0,0
2019-04-20,US,echospot,quorum_only,0,0,0,0,0
2019-04-20,US,firetv,quorum_only,0,0,0,0,0
2019-04-20,US,fridge,quorum_only,0,0,0,0,0
2019-04-20,US,google-home-mini,quorum_only,0,0,0,0,0
2019-04-20,US,google-home-mini2,quorum_only,0,0,0,0,0
2019-04-20,US,ikettle,quorum_only,0,0,0,0,0
2019-04-20,US,insteon-hub,quorum_only,0,0,0,0,0
2019-04-20,US,invoke,quorum_only,0,0,0,0,0
2019-04-20,US,lefun-cam-wired,quorum_only,0,0,0,0,0
2019-04-20,US,lgtv-wired,quorum_only,0,0,0,0,0
2019-04-20,US,lightify-hub,quorum_only,0,0,0,0,0
2019-04-20,US,luohe-spycam,quorum_only,0,0,0,0,0
2019-04-20,US,magichome-strip,quorum_only,0,0,0,0,0
2019-04-20,US,microseven-camera,quorum_only,0,0,0,0,0
2019-04-20,US,microwave,quorum_only,0,0,0,0,0
2019-04-20,US,nest-tstat,quorum_only,0,0,0,0,0
2019-04-20,US,philips-hue,quorum_only,17,0,0,0,10
2019-04-20,US,ring-doorbell,quorum_only,0,0,0,0,0
2019-04-20,US,roku-tv,quorum_only,0,0,0,0,0
2019-04-20,US,samsungtv-wired,quorum_only,22,0,0,0,16
2019-04-20,US,sengled-hub,quorum_only,0,0,0,0,0
2019-04-20,US,smartthings,quorum_only,6,1,0,0,4
2019-04-20,US,sousvide,quorum_only,0,0,0,0,0
2019-04-20,US,t-echodot,quorum_only,0,0,0,0,0
2019-04-20,US,t-smartthings-hub,quorum_only,0,0,0,0,0
2019-04-20,US,t-wemo-plug,quorum_only,0,0,0,0,0
2019-04-20,US,tp-link-plug,quorum_only,0,0,0,0,0
2019-04-20,US,tplink-bulb,quorum_only,0,0,0,0,0
2019-04-20,US,wansview-cam-wired,quorum_only,12,0,0,0,6
2019-04-20,US,washer,quorum_only,0,0,0,0,0
2019-04-20,US,wink-hub2,quorum_only,0,0,0,0,0
2019-04-20,US,xiaomi-cleaner,quorum_only,0,0,0,0,0
2019-04-20,US,xiaomi-hub,quorum_only,0,0,0,0,0
2019-04-20,US,xiaomi-ricecooker,quorum_only,0,0,0,0,0
2019-04-20,US,xiaomi-strip,quorum_only,0,0,0,0,0
2019-04-20,US,yi-camera,quorum_only,0,0,0,0,0
2019-04-20,US,zmodo-doorbell,quorum_only,0,0,0,0,0
2019-04-20,US,amcrest-cam-wired,majority,7321,0,0,0,12
2019-04-20,US,appletv,majority,89,0,0,0,70
2019-04-20,US,blink-camera,majority,0,0,0,0,0
2019-04-20,US,blink-security-hub,majority,0,0,0,0,0
2019-04-20,US,brewer,majority,0,0,0,0,0
2019-04-20,US,bulb1,majority,0,0,0,0,0
2019-04-20,US,cloudcam,majority,0,0,0,0,0
2019-04-20,US,dlink-mov,majority,0,0,0,0,0
2019-04-20,US,dryer,majority,0,0,0,0,0
2019-04-20,US,echodot,majority,0,0,0,0,0
2019-04-20,US,echoplus,majority,0,0,0,0,0
2019-04-20,US,echospot,majority,0,0,0,0,0
2019-04-20,US,firetv,majority,0,0,0,0,0
2019-04-20,US,fridge,majority,0,0,0,0,0
2019-04-20,US,google-home-mini,majority,0,0,0,0,0
2019-04-20,US,google-home-mini2,majority,0,0,0,0,0
2019-04-20,US,ikettle,majority,0,0,0,0,0
2019-04-20,US,insteon-hub,majority,13,0,0,0,8
2019-04-20,US,invoke,majority,0,0,0,0,0
2019-04-20,US,lefun-cam-wired,majority,145,0,0,0,0
2019-04-20,US,lgtv-wired,majority,66,0,0,0,37
2019-04-20,US,lightify-hub,majority,0,0,0,0,0
2019-04-20,US,luohe-spycam,majority,0,0,0,0,0
2019-04-20,US,magichome-strip,majority,0,0,0,0,0
2019-04-20,US,microseven-camera,majority,6,0,0,0,5
2019-04-20,US,microwave,majority,0,0,0,0,0
2019-04-20,US,nest-tstat,majority,0,0,0,0,0
2019-04-20,US,philips-hue,majority,39,0,0,0,27
2019-04-20,US,ring-doorbell,majority,0,0,0,0,0
2019-04-20,US,roku-tv,majority,0,0,0,0,0
2019-04-20,US,samsungtv-wired,majority,225,0,0,0,121
2019-04-20,US,sengled-hub,majority,15,0,0,0,7
2019-04-20,US,smartthings,majority,32,0,0,0,13
2019-04-20,US,sousvide,majority,0,0,0,0,0
2019-04-20,US,t-echodot,majority,0,0,0,0,0
2019-04-20,US,t-smartthings-hub,majority,0,0,0,0,0
2019-04-20,US,t-wemo-plug,majority,0,0,0,0,0
2019-04-20,US,tp-link-plug,majority,0,0,0,0,0
2019-04-20,US,tplink-bulb,majority,0,0,0,0,0
2019-04-20,US,wansview-cam-wired,majority,516,64,0,0,14
2019-04-20,US,washer,majority,0,0,0,0,0
2019-04-20,US,wink-hub2,majority,37,0,0,0,12
2019-04-20,US,xiaomi-cleaner,majority,0,0,0,0,0
2019-04-20,US,xiaomi-hub,majority,0,0,0,0,0
2019-04-20,US,xiaomi-ricecooker,majority,0,0,0,0,0
2019-04-20,US,xiaomi-strip,majority,0,0,0,0,0
2019-04-20,US,yi-camera,majority,0,0,0,0,0
2019-04-20,US,zmodo-doorbell,majority,0,0,0,0,0
2019-04-20,US,amcrest-cam-wired,dib_without_portability_gate,0,0,0,0,0
2019-04-20,US,appletv,dib_without_portability_gate,14,0,0,0,13
2019-04-20,US,blink-camera,dib_without_portability_gate,0,0,0,0,0
2019-04-20,US,blink-security-hub,dib_without_portability_gate,0,0,0,0,0
2019-04-20,US,brewer,dib_without_portability_gate,0,0,0,0,0
2019-04-20,US,bulb1,dib_without_portability_gate,0,0,0,0,0
2019-04-20,US,cloudcam,dib_without_portability_gate,0,0,0,0,0
2019-04-20,US,dlink-mov,dib_without_portability_gate,0,0,0,0,0
2019-04-20,US,dryer,dib_without_portability_gate,0,0,0,0,0
2019-04-20,US,echodot,dib_without_portability_gate,0,0,0,0,0
2019-04-20,US,echoplus,dib_without_portability_gate,0,0,0,0,0
2019-04-20,US,echospot,dib_without_portability_gate,0,0,0,0,0
2019-04-20,US,firetv,dib_without_portability_gate,0,0,0,0,0
2019-04-20,US,fridge,dib_without_portability_gate,0,0,0,0,0
2019-04-20,US,google-home-mini,dib_without_portability_gate,0,0,0,0,0
2019-04-20,US,google-home-mini2,dib_without_portability_gate,0,0,0,0,0
2019-04-20,US,ikettle,dib_without_portability_gate,0,0,0,0,0
2019-04-20,US,insteon-hub,dib_without_portability_gate,0,0,0,0,0
2019-04-20,US,invoke,dib_without_portability_gate,0,0,0,0,0
2019-04-20,US,lefun-cam-wired,dib_without_portability_gate,0,0,0,0,0
2019-04-20,US,lgtv-wired,dib_without_portability_gate,0,0,0,0,0
2019-04-20,US,lightify-hub,dib_without_portability_gate,0,0,0,0,0
2019-04-20,US,luohe-spycam,dib_without_portability_gate,0,0,0,0,0
2019-04-20,US,magichome-strip,dib_without_portability_gate,0,0,0,0,0
2019-04-20,US,microseven-camera,dib_without_portability_gate,0,0,0,0,0
2019-04-20,US,microwave,dib_without_portability_gate,0,0,0,0,0
2019-04-20,US,nest-tstat,dib_without_portability_gate,0,0,0,0,0
2019-04-20,US,philips-hue,dib_without_portability_gate,13,0,0,0,6
2019-04-20,US,ring-doorbell,dib_without_portability_gate,0,0,0,0,0
2019-04-20,US,roku-tv,dib_without_portability_gate,0,0,0,0,0
2019-04-20,US,samsungtv-wired,dib_without_portability_gate,22,0,0,0,16
2019-04-20,US,sengled-hub,dib_without_portability_gate,0,0,0,0,0
2019-04-20,US,smartthings,dib_without_portability_gate,5,0,0,0,4
2019-04-20,US,sousvide,dib_without_portability_gate,0,0,0,0,0
2019-04-20,US,t-echodot,dib_without_portability_gate,0,0,0,0,0
2019-04-20,US,t-smartthings-hub,dib_without_portability_gate,0,0,0,0,0
2019-04-20,US,t-wemo-plug,dib_without_portability_gate,0,0,0,0,0
2019-04-20,US,tp-link-plug,dib_without_portability_gate,0,0,0,0,0
2019-04-20,US,tplink-bulb,dib_without_portability_gate,0,0,0,0,0
2019-04-20,US,wansview-cam-wired,dib_without_portability_gate,8,0,0,0,6
2019-04-20,US,washer,dib_without_portability_gate,0,0,0,0,0
2019-04-20,US,wink-hub2,dib_without_portability_gate,0,0,0,0,0
2019-04-20,US,xiaomi-cleaner,dib_without_portability_gate,0,0,0,0,0
2019-04-20,US,xiaomi-hub,dib_without_portability_gate,0,0,0,0,0
2019-04-20,US,xiaomi-ricecooker,dib_without_portability_gate,0,0,0,0,0
2019-04-20,US,xiaomi-strip,dib_without_portability_gate,0,0,0,0,0
2019-04-20,US,yi-camera,dib_without_portability_gate,0,0,0,0,0
2019-04-20,US,zmodo-doorbell,dib_without_portability_gate,0,0,0,0,0
2019-04-20,UK,allure-speaker,dib,0,0,0,0,0
2019-04-20,UK,appletv,dib,13,0,0,0,13
2019-04-20,UK,blink-camera,dib,0,0,0,0,0
2019-04-20,UK,blink-security-hub,dib,0,0,0,0,0
2019-04-20,UK,bosiwo-camera-wifi,dib,0,0,0,0,0
2019-04-20,UK,bosiwo-camera-wired,dib,0,0,0,0,0
2019-04-20,UK,charger-camera,dib,0,0,0,0,0
2019-04-20,UK,echodot,dib,0,0,0,0,0
2019-04-20,UK,echoplus,dib,0,0,0,0,0
2019-04-20,UK,echospot,dib,0,0,0,0,0
2019-04-20,UK,firetv,dib,0,0,0,0,0
2019-04-20,UK,google-home,dib,0,0,0,0,0
2019-04-20,UK,google-home-mini,dib,0,0,0,0,0
2019-04-20,UK,honeywell-thermostat,dib,0,0,0,0,0
2019-04-20,UK,insteon-hub,dib,0,0,0,0,0
2019-04-20,UK,lightify-hub,dib,0,0,0,0,0
2019-04-20,UK,magichome-strip,dib,0,0,0,0,0
2019-04-20,UK,nest-tstat,dib,0,0,0,0,0
2019-04-20,UK,netatmo-weather,dib,0,0,0,0,0
2019-04-20,UK,philips-hue,dib,10,0,0,0,6
2019-04-20,UK,ring-doorbell,dib,0,0,0,0,0
2019-04-20,UK,roku-tv,dib,0,0,0,0,0
2019-04-20,UK,samsungtv-wired,dib,16,0,0,0,16
2019-04-20,UK,sengled-hub,dib,0,0,0,0,0
2019-04-20,UK,smarter-coffee-mach,dib,0,0,0,0,0
2019-04-20,UK,smartthings,dib,4,0,0,0,4
2019-04-20,UK,sousvide,dib,0,0,0,0,0
2019-04-20,UK,t-wemo-plug,dib,0,0,0,0,0
2019-04-20,UK,tp-link-plug,dib,0,0,0,0,0
2019-04-20,UK,tplink-bulb,dib,0,0,0,0,0
2019-04-20,UK,tplink-plug2,dib,0,0,0,0,0
2019-04-20,UK,wansview-cam-wired,dib,6,0,0,0,6
2019-04-20,UK,xiaomi-cam2,dib,0,0,0,0,0
2019-04-20,UK,xiaomi-cleaner,dib,0,0,0,0,0
2019-04-20,UK,xiaomi-hub,dib,0,0,0,0,0
2019-04-20,UK,xiaomi-plug,dib,0,0,0,0,0
2019-04-20,UK,yi-camera,dib,0,0,0,0,0
2019-04-20,UK,allure-speaker,pooled_union,0,0,0,0,0
2019-04-20,UK,appletv,pooled_union,89,0,0,0,70
2019-04-20,UK,blink-camera,pooled_union,0,0,0,0,0
2019-04-20,UK,blink-security-hub,pooled_union,0,0,0,0,0
2019-04-20,UK,bosiwo-camera-wifi,pooled_union,0,0,0,0,0
2019-04-20,UK,bosiwo-camera-wired,pooled_union,135,29,0,0,0
2019-04-20,UK,charger-camera,pooled_union,0,0,0,0,0
2019-04-20,UK,echodot,pooled_union,0,0,0,0,0
2019-04-20,UK,echoplus,pooled_union,0,0,0,0,0
2019-04-20,UK,echospot,pooled_union,0,0,0,0,0
2019-04-20,UK,firetv,pooled_union,0,0,0,0,0
2019-04-20,UK,google-home,pooled_union,0,0,0,0,0
2019-04-20,UK,google-home-mini,pooled_union,0,0,0,0,0
2019-04-20,UK,honeywell-thermostat,pooled_union,0,0,0,0,0
2019-04-20,UK,insteon-hub,pooled_union,13,0,0,0,8
2019-04-20,UK,lightify-hub,pooled_union,0,0,0,0,0
2019-04-20,UK,magichome-strip,pooled_union,0,0,0,0,0
2019-04-20,UK,nest-tstat,pooled_union,0,0,0,0,0
2019-04-20,UK,netatmo-weather,pooled_union,0,0,0,0,0
2019-04-20,UK,philips-hue,pooled_union,39,0,0,0,27
2019-04-20,UK,ring-doorbell,pooled_union,0,0,0,0,0
2019-04-20,UK,roku-tv,pooled_union,0,0,0,0,0
2019-04-20,UK,samsungtv-wired,pooled_union,225,0,0,0,121
2019-04-20,UK,sengled-hub,pooled_union,15,0,0,0,7
2019-04-20,UK,smarter-coffee-mach,pooled_union,0,0,0,0,0
2019-04-20,UK,smartthings,pooled_union,32,0,0,0,13
2019-04-20,UK,sousvide,pooled_union,0,0,0,0,0
2019-04-20,UK,t-wemo-plug,pooled_union,0,0,0,0,0
2019-04-20,UK,tp-link-plug,pooled_union,0,0,0,0,0
2019-04-20,UK,tplink-bulb,pooled_union,0,0,0,0,0
2019-04-20,UK,tplink-plug2,pooled_union,0,0,0,0,0
2019-04-20,UK,wansview-cam-wired,pooled_union,516,64,0,0,14
2019-04-20,UK,xiaomi-cam2,pooled_union,0,0,0,0,0
2019-04-20,UK,xiaomi-cleaner,pooled_union,0,0,0,0,0
2019-04-20,UK,xiaomi-hub,pooled_union,0,0,0,0,0
2019-04-20,UK,xiaomi-plug,pooled_union,0,0,0,0,0
2019-04-20,UK,yi-camera,pooled_union,0,0,0,0,0
2019-04-20,UK,allure-speaker,quorum_only,0,0,0,0,0
2019-04-20,UK,appletv,quorum_only,14,0,0,0,13
2019-04-20,UK,blink-camera,quorum_only,0,0,0,0,0
2019-04-20,UK,blink-security-hub,quorum_only,0,0,0,0,0
2019-04-20,UK,bosiwo-camera-wifi,quorum_only,0,0,0,0,0
2019-04-20,UK,bosiwo-camera-wired,quorum_only,0,0,0,0,0
2019-04-20,UK,charger-camera,quorum_only,0,0,0,0,0
2019-04-20,UK,echodot,quorum_only,0,0,0,0,0
2019-04-20,UK,echoplus,quorum_only,0,0,0,0,0
2019-04-20,UK,echospot,quorum_only,0,0,0,0,0
2019-04-20,UK,firetv,quorum_only,0,0,0,0,0
2019-04-20,UK,google-home,quorum_only,0,0,0,0,0
2019-04-20,UK,google-home-mini,quorum_only,0,0,0,0,0
2019-04-20,UK,honeywell-thermostat,quorum_only,0,0,0,0,0
2019-04-20,UK,insteon-hub,quorum_only,0,0,0,0,0
2019-04-20,UK,lightify-hub,quorum_only,0,0,0,0,0
2019-04-20,UK,magichome-strip,quorum_only,0,0,0,0,0
2019-04-20,UK,nest-tstat,quorum_only,0,0,0,0,0
2019-04-20,UK,netatmo-weather,quorum_only,0,0,0,0,0
2019-04-20,UK,philips-hue,quorum_only,17,0,0,0,10
2019-04-20,UK,ring-doorbell,quorum_only,0,0,0,0,0
2019-04-20,UK,roku-tv,quorum_only,0,0,0,0,0
2019-04-20,UK,samsungtv-wired,quorum_only,22,0,0,0,16
2019-04-20,UK,sengled-hub,quorum_only,0,0,0,0,0
2019-04-20,UK,smarter-coffee-mach,quorum_only,0,0,0,0,0
2019-04-20,UK,smartthings,quorum_only,6,1,0,0,4
2019-04-20,UK,sousvide,quorum_only,0,0,0,0,0
2019-04-20,UK,t-wemo-plug,quorum_only,0,0,0,0,0
2019-04-20,UK,tp-link-plug,quorum_only,0,0,0,0,0
2019-04-20,UK,tplink-bulb,quorum_only,0,0,0,0,0
2019-04-20,UK,tplink-plug2,quorum_only,0,0,0,0,0
2019-04-20,UK,wansview-cam-wired,quorum_only,12,0,0,0,6
2019-04-20,UK,xiaomi-cam2,quorum_only,0,0,0,0,0
2019-04-20,UK,xiaomi-cleaner,quorum_only,0,0,0,0,0
2019-04-20,UK,xiaomi-hub,quorum_only,0,0,0,0,0
2019-04-20,UK,xiaomi-plug,quorum_only,0,0,0,0,0
2019-04-20,UK,yi-camera,quorum_only,0,0,0,0,0
2019-04-20,UK,allure-speaker,majority,0,0,0,0,0
2019-04-20,UK,appletv,majority,89,0,0,0,70
2019-04-20,UK,blink-camera,majority,0,0,0,0,0
2019-04-20,UK,blink-security-hub,majority,0,0,0,0,0
2019-04-20,UK,bosiwo-camera-wifi,majority,0,0,0,0,0
2019-04-20,UK,bosiwo-camera-wired,majority,135,29,0,0,0
2019-04-20,UK,charger-camera,majority,0,0,0,0,0
2019-04-20,UK,echodot,majority,0,0,0,0,0
2019-04-20,UK,echoplus,majority,0,0,0,0,0
2019-04-20,UK,echospot,majority,0,0,0,0,0
2019-04-20,UK,firetv,majority,0,0,0,0,0
2019-04-20,UK,google-home,majority,0,0,0,0,0
2019-04-20,UK,google-home-mini,majority,0,0,0,0,0
2019-04-20,UK,honeywell-thermostat,majority,0,0,0,0,0
2019-04-20,UK,insteon-hub,majority,13,0,0,0,8
2019-04-20,UK,lightify-hub,majority,0,0,0,0,0
2019-04-20,UK,magichome-strip,majority,0,0,0,0,0
2019-04-20,UK,nest-tstat,majority,0,0,0,0,0
2019-04-20,UK,netatmo-weather,majority,0,0,0,0,0
2019-04-20,UK,philips-hue,majority,39,0,0,0,27
2019-04-20,UK,ring-doorbell,majority,0,0,0,0,0
2019-04-20,UK,roku-tv,majority,0,0,0,0,0
2019-04-20,UK,samsungtv-wired,majority,225,0,0,0,121
2019-04-20,UK,sengled-hub,majority,15,0,0,0,7
2019-04-20,UK,smarter-coffee-mach,majority,0,0,0,0,0
2019-04-20,UK,smartthings,majority,32,0,0,0,13
2019-04-20,UK,sousvide,majority,0,0,0,0,0
2019-04-20,UK,t-wemo-plug,majority,0,0,0,0,0
2019-04-20,UK,tp-link-plug,majority,0,0,0,0,0
2019-04-20,UK,tplink-bulb,majority,0,0,0,0,0
2019-04-20,UK,tplink-plug2,majority,0,0,0,0,0
2019-04-20,UK,wansview-cam-wired,majority,516,64,0,0,14
2019-04-20,UK,xiaomi-cam2,majority,0,0,0,0,0
2019-04-20,UK,xiaomi-cleaner,majority,0,0,0,0,0
2019-04-20,UK,xiaomi-hub,majority,0,0,0,0,0
2019-04-20,UK,xiaomi-plug,majority,0,0,0,0,0
2019-04-20,UK,yi-camera,majority,0,0,0,0,0
2019-04-20,UK,allure-speaker,dib_without_portability_gate,0,0,0,0,0
2019-04-20,UK,appletv,dib_without_portability_gate,14,0,0,0,13
2019-04-20,UK,blink-camera,dib_without_portability_gate,0,0,0,0,0
2019-04-20,UK,blink-security-hub,dib_without_portability_gate,0,0,0,0,0
2019-04-20,UK,bosiwo-camera-wifi,dib_without_portability_gate,0,0,0,0,0
2019-04-20,UK,bosiwo-camera-wired,dib_without_portability_gate,0,0,0,0,0
2019-04-20,UK,charger-camera,dib_without_portability_gate,0,0,0,0,0
2019-04-20,UK,echodot,dib_without_portability_gate,0,0,0,0,0
2019-04-20,UK,echoplus,dib_without_portability_gate,0,0,0,0,0
2019-04-20,UK,echospot,dib_without_portability_gate,0,0,0,0,0
2019-04-20,UK,firetv,dib_without_portability_gate,0,0,0,0,0
2019-04-20,UK,google-home,dib_without_portability_gate,0,0,0,0,0
2019-04-20,UK,google-home-mini,dib_without_portability_gate,0,0,0,0,0
2019-04-20,UK,honeywell-thermostat,dib_without_portability_gate,0,0,0,0,0
2019-04-20,UK,insteon-hub,dib_without_portability_gate,0,0,0,0,0
2019-04-20,UK,lightify-hub,dib_without_portability_gate,0,0,0,0,0
2019-04-20,UK,magichome-strip,dib_without_portability_gate,0,0,0,0,0
2019-04-20,UK,nest-tstat,dib_without_portability_gate,0,0,0,0,0
2019-04-20,UK,netatmo-weather,dib_without_portability_gate,0,0,0,0,0
2019-04-20,UK,philips-hue,dib_without_portability_gate,13,0,0,0,6
2019-04-20,UK,ring-doorbell,dib_without_portability_gate,0,0,0,0,0
2019-04-20,UK,roku-tv,dib_without_portability_gate,0,0,0,0,0
2019-04-20,UK,samsungtv-wired,dib_without_portability_gate,22,0,0,0,16
2019-04-20,UK,sengled-hub,dib_without_portability_gate,0,0,0,0,0
2019-04-20,UK,smarter-coffee-mach,dib_without_portability_gate,0,0,0,0,0
2019-04-20,UK,smartthings,dib_without_portability_gate,5,0,0,0,4
2019-04-20,UK,sousvide,dib_without_portability_gate,0,0,0,0,0
2019-04-20,UK,t-wemo-plug,dib_without_portability_gate,0,0,0,0,0
2019-04-20,UK,tp-link-plug,dib_without_portability_gate,0,0,0,0,0
2019-04-20,UK,tplink-bulb,dib_without_portability_gate,0,0,0,0,0
2019-04-20,UK,tplink-plug2,dib_without_portability_gate,0,0,0,0,0
2019-04-20,UK,wansview-cam-wired,dib_without_portability_gate,8,0,0,0,6
2019-04-20,UK,xiaomi-cam2,dib_without_portability_gate,0,0,0,0,0
2019-04-20,UK,xiaomi-cleaner,dib_without_portability_gate,0,0,0,0,0
2019-04-20,UK,xiaomi-hub,dib_without_portability_gate,0,0,0,0,0
2019-04-20,UK,xiaomi-plug,dib_without_portability_gate,0,0,0,0,0
2019-04-20,UK,yi-camera,dib_without_portability_gate,0,0,0,0,0
2019-04-21,US,amcrest-cam-wired,dib,0,0,0,0,0
2019-04-21,US,appletv,dib,13,0,0,0,13
2019-04-21,US,blink-camera,dib,0,0,0,0,0
2019-04-21,US,blink-security-hub,dib,0,0,0,0,0
2019-04-21,US,brewer,dib,0,0,0,0,0
2019-04-21,US,bulb1,dib,0,0,0,0,0
2019-04-21,US,cloudcam,dib,0,0,0,0,0
2019-04-21,US,dlink-mov,dib,0,0,0,0,0
2019-04-21,US,dryer,dib,0,0,0,0,0
2019-04-21,US,echodot,dib,0,0,0,0,0
2019-04-21,US,echoplus,dib,0,0,0,0,0
2019-04-21,US,echospot,dib,0,0,0,0,0
2019-04-21,US,firetv,dib,0,0,0,0,0
2019-04-21,US,fridge,dib,0,0,0,0,0
2019-04-21,US,google-home-mini,dib,0,0,0,0,0
2019-04-21,US,google-home-mini2,dib,0,0,0,0,0
2019-04-21,US,ikettle,dib,0,0,0,0,0
2019-04-21,US,insteon-hub,dib,0,0,0,0,0
2019-04-21,US,invoke,dib,0,0,0,0,0
2019-04-21,US,lefun-cam-wired,dib,0,0,0,0,0
2019-04-21,US,lgtv-wired,dib,0,0,0,0,0
2019-04-21,US,lightify-hub,dib,0,0,0,0,0
2019-04-21,US,luohe-spycam,dib,0,0,0,0,0
2019-04-21,US,magichome-strip,dib,0,0,0,0,0
2019-04-21,US,microseven-camera,dib,0,0,0,0,0
2019-04-21,US,microwave,dib,0,0,0,0,0
2019-04-21,US,nest-tstat,dib,0,0,0,0,0
2019-04-21,US,philips-hue,dib,10,0,0,0,6
2019-04-21,US,ring-doorbell,dib,0,0,0,0,0
2019-04-21,US,roku-tv,dib,0,0,0,0,0
2019-04-21,US,samsungtv-wired,dib,16,0,0,0,16
2019-04-21,US,sengled-hub,dib,0,0,0,0,0
2019-04-21,US,smartthings,dib,4,0,0,0,4
2019-04-21,US,sousvide,dib,0,0,0,0,0
2019-04-21,US,t-echodot,dib,0,0,0,0,0
2019-04-21,US,t-smartthings-hub,dib,0,0,0,0,0
2019-04-21,US,t-wemo-plug,dib,0,0,0,0,0
2019-04-21,US,tp-link-plug,dib,0,0,0,0,0
2019-04-21,US,tplink-bulb,dib,0,0,0,0,0
2019-04-21,US,wansview-cam-wired,dib,6,0,0,0,6
2019-04-21,US,washer,dib,0,0,0,0,0
2019-04-21,US,wink-hub2,dib,0,0,0,0,0
2019-04-21,US,xiaomi-cleaner,dib,0,0,0,0,0
2019-04-21,US,xiaomi-hub,dib,0,0,0,0,0
2019-04-21,US,xiaomi-ricecooker,dib,0,0,0,0,0
2019-04-21,US,xiaomi-strip,dib,0,0,0,0,0
2019-04-21,US,yi-camera,dib,0,0,0,0,0
2019-04-21,US,zmodo-doorbell,dib,0,0,0,0,0
2019-04-21,US,amcrest-cam-wired,pooled_union,7321,0,0,0,12
2019-04-21,US,appletv,pooled_union,89,0,0,0,70
2019-04-21,US,blink-camera,pooled_union,0,0,0,0,0
2019-04-21,US,blink-security-hub,pooled_union,0,0,0,0,0
2019-04-21,US,brewer,pooled_union,0,0,0,0,0
2019-04-21,US,bulb1,pooled_union,0,0,0,0,0
2019-04-21,US,cloudcam,pooled_union,0,0,0,0,0
2019-04-21,US,dlink-mov,pooled_union,0,0,0,0,0
2019-04-21,US,dryer,pooled_union,0,0,0,0,0
2019-04-21,US,echodot,pooled_union,0,0,0,0,0
2019-04-21,US,echoplus,pooled_union,0,0,0,0,0
2019-04-21,US,echospot,pooled_union,0,0,0,0,0
2019-04-21,US,firetv,pooled_union,0,0,0,0,0
2019-04-21,US,fridge,pooled_union,0,0,0,0,0
2019-04-21,US,google-home-mini,pooled_union,0,0,0,0,0
2019-04-21,US,google-home-mini2,pooled_union,0,0,0,0,0
2019-04-21,US,ikettle,pooled_union,0,0,0,0,0
2019-04-21,US,insteon-hub,pooled_union,13,0,0,0,8
2019-04-21,US,invoke,pooled_union,0,0,0,0,0
2019-04-21,US,lefun-cam-wired,pooled_union,145,0,0,0,0
2019-04-21,US,lgtv-wired,pooled_union,66,0,0,0,37
2019-04-21,US,lightify-hub,pooled_union,0,0,0,0,0
2019-04-21,US,luohe-spycam,pooled_union,0,0,0,0,0
2019-04-21,US,magichome-strip,pooled_union,0,0,0,0,0
2019-04-21,US,microseven-camera,pooled_union,6,0,0,0,5
2019-04-21,US,microwave,pooled_union,0,0,0,0,0
2019-04-21,US,nest-tstat,pooled_union,0,0,0,0,0
2019-04-21,US,philips-hue,pooled_union,39,0,0,0,27
2019-04-21,US,ring-doorbell,pooled_union,0,0,0,0,0
2019-04-21,US,roku-tv,pooled_union,0,0,0,0,0
2019-04-21,US,samsungtv-wired,pooled_union,225,0,0,0,121
2019-04-21,US,sengled-hub,pooled_union,15,0,0,0,7
2019-04-21,US,smartthings,pooled_union,33,1,0,0,13
2019-04-21,US,sousvide,pooled_union,0,0,0,0,0
2019-04-21,US,t-echodot,pooled_union,0,0,0,0,0
2019-04-21,US,t-smartthings-hub,pooled_union,0,0,0,0,0
2019-04-21,US,t-wemo-plug,pooled_union,0,0,0,0,0
2019-04-21,US,tp-link-plug,pooled_union,0,0,0,0,0
2019-04-21,US,tplink-bulb,pooled_union,0,0,0,0,0
2019-04-21,US,wansview-cam-wired,pooled_union,567,51,0,0,14
2019-04-21,US,washer,pooled_union,0,0,0,0,0
2019-04-21,US,wink-hub2,pooled_union,37,0,0,0,12
2019-04-21,US,xiaomi-cleaner,pooled_union,0,0,0,0,0
2019-04-21,US,xiaomi-hub,pooled_union,0,0,0,0,0
2019-04-21,US,xiaomi-ricecooker,pooled_union,0,0,0,0,0
2019-04-21,US,xiaomi-strip,pooled_union,0,0,0,0,0
2019-04-21,US,yi-camera,pooled_union,0,0,0,0,0
2019-04-21,US,zmodo-doorbell,pooled_union,0,0,0,0,0
2019-04-21,US,amcrest-cam-wired,quorum_only,0,0,0,0,0
2019-04-21,US,appletv,quorum_only,14,0,0,0,13
2019-04-21,US,blink-camera,quorum_only,0,0,0,0,0
2019-04-21,US,blink-security-hub,quorum_only,0,0,0,0,0
2019-04-21,US,brewer,quorum_only,0,0,0,0,0
2019-04-21,US,bulb1,quorum_only,0,0,0,0,0
2019-04-21,US,cloudcam,quorum_only,0,0,0,0,0
2019-04-21,US,dlink-mov,quorum_only,0,0,0,0,0
2019-04-21,US,dryer,quorum_only,0,0,0,0,0
2019-04-21,US,echodot,quorum_only,0,0,0,0,0
2019-04-21,US,echoplus,quorum_only,0,0,0,0,0
2019-04-21,US,echospot,quorum_only,0,0,0,0,0
2019-04-21,US,firetv,quorum_only,0,0,0,0,0
2019-04-21,US,fridge,quorum_only,0,0,0,0,0
2019-04-21,US,google-home-mini,quorum_only,0,0,0,0,0
2019-04-21,US,google-home-mini2,quorum_only,0,0,0,0,0
2019-04-21,US,ikettle,quorum_only,0,0,0,0,0
2019-04-21,US,insteon-hub,quorum_only,0,0,0,0,0
2019-04-21,US,invoke,quorum_only,0,0,0,0,0
2019-04-21,US,lefun-cam-wired,quorum_only,0,0,0,0,0
2019-04-21,US,lgtv-wired,quorum_only,0,0,0,0,0
2019-04-21,US,lightify-hub,quorum_only,0,0,0,0,0
2019-04-21,US,luohe-spycam,quorum_only,0,0,0,0,0
2019-04-21,US,magichome-strip,quorum_only,0,0,0,0,0
2019-04-21,US,microseven-camera,quorum_only,0,0,0,0,0
2019-04-21,US,microwave,quorum_only,0,0,0,0,0
2019-04-21,US,nest-tstat,quorum_only,0,0,0,0,0
2019-04-21,US,philips-hue,quorum_only,17,0,0,0,10
2019-04-21,US,ring-doorbell,quorum_only,0,0,0,0,0
2019-04-21,US,roku-tv,quorum_only,0,0,0,0,0
2019-04-21,US,samsungtv-wired,quorum_only,22,0,0,0,16
2019-04-21,US,sengled-hub,quorum_only,0,0,0,0,0
2019-04-21,US,smartthings,quorum_only,6,0,0,0,4
2019-04-21,US,sousvide,quorum_only,0,0,0,0,0
2019-04-21,US,t-echodot,quorum_only,0,0,0,0,0
2019-04-21,US,t-smartthings-hub,quorum_only,0,0,0,0,0
2019-04-21,US,t-wemo-plug,quorum_only,0,0,0,0,0
2019-04-21,US,tp-link-plug,quorum_only,0,0,0,0,0
2019-04-21,US,tplink-bulb,quorum_only,0,0,0,0,0
2019-04-21,US,wansview-cam-wired,quorum_only,13,1,0,0,6
2019-04-21,US,washer,quorum_only,0,0,0,0,0
2019-04-21,US,wink-hub2,quorum_only,0,0,0,0,0
2019-04-21,US,xiaomi-cleaner,quorum_only,0,0,0,0,0
2019-04-21,US,xiaomi-hub,quorum_only,0,0,0,0,0
2019-04-21,US,xiaomi-ricecooker,quorum_only,0,0,0,0,0
2019-04-21,US,xiaomi-strip,quorum_only,0,0,0,0,0
2019-04-21,US,yi-camera,quorum_only,0,0,0,0,0
2019-04-21,US,zmodo-doorbell,quorum_only,0,0,0,0,0
2019-04-21,US,amcrest-cam-wired,majority,7321,0,0,0,12
2019-04-21,US,appletv,majority,89,0,0,0,70
2019-04-21,US,blink-camera,majority,0,0,0,0,0
2019-04-21,US,blink-security-hub,majority,0,0,0,0,0
2019-04-21,US,brewer,majority,0,0,0,0,0
2019-04-21,US,bulb1,majority,0,0,0,0,0
2019-04-21,US,cloudcam,majority,0,0,0,0,0
2019-04-21,US,dlink-mov,majority,0,0,0,0,0
2019-04-21,US,dryer,majority,0,0,0,0,0
2019-04-21,US,echodot,majority,0,0,0,0,0
2019-04-21,US,echoplus,majority,0,0,0,0,0
2019-04-21,US,echospot,majority,0,0,0,0,0
2019-04-21,US,firetv,majority,0,0,0,0,0
2019-04-21,US,fridge,majority,0,0,0,0,0
2019-04-21,US,google-home-mini,majority,0,0,0,0,0
2019-04-21,US,google-home-mini2,majority,0,0,0,0,0
2019-04-21,US,ikettle,majority,0,0,0,0,0
2019-04-21,US,insteon-hub,majority,13,0,0,0,8
2019-04-21,US,invoke,majority,0,0,0,0,0
2019-04-21,US,lefun-cam-wired,majority,145,0,0,0,0
2019-04-21,US,lgtv-wired,majority,66,0,0,0,37
2019-04-21,US,lightify-hub,majority,0,0,0,0,0
2019-04-21,US,luohe-spycam,majority,0,0,0,0,0
2019-04-21,US,magichome-strip,majority,0,0,0,0,0
2019-04-21,US,microseven-camera,majority,6,0,0,0,5
2019-04-21,US,microwave,majority,0,0,0,0,0
2019-04-21,US,nest-tstat,majority,0,0,0,0,0
2019-04-21,US,philips-hue,majority,39,0,0,0,27
2019-04-21,US,ring-doorbell,majority,0,0,0,0,0
2019-04-21,US,roku-tv,majority,0,0,0,0,0
2019-04-21,US,samsungtv-wired,majority,225,0,0,0,121
2019-04-21,US,sengled-hub,majority,15,0,0,0,7
2019-04-21,US,smartthings,majority,33,1,0,0,13
2019-04-21,US,sousvide,majority,0,0,0,0,0
2019-04-21,US,t-echodot,majority,0,0,0,0,0
2019-04-21,US,t-smartthings-hub,majority,0,0,0,0,0
2019-04-21,US,t-wemo-plug,majority,0,0,0,0,0
2019-04-21,US,tp-link-plug,majority,0,0,0,0,0
2019-04-21,US,tplink-bulb,majority,0,0,0,0,0
2019-04-21,US,wansview-cam-wired,majority,567,51,0,0,14
2019-04-21,US,washer,majority,0,0,0,0,0
2019-04-21,US,wink-hub2,majority,37,0,0,0,12
2019-04-21,US,xiaomi-cleaner,majority,0,0,0,0,0
2019-04-21,US,xiaomi-hub,majority,0,0,0,0,0
2019-04-21,US,xiaomi-ricecooker,majority,0,0,0,0,0
2019-04-21,US,xiaomi-strip,majority,0,0,0,0,0
2019-04-21,US,yi-camera,majority,0,0,0,0,0
2019-04-21,US,zmodo-doorbell,majority,0,0,0,0,0
2019-04-21,US,amcrest-cam-wired,dib_without_portability_gate,0,0,0,0,0
2019-04-21,US,appletv,dib_without_portability_gate,14,0,0,0,13
2019-04-21,US,blink-camera,dib_without_portability_gate,0,0,0,0,0
2019-04-21,US,blink-security-hub,dib_without_portability_gate,0,0,0,0,0
2019-04-21,US,brewer,dib_without_portability_gate,0,0,0,0,0
2019-04-21,US,bulb1,dib_without_portability_gate,0,0,0,0,0
2019-04-21,US,cloudcam,dib_without_portability_gate,0,0,0,0,0
2019-04-21,US,dlink-mov,dib_without_portability_gate,0,0,0,0,0
2019-04-21,US,dryer,dib_without_portability_gate,0,0,0,0,0
2019-04-21,US,echodot,dib_without_portability_gate,0,0,0,0,0
2019-04-21,US,echoplus,dib_without_portability_gate,0,0,0,0,0
2019-04-21,US,echospot,dib_without_portability_gate,0,0,0,0,0
2019-04-21,US,firetv,dib_without_portability_gate,0,0,0,0,0
2019-04-21,US,fridge,dib_without_portability_gate,0,0,0,0,0
2019-04-21,US,google-home-mini,dib_without_portability_gate,0,0,0,0,0
2019-04-21,US,google-home-mini2,dib_without_portability_gate,0,0,0,0,0
2019-04-21,US,ikettle,dib_without_portability_gate,0,0,0,0,0
2019-04-21,US,insteon-hub,dib_without_portability_gate,0,0,0,0,0
2019-04-21,US,invoke,dib_without_portability_gate,0,0,0,0,0
2019-04-21,US,lefun-cam-wired,dib_without_portability_gate,0,0,0,0,0
2019-04-21,US,lgtv-wired,dib_without_portability_gate,0,0,0,0,0
2019-04-21,US,lightify-hub,dib_without_portability_gate,0,0,0,0,0
2019-04-21,US,luohe-spycam,dib_without_portability_gate,0,0,0,0,0
2019-04-21,US,magichome-strip,dib_without_portability_gate,0,0,0,0,0
2019-04-21,US,microseven-camera,dib_without_portability_gate,0,0,0,0,0
2019-04-21,US,microwave,dib_without_portability_gate,0,0,0,0,0
2019-04-21,US,nest-tstat,dib_without_portability_gate,0,0,0,0,0
2019-04-21,US,philips-hue,dib_without_portability_gate,13,0,0,0,6
2019-04-21,US,ring-doorbell,dib_without_portability_gate,0,0,0,0,0
2019-04-21,US,roku-tv,dib_without_portability_gate,0,0,0,0,0
2019-04-21,US,samsungtv-wired,dib_without_portability_gate,22,0,0,0,16
2019-04-21,US,sengled-hub,dib_without_portability_gate,0,0,0,0,0
2019-04-21,US,smartthings,dib_without_portability_gate,5,0,0,0,4
2019-04-21,US,sousvide,dib_without_portability_gate,0,0,0,0,0
2019-04-21,US,t-echodot,dib_without_portability_gate,0,0,0,0,0
2019-04-21,US,t-smartthings-hub,dib_without_portability_gate,0,0,0,0,0
2019-04-21,US,t-wemo-plug,dib_without_portability_gate,0,0,0,0,0
2019-04-21,US,tp-link-plug,dib_without_portability_gate,0,0,0,0,0
2019-04-21,US,tplink-bulb,dib_without_portability_gate,0,0,0,0,0
2019-04-21,US,wansview-cam-wired,dib_without_portability_gate,8,0,0,0,6
2019-04-21,US,washer,dib_without_portability_gate,0,0,0,0,0
2019-04-21,US,wink-hub2,dib_without_portability_gate,0,0,0,0,0
2019-04-21,US,xiaomi-cleaner,dib_without_portability_gate,0,0,0,0,0
2019-04-21,US,xiaomi-hub,dib_without_portability_gate,0,0,0,0,0
2019-04-21,US,xiaomi-ricecooker,dib_without_portability_gate,0,0,0,0,0
2019-04-21,US,xiaomi-strip,dib_without_portability_gate,0,0,0,0,0
2019-04-21,US,yi-camera,dib_without_portability_gate,0,0,0,0,0
2019-04-21,US,zmodo-doorbell,dib_without_portability_gate,0,0,0,0,0
2019-04-21,UK,allure-speaker,dib,0,0,0,0,0
2019-04-21,UK,appletv,dib,13,0,0,0,13
2019-04-21,UK,blink-camera,dib,0,0,0,0,0
2019-04-21,UK,blink-security-hub,dib,0,0,0,0,0
2019-04-21,UK,bosiwo-camera-wifi,dib,0,0,0,0,0
2019-04-21,UK,bosiwo-camera-wired,dib,0,0,0,0,0
2019-04-21,UK,charger-camera,dib,0,0,0,0,0
2019-04-21,UK,echodot,dib,0,0,0,0,0
2019-04-21,UK,echoplus,dib,0,0,0,0,0
2019-04-21,UK,echospot,dib,0,0,0,0,0
2019-04-21,UK,firetv,dib,0,0,0,0,0
2019-04-21,UK,google-home,dib,0,0,0,0,0
2019-04-21,UK,google-home-mini,dib,0,0,0,0,0
2019-04-21,UK,honeywell-thermostat,dib,0,0,0,0,0
2019-04-21,UK,insteon-hub,dib,0,0,0,0,0
2019-04-21,UK,lightify-hub,dib,0,0,0,0,0
2019-04-21,UK,magichome-strip,dib,0,0,0,0,0
2019-04-21,UK,nest-tstat,dib,0,0,0,0,0
2019-04-21,UK,netatmo-weather,dib,0,0,0,0,0
2019-04-21,UK,philips-hue,dib,10,0,0,0,6
2019-04-21,UK,ring-doorbell,dib,0,0,0,0,0
2019-04-21,UK,roku-tv,dib,0,0,0,0,0
2019-04-21,UK,samsungtv-wired,dib,16,0,0,0,16
2019-04-21,UK,sengled-hub,dib,0,0,0,0,0
2019-04-21,UK,smarter-coffee-mach,dib,0,0,0,0,0
2019-04-21,UK,smartthings,dib,4,0,0,0,4
2019-04-21,UK,sousvide,dib,0,0,0,0,0
2019-04-21,UK,t-wemo-plug,dib,0,0,0,0,0
2019-04-21,UK,tp-link-plug,dib,0,0,0,0,0
2019-04-21,UK,tplink-bulb,dib,0,0,0,0,0
2019-04-21,UK,tplink-plug2,dib,0,0,0,0,0
2019-04-21,UK,wansview-cam-wired,dib,6,0,0,0,6
2019-04-21,UK,xiaomi-cam2,dib,0,0,0,0,0
2019-04-21,UK,xiaomi-cleaner,dib,0,0,0,0,0
2019-04-21,UK,xiaomi-hub,dib,0,0,0,0,0
2019-04-21,UK,xiaomi-plug,dib,0,0,0,0,0
2019-04-21,UK,yi-camera,dib,0,0,0,0,0
2019-04-21,UK,allure-speaker,pooled_union,0,0,0,0,0
2019-04-21,UK,appletv,pooled_union,89,0,0,0,70
2019-04-21,UK,blink-camera,pooled_union,0,0,0,0,0
2019-04-21,UK,blink-security-hub,pooled_union,0,0,0,0,0
2019-04-21,UK,bosiwo-camera-wifi,pooled_union,0,0,0,0,0
2019-04-21,UK,bosiwo-camera-wired,pooled_union,159,24,0,0,0
2019-04-21,UK,charger-camera,pooled_union,0,0,0,0,0
2019-04-21,UK,echodot,pooled_union,0,0,0,0,0
2019-04-21,UK,echoplus,pooled_union,0,0,0,0,0
2019-04-21,UK,echospot,pooled_union,0,0,0,0,0
2019-04-21,UK,firetv,pooled_union,0,0,0,0,0
2019-04-21,UK,google-home,pooled_union,0,0,0,0,0
2019-04-21,UK,google-home-mini,pooled_union,0,0,0,0,0
2019-04-21,UK,honeywell-thermostat,pooled_union,0,0,0,0,0
2019-04-21,UK,insteon-hub,pooled_union,13,0,0,0,8
2019-04-21,UK,lightify-hub,pooled_union,0,0,0,0,0
2019-04-21,UK,magichome-strip,pooled_union,0,0,0,0,0
2019-04-21,UK,nest-tstat,pooled_union,0,0,0,0,0
2019-04-21,UK,netatmo-weather,pooled_union,0,0,0,0,0
2019-04-21,UK,philips-hue,pooled_union,39,0,0,0,27
2019-04-21,UK,ring-doorbell,pooled_union,0,0,0,0,0
2019-04-21,UK,roku-tv,pooled_union,0,0,0,0,0
2019-04-21,UK,samsungtv-wired,pooled_union,225,0,0,0,121
2019-04-21,UK,sengled-hub,pooled_union,15,0,0,0,7
2019-04-21,UK,smarter-coffee-mach,pooled_union,0,0,0,0,0
2019-04-21,UK,smartthings,pooled_union,33,1,0,0,13
2019-04-21,UK,sousvide,pooled_union,0,0,0,0,0
2019-04-21,UK,t-wemo-plug,pooled_union,0,0,0,0,0
2019-04-21,UK,tp-link-plug,pooled_union,0,0,0,0,0
2019-04-21,UK,tplink-bulb,pooled_union,0,0,0,0,0
2019-04-21,UK,tplink-plug2,pooled_union,0,0,0,0,0
2019-04-21,UK,wansview-cam-wired,pooled_union,567,51,0,0,14
2019-04-21,UK,xiaomi-cam2,pooled_union,0,0,0,0,0
2019-04-21,UK,xiaomi-cleaner,pooled_union,0,0,0,0,0
2019-04-21,UK,xiaomi-hub,pooled_union,0,0,0,0,0
2019-04-21,UK,xiaomi-plug,pooled_union,0,0,0,0,0
2019-04-21,UK,yi-camera,pooled_union,0,0,0,0,0
2019-04-21,UK,allure-speaker,quorum_only,0,0,0,0,0
2019-04-21,UK,appletv,quorum_only,14,0,0,0,13
2019-04-21,UK,blink-camera,quorum_only,0,0,0,0,0
2019-04-21,UK,blink-security-hub,quorum_only,0,0,0,0,0
2019-04-21,UK,bosiwo-camera-wifi,quorum_only,0,0,0,0,0
2019-04-21,UK,bosiwo-camera-wired,quorum_only,0,0,0,0,0
2019-04-21,UK,charger-camera,quorum_only,0,0,0,0,0
2019-04-21,UK,echodot,quorum_only,0,0,0,0,0
2019-04-21,UK,echoplus,quorum_only,0,0,0,0,0
2019-04-21,UK,echospot,quorum_only,0,0,0,0,0
2019-04-21,UK,firetv,quorum_only,0,0,0,0,0
2019-04-21,UK,google-home,quorum_only,0,0,0,0,0
2019-04-21,UK,google-home-mini,quorum_only,0,0,0,0,0
2019-04-21,UK,honeywell-thermostat,quorum_only,0,0,0,0,0
2019-04-21,UK,insteon-hub,quorum_only,0,0,0,0,0
2019-04-21,UK,lightify-hub,quorum_only,0,0,0,0,0
2019-04-21,UK,magichome-strip,quorum_only,0,0,0,0,0
2019-04-21,UK,nest-tstat,quorum_only,0,0,0,0,0
2019-04-21,UK,netatmo-weather,quorum_only,0,0,0,0,0
2019-04-21,UK,philips-hue,quorum_only,17,0,0,0,10
2019-04-21,UK,ring-doorbell,quorum_only,0,0,0,0,0
2019-04-21,UK,roku-tv,quorum_only,0,0,0,0,0
2019-04-21,UK,samsungtv-wired,quorum_only,22,0,0,0,16
2019-04-21,UK,sengled-hub,quorum_only,0,0,0,0,0
2019-04-21,UK,smarter-coffee-mach,quorum_only,0,0,0,0,0
2019-04-21,UK,smartthings,quorum_only,6,0,0,0,4
2019-04-21,UK,sousvide,quorum_only,0,0,0,0,0
2019-04-21,UK,t-wemo-plug,quorum_only,0,0,0,0,0
2019-04-21,UK,tp-link-plug,quorum_only,0,0,0,0,0
2019-04-21,UK,tplink-bulb,quorum_only,0,0,0,0,0
2019-04-21,UK,tplink-plug2,quorum_only,0,0,0,0,0
2019-04-21,UK,wansview-cam-wired,quorum_only,13,1,0,0,6
2019-04-21,UK,xiaomi-cam2,quorum_only,0,0,0,0,0
2019-04-21,UK,xiaomi-cleaner,quorum_only,0,0,0,0,0
2019-04-21,UK,xiaomi-hub,quorum_only,0,0,0,0,0
2019-04-21,UK,xiaomi-plug,quorum_only,0,0,0,0,0
2019-04-21,UK,yi-camera,quorum_only,0,0,0,0,0
2019-04-21,UK,allure-speaker,majority,0,0,0,0,0
2019-04-21,UK,appletv,majority,89,0,0,0,70
2019-04-21,UK,blink-camera,majority,0,0,0,0,0
2019-04-21,UK,blink-security-hub,majority,0,0,0,0,0
2019-04-21,UK,bosiwo-camera-wifi,majority,0,0,0,0,0
2019-04-21,UK,bosiwo-camera-wired,majority,159,24,0,0,0
2019-04-21,UK,charger-camera,majority,0,0,0,0,0
2019-04-21,UK,echodot,majority,0,0,0,0,0
2019-04-21,UK,echoplus,majority,0,0,0,0,0
2019-04-21,UK,echospot,majority,0,0,0,0,0
2019-04-21,UK,firetv,majority,0,0,0,0,0
2019-04-21,UK,google-home,majority,0,0,0,0,0
2019-04-21,UK,google-home-mini,majority,0,0,0,0,0
2019-04-21,UK,honeywell-thermostat,majority,0,0,0,0,0
2019-04-21,UK,insteon-hub,majority,13,0,0,0,8
2019-04-21,UK,lightify-hub,majority,0,0,0,0,0
2019-04-21,UK,magichome-strip,majority,0,0,0,0,0
2019-04-21,UK,nest-tstat,majority,0,0,0,0,0
2019-04-21,UK,netatmo-weather,majority,0,0,0,0,0
2019-04-21,UK,philips-hue,majority,39,0,0,0,27
2019-04-21,UK,ring-doorbell,majority,0,0,0,0,0
2019-04-21,UK,roku-tv,majority,0,0,0,0,0
2019-04-21,UK,samsungtv-wired,majority,225,0,0,0,121
2019-04-21,UK,sengled-hub,majority,15,0,0,0,7
2019-04-21,UK,smarter-coffee-mach,majority,0,0,0,0,0
2019-04-21,UK,smartthings,majority,33,1,0,0,13
2019-04-21,UK,sousvide,majority,0,0,0,0,0
2019-04-21,UK,t-wemo-plug,majority,0,0,0,0,0
2019-04-21,UK,tp-link-plug,majority,0,0,0,0,0
2019-04-21,UK,tplink-bulb,majority,0,0,0,0,0
2019-04-21,UK,tplink-plug2,majority,0,0,0,0,0
2019-04-21,UK,wansview-cam-wired,majority,567,51,0,0,14
2019-04-21,UK,xiaomi-cam2,majority,0,0,0,0,0
2019-04-21,UK,xiaomi-cleaner,majority,0,0,0,0,0
2019-04-21,UK,xiaomi-hub,majority,0,0,0,0,0
2019-04-21,UK,xiaomi-plug,majority,0,0,0,0,0
2019-04-21,UK,yi-camera,majority,0,0,0,0,0
2019-04-21,UK,allure-speaker,dib_without_portability_gate,0,0,0,0,0
2019-04-21,UK,appletv,dib_without_portability_gate,14,0,0,0,13
2019-04-21,UK,blink-camera,dib_without_portability_gate,0,0,0,0,0
2019-04-21,UK,blink-security-hub,dib_without_portability_gate,0,0,0,0,0
2019-04-21,UK,bosiwo-camera-wifi,dib_without_portability_gate,0,0,0,0,0
2019-04-21,UK,bosiwo-camera-wired,dib_without_portability_gate,0,0,0,0,0
2019-04-21,UK,charger-camera,dib_without_portability_gate,0,0,0,0,0
2019-04-21,UK,echodot,dib_without_portability_gate,0,0,0,0,0
2019-04-21,UK,echoplus,dib_without_portability_gate,0,0,0,0,0
2019-04-21,UK,echospot,dib_without_portability_gate,0,0,0,0,0
2019-04-21,UK,firetv,dib_without_portability_gate,0,0,0,0,0
2019-04-21,UK,google-home,dib_without_portability_gate,0,0,0,0,0
2019-04-21,UK,google-home-mini,dib_without_portability_gate,0,0,0,0,0
2019-04-21,UK,honeywell-thermostat,dib_without_portability_gate,0,0,0,0,0
2019-04-21,UK,insteon-hub,dib_without_portability_gate,0,0,0,0,0
2019-04-21,UK,lightify-hub,dib_without_portability_gate,0,0,0,0,0
2019-04-21,UK,magichome-strip,dib_without_portability_gate,0,0,0,0,0
2019-04-21,UK,nest-tstat,dib_without_portability_gate,0,0,0,0,0
2019-04-21,UK,netatmo-weather,dib_without_portability_gate,0,0,0,0,0
2019-04-21,UK,philips-hue,dib_without_portability_gate,13,0,0,0,6
2019-04-21,UK,ring-doorbell,dib_without_portability_gate,0,0,0,0,0
2019-04-21,UK,roku-tv,dib_without_portability_gate,0,0,0,0,0
2019-04-21,UK,samsungtv-wired,dib_without_portability_gate,22,0,0,0,16
2019-04-21,UK,sengled-hub,dib_without_portability_gate,0,0,0,0,0
2019-04-21,UK,smarter-coffee-mach,dib_without_portability_gate,0,0,0,0,0
2019-04-21,UK,smartthings,dib_without_portability_gate,5,0,0,0,4
2019-04-21,UK,sousvide,dib_without_portability_gate,0,0,0,0,0
2019-04-21,UK,t-wemo-plug,dib_without_portability_gate,0,0,0,0,0
2019-04-21,UK,tp-link-plug,dib_without_portability_gate,0,0,0,0,0
2019-04-21,UK,tplink-bulb,dib_without_portability_gate,0,0,0,0,0
2019-04-21,UK,tplink-plug2,dib_without_portability_gate,0,0,0,0,0
2019-04-21,UK,wansview-cam-wired,dib_without_portability_gate,8,0,0,0,6
2019-04-21,UK,xiaomi-cam2,dib_without_portability_gate,0,0,0,0,0
2019-04-21,UK,xiaomi-cleaner,dib_without_portability_gate,0,0,0,0,0
2019-04-21,UK,xiaomi-hub,dib_without_portability_gate,0,0,0,0,0
2019-04-21,UK,xiaomi-plug,dib_without_portability_gate,0,0,0,0,0
2019-04-21,UK,yi-camera,dib_without_portability_gate,0,0,0,0,0
2019-04-24,US,amcrest-cam-wired,dib,0,0,0,0,0
2019-04-24,US,appletv,dib,20,7,0,0,20
2019-04-24,US,blink-camera,dib,0,0,0,0,0
2019-04-24,US,blink-security-hub,dib,0,0,0,0,0
2019-04-24,US,brewer,dib,0,0,0,0,0
2019-04-24,US,bulb1,dib,0,0,0,0,0
2019-04-24,US,cloudcam,dib,0,0,0,0,0
2019-04-24,US,dlink-mov,dib,0,0,0,0,0
2019-04-24,US,dryer,dib,0,0,0,0,0
2019-04-24,US,echodot,dib,0,0,0,0,0
2019-04-24,US,echoplus,dib,0,0,0,0,0
2019-04-24,US,echospot,dib,0,0,0,0,0
2019-04-24,US,firetv,dib,0,0,0,0,0
2019-04-24,US,fridge,dib,0,0,0,0,0
2019-04-24,US,google-home-mini,dib,0,0,0,0,0
2019-04-24,US,google-home-mini2,dib,0,0,0,0,0
2019-04-24,US,ikettle,dib,0,0,0,0,0
2019-04-24,US,insteon-hub,dib,0,0,0,0,0
2019-04-24,US,invoke,dib,0,0,0,0,0
2019-04-24,US,lefun-cam-wired,dib,0,0,0,0,0
2019-04-24,US,lgtv-wired,dib,0,0,0,0,0
2019-04-24,US,lightify-hub,dib,0,0,0,0,0
2019-04-24,US,luohe-spycam,dib,0,0,0,0,0
2019-04-24,US,magichome-strip,dib,0,0,0,0,0
2019-04-24,US,microseven-camera,dib,0,0,0,0,0
2019-04-24,US,microwave,dib,0,0,0,0,0
2019-04-24,US,nest-tstat,dib,0,0,0,0,0
2019-04-24,US,philips-hue,dib,10,0,0,0,6
2019-04-24,US,ring-doorbell,dib,0,0,0,0,0
2019-04-24,US,roku-tv,dib,0,0,0,0,0
2019-04-24,US,samsungtv-wired,dib,32,16,0,0,32
2019-04-24,US,sengled-hub,dib,0,0,0,0,0
2019-04-24,US,smartthings,dib,4,0,0,0,4
2019-04-24,US,sousvide,dib,0,0,0,0,0
2019-04-24,US,t-echodot,dib,0,0,0,0,0
2019-04-24,US,t-smartthings-hub,dib,0,0,0,0,0
2019-04-24,US,t-wemo-plug,dib,0,0,0,0,0
2019-04-24,US,tp-link-plug,dib,0,0,0,0,0
2019-04-24,US,tplink-bulb,dib,0,0,0,0,0
2019-04-24,US,wansview-cam-wired,dib,6,0,0,0,6
2019-04-24,US,washer,dib,0,0,0,0,0
2019-04-24,US,wink-hub2,dib,0,0,0,0,0
2019-04-24,US,xiaomi-cleaner,dib,0,0,0,0,0
2019-04-24,US,xiaomi-hub,dib,0,0,0,0,0
2019-04-24,US,xiaomi-ricecooker,dib,0,0,0,0,0
2019-04-24,US,xiaomi-strip,dib,0,0,0,0,0
2019-04-24,US,yi-camera,dib,0,0,0,0,0
2019-04-24,US,zmodo-doorbell,dib,0,0,0,0,0
2019-04-24,US,amcrest-cam-wired,pooled_union,7321,0,0,0,12
2019-04-24,US,appletv,pooled_union,97,8,0,0,76
2019-04-24,US,blink-camera,pooled_union,0,0,0,0,0
2019-04-24,US,blink-security-hub,pooled_union,0,0,0,0,0
2019-04-24,US,brewer,pooled_union,0,0,0,0,0
2019-04-24,US,bulb1,pooled_union,0,0,0,0,0
2019-04-24,US,cloudcam,pooled_union,0,0,0,0,0
2019-04-24,US,dlink-mov,pooled_union,0,0,0,0,0
2019-04-24,US,dryer,pooled_union,0,0,0,0,0
2019-04-24,US,echodot,pooled_union,0,0,0,0,0
2019-04-24,US,echoplus,pooled_union,0,0,0,0,0
2019-04-24,US,echospot,pooled_union,0,0,0,0,0
2019-04-24,US,firetv,pooled_union,0,0,0,0,0
2019-04-24,US,fridge,pooled_union,0,0,0,0,0
2019-04-24,US,google-home-mini,pooled_union,0,0,0,0,0
2019-04-24,US,google-home-mini2,pooled_union,0,0,0,0,0
2019-04-24,US,ikettle,pooled_union,0,0,0,0,0
2019-04-24,US,insteon-hub,pooled_union,13,0,0,0,8
2019-04-24,US,invoke,pooled_union,0,0,0,0,0
2019-04-24,US,lefun-cam-wired,pooled_union,145,0,0,0,0
2019-04-24,US,lgtv-wired,pooled_union,66,0,0,0,37
2019-04-24,US,lightify-hub,pooled_union,0,0,0,0,0
2019-04-24,US,luohe-spycam,pooled_union,0,0,0,0,0
2019-04-24,US,magichome-strip,pooled_union,0,0,0,0,0
2019-04-24,US,microseven-camera,pooled_union,6,0,0,0,5
2019-04-24,US,microwave,pooled_union,0,0,0,0,0
2019-04-24,US,nest-tstat,pooled_union,0,0,0,0,0
2019-04-24,US,philips-hue,pooled_union,39,0,0,0,27
2019-04-24,US,ring-doorbell,pooled_union,0,0,0,0,0
2019-04-24,US,roku-tv,pooled_union,0,0,0,0,0
2019-04-24,US,samsungtv-wired,pooled_union,292,67,0,0,160
2019-04-24,US,sengled-hub,pooled_union,15,0,0,0,7
2019-04-24,US,smartthings,pooled_union,33,0,0,0,13
2019-04-24,US,sousvide,pooled_union,0,0,0,0,0
2019-04-24,US,t-echodot,pooled_union,0,0,0,0,0
2019-04-24,US,t-smartthings-hub,pooled_union,0,0,0,0,0
2019-04-24,US,t-wemo-plug,pooled_union,0,0,0,0,0
2019-04-24,US,tp-link-plug,pooled_union,0,0,0,0,0
2019-04-24,US,tplink-bulb,pooled_union,0,0,0,0,0
2019-04-24,US,wansview-cam-wired,pooled_union,567,0,0,0,14
2019-04-24,US,washer,pooled_union,0,0,0,0,0
2019-04-24,US,wink-hub2,pooled_union,37,0,0,0,12
2019-04-24,US,xiaomi-cleaner,pooled_union,0,0,0,0,0
2019-04-24,US,xiaomi-hub,pooled_union,0,0,0,0,0
2019-04-24,US,xiaomi-ricecooker,pooled_union,0,0,0,0,0
2019-04-24,US,xiaomi-strip,pooled_union,0,0,0,0,0
2019-04-24,US,yi-camera,pooled_union,0,0,0,0,0
2019-04-24,US,zmodo-doorbell,pooled_union,0,0,0,0,0
2019-04-24,US,amcrest-cam-wired,quorum_only,0,0,0,0,0
2019-04-24,US,appletv,quorum_only,23,9,0,0,20
2019-04-24,US,blink-camera,quorum_only,0,0,0,0,0
2019-04-24,US,blink-security-hub,quorum_only,0,0,0,0,0
2019-04-24,US,brewer,quorum_only,0,0,0,0,0
2019-04-24,US,bulb1,quorum_only,0,0,0,0,0
2019-04-24,US,cloudcam,quorum_only,0,0,0,0,0
2019-04-24,US,dlink-mov,quorum_only,0,0,0,0,0
2019-04-24,US,dryer,quorum_only,0,0,0,0,0
2019-04-24,US,echodot,quorum_only,0,0,0,0,0
2019-04-24,US,echoplus,quorum_only,0,0,0,0,0
2019-04-24,US,echospot,quorum_only,0,0,0,0,0
2019-04-24,US,firetv,quorum_only,0,0,0,0,0
2019-04-24,US,fridge,quorum_only,0,0,0,0,0
2019-04-24,US,google-home-mini,quorum_only,0,0,0,0,0
2019-04-24,US,google-home-mini2,quorum_only,0,0,0,0,0
2019-04-24,US,ikettle,quorum_only,0,0,0,0,0
2019-04-24,US,insteon-hub,quorum_only,0,0,0,0,0
2019-04-24,US,invoke,quorum_only,0,0,0,0,0
2019-04-24,US,lefun-cam-wired,quorum_only,0,0,0,0,0
2019-04-24,US,lgtv-wired,quorum_only,0,0,0,0,0
2019-04-24,US,lightify-hub,quorum_only,0,0,0,0,0
2019-04-24,US,luohe-spycam,quorum_only,0,0,0,0,0
2019-04-24,US,magichome-strip,quorum_only,0,0,0,0,0
2019-04-24,US,microseven-camera,quorum_only,0,0,0,0,0
2019-04-24,US,microwave,quorum_only,0,0,0,0,0
2019-04-24,US,nest-tstat,quorum_only,0,0,0,0,0
2019-04-24,US,philips-hue,quorum_only,17,0,0,0,10
2019-04-24,US,ring-doorbell,quorum_only,0,0,0,0,0
2019-04-24,US,roku-tv,quorum_only,0,0,0,0,0
2019-04-24,US,samsungtv-wired,quorum_only,38,16,0,0,32
2019-04-24,US,sengled-hub,quorum_only,0,0,0,0,0
2019-04-24,US,smartthings,quorum_only,6,0,0,0,4
2019-04-24,US,sousvide,quorum_only,0,0,0,0,0
2019-04-24,US,t-echodot,quorum_only,0,0,0,0,0
2019-04-24,US,t-smartthings-hub,quorum_only,0,0,0,0,0
2019-04-24,US,t-wemo-plug,quorum_only,0,0,0,0,0
2019-04-24,US,tp-link-plug,quorum_only,0,0,0,0,0
2019-04-24,US,tplink-bulb,quorum_only,0,0,0,0,0
2019-04-24,US,wansview-cam-wired,quorum_only,13,0,0,0,6
2019-04-24,US,washer,quorum_only,0,0,0,0,0
2019-04-24,US,wink-hub2,quorum_only,0,0,0,0,0
2019-04-24,US,xiaomi-cleaner,quorum_only,0,0,0,0,0
2019-04-24,US,xiaomi-hub,quorum_only,0,0,0,0,0
2019-04-24,US,xiaomi-ricecooker,quorum_only,0,0,0,0,0
2019-04-24,US,xiaomi-strip,quorum_only,0,0,0,0,0
2019-04-24,US,yi-camera,quorum_only,0,0,0,0,0
2019-04-24,US,zmodo-doorbell,quorum_only,0,0,0,0,0
2019-04-24,US,amcrest-cam-wired,majority,7321,0,0,0,12
2019-04-24,US,appletv,majority,97,8,0,0,76
2019-04-24,US,blink-camera,majority,0,0,0,0,0
2019-04-24,US,blink-security-hub,majority,0,0,0,0,0
2019-04-24,US,brewer,majority,0,0,0,0,0
2019-04-24,US,bulb1,majority,0,0,0,0,0
2019-04-24,US,cloudcam,majority,0,0,0,0,0
2019-04-24,US,dlink-mov,majority,0,0,0,0,0
2019-04-24,US,dryer,majority,0,0,0,0,0
2019-04-24,US,echodot,majority,0,0,0,0,0
2019-04-24,US,echoplus,majority,0,0,0,0,0
2019-04-24,US,echospot,majority,0,0,0,0,0
2019-04-24,US,firetv,majority,0,0,0,0,0
2019-04-24,US,fridge,majority,0,0,0,0,0
2019-04-24,US,google-home-mini,majority,0,0,0,0,0
2019-04-24,US,google-home-mini2,majority,0,0,0,0,0
2019-04-24,US,ikettle,majority,0,0,0,0,0
2019-04-24,US,insteon-hub,majority,13,0,0,0,8
2019-04-24,US,invoke,majority,0,0,0,0,0
2019-04-24,US,lefun-cam-wired,majority,145,0,0,0,0
2019-04-24,US,lgtv-wired,majority,66,0,0,0,37
2019-04-24,US,lightify-hub,majority,0,0,0,0,0
2019-04-24,US,luohe-spycam,majority,0,0,0,0,0
2019-04-24,US,magichome-strip,majority,0,0,0,0,0
2019-04-24,US,microseven-camera,majority,6,0,0,0,5
2019-04-24,US,microwave,majority,0,0,0,0,0
2019-04-24,US,nest-tstat,majority,0,0,0,0,0
2019-04-24,US,philips-hue,majority,39,0,0,0,27
2019-04-24,US,ring-doorbell,majority,0,0,0,0,0
2019-04-24,US,roku-tv,majority,0,0,0,0,0
2019-04-24,US,samsungtv-wired,majority,292,67,0,0,160
2019-04-24,US,sengled-hub,majority,15,0,0,0,7
2019-04-24,US,smartthings,majority,33,0,0,0,13
2019-04-24,US,sousvide,majority,0,0,0,0,0
2019-04-24,US,t-echodot,majority,0,0,0,0,0
2019-04-24,US,t-smartthings-hub,majority,0,0,0,0,0
2019-04-24,US,t-wemo-plug,majority,0,0,0,0,0
2019-04-24,US,tp-link-plug,majority,0,0,0,0,0
2019-04-24,US,tplink-bulb,majority,0,0,0,0,0
2019-04-24,US,wansview-cam-wired,majority,567,0,0,0,14
2019-04-24,US,washer,majority,0,0,0,0,0
2019-04-24,US,wink-hub2,majority,37,0,0,0,12
2019-04-24,US,xiaomi-cleaner,majority,0,0,0,0,0
2019-04-24,US,xiaomi-hub,majority,0,0,0,0,0
2019-04-24,US,xiaomi-ricecooker,majority,0,0,0,0,0
2019-04-24,US,xiaomi-strip,majority,0,0,0,0,0
2019-04-24,US,yi-camera,majority,0,0,0,0,0
2019-04-24,US,zmodo-doorbell,majority,0,0,0,0,0
2019-04-24,US,amcrest-cam-wired,dib_without_portability_gate,0,0,0,0,0
2019-04-24,US,appletv,dib_without_portability_gate,23,9,0,0,20
2019-04-24,US,blink-camera,dib_without_portability_gate,0,0,0,0,0
2019-04-24,US,blink-security-hub,dib_without_portability_gate,0,0,0,0,0
2019-04-24,US,brewer,dib_without_portability_gate,0,0,0,0,0
2019-04-24,US,bulb1,dib_without_portability_gate,0,0,0,0,0
2019-04-24,US,cloudcam,dib_without_portability_gate,0,0,0,0,0
2019-04-24,US,dlink-mov,dib_without_portability_gate,0,0,0,0,0
2019-04-24,US,dryer,dib_without_portability_gate,0,0,0,0,0
2019-04-24,US,echodot,dib_without_portability_gate,0,0,0,0,0
2019-04-24,US,echoplus,dib_without_portability_gate,0,0,0,0,0
2019-04-24,US,echospot,dib_without_portability_gate,0,0,0,0,0
2019-04-24,US,firetv,dib_without_portability_gate,0,0,0,0,0
2019-04-24,US,fridge,dib_without_portability_gate,0,0,0,0,0
2019-04-24,US,google-home-mini,dib_without_portability_gate,0,0,0,0,0
2019-04-24,US,google-home-mini2,dib_without_portability_gate,0,0,0,0,0
2019-04-24,US,ikettle,dib_without_portability_gate,0,0,0,0,0
2019-04-24,US,insteon-hub,dib_without_portability_gate,0,0,0,0,0
2019-04-24,US,invoke,dib_without_portability_gate,0,0,0,0,0
2019-04-24,US,lefun-cam-wired,dib_without_portability_gate,0,0,0,0,0
2019-04-24,US,lgtv-wired,dib_without_portability_gate,0,0,0,0,0
2019-04-24,US,lightify-hub,dib_without_portability_gate,0,0,0,0,0
2019-04-24,US,luohe-spycam,dib_without_portability_gate,0,0,0,0,0
2019-04-24,US,magichome-strip,dib_without_portability_gate,0,0,0,0,0
2019-04-24,US,microseven-camera,dib_without_portability_gate,0,0,0,0,0
2019-04-24,US,microwave,dib_without_portability_gate,0,0,0,0,0
2019-04-24,US,nest-tstat,dib_without_portability_gate,0,0,0,0,0
2019-04-24,US,philips-hue,dib_without_portability_gate,13,0,0,0,6
2019-04-24,US,ring-doorbell,dib_without_portability_gate,0,0,0,0,0
2019-04-24,US,roku-tv,dib_without_portability_gate,0,0,0,0,0
2019-04-24,US,samsungtv-wired,dib_without_portability_gate,38,16,0,0,32
2019-04-24,US,sengled-hub,dib_without_portability_gate,0,0,0,0,0
2019-04-24,US,smartthings,dib_without_portability_gate,5,0,0,0,4
2019-04-24,US,sousvide,dib_without_portability_gate,0,0,0,0,0
2019-04-24,US,t-echodot,dib_without_portability_gate,0,0,0,0,0
2019-04-24,US,t-smartthings-hub,dib_without_portability_gate,0,0,0,0,0
2019-04-24,US,t-wemo-plug,dib_without_portability_gate,0,0,0,0,0
2019-04-24,US,tp-link-plug,dib_without_portability_gate,0,0,0,0,0
2019-04-24,US,tplink-bulb,dib_without_portability_gate,0,0,0,0,0
2019-04-24,US,wansview-cam-wired,dib_without_portability_gate,8,0,0,0,6
2019-04-24,US,washer,dib_without_portability_gate,0,0,0,0,0
2019-04-24,US,wink-hub2,dib_without_portability_gate,0,0,0,0,0
2019-04-24,US,xiaomi-cleaner,dib_without_portability_gate,0,0,0,0,0
2019-04-24,US,xiaomi-hub,dib_without_portability_gate,0,0,0,0,0
2019-04-24,US,xiaomi-ricecooker,dib_without_portability_gate,0,0,0,0,0
2019-04-24,US,xiaomi-strip,dib_without_portability_gate,0,0,0,0,0
2019-04-24,US,yi-camera,dib_without_portability_gate,0,0,0,0,0
2019-04-24,US,zmodo-doorbell,dib_without_portability_gate,0,0,0,0,0
2019-04-24,UK,allure-speaker,dib,0,0,0,0,0
2019-04-24,UK,appletv,dib,20,7,0,0,20
2019-04-24,UK,blink-camera,dib,0,0,0,0,0
2019-04-24,UK,blink-security-hub,dib,0,0,0,0,0
2019-04-24,UK,bosiwo-camera-wifi,dib,0,0,0,0,0
2019-04-24,UK,bosiwo-camera-wired,dib,0,0,0,0,0
2019-04-24,UK,charger-camera,dib,0,0,0,0,0
2019-04-24,UK,echodot,dib,0,0,0,0,0
2019-04-24,UK,echoplus,dib,0,0,0,0,0
2019-04-24,UK,echospot,dib,0,0,0,0,0
2019-04-24,UK,firetv,dib,0,0,0,0,0
2019-04-24,UK,google-home,dib,0,0,0,0,0
2019-04-24,UK,google-home-mini,dib,0,0,0,0,0
2019-04-24,UK,honeywell-thermostat,dib,0,0,0,0,0
2019-04-24,UK,insteon-hub,dib,0,0,0,0,0
2019-04-24,UK,lightify-hub,dib,0,0,0,0,0
2019-04-24,UK,magichome-strip,dib,0,0,0,0,0
2019-04-24,UK,nest-tstat,dib,0,0,0,0,0
2019-04-24,UK,netatmo-weather,dib,0,0,0,0,0
2019-04-24,UK,philips-hue,dib,10,0,0,0,6
2019-04-24,UK,ring-doorbell,dib,0,0,0,0,0
2019-04-24,UK,roku-tv,dib,0,0,0,0,0
2019-04-24,UK,samsungtv-wired,dib,32,16,0,0,32
2019-04-24,UK,sengled-hub,dib,0,0,0,0,0
2019-04-24,UK,smarter-coffee-mach,dib,0,0,0,0,0
2019-04-24,UK,smartthings,dib,4,0,0,0,4
2019-04-24,UK,sousvide,dib,0,0,0,0,0
2019-04-24,UK,t-wemo-plug,dib,0,0,0,0,0
2019-04-24,UK,tp-link-plug,dib,0,0,0,0,0
2019-04-24,UK,tplink-bulb,dib,0,0,0,0,0
2019-04-24,UK,tplink-plug2,dib,0,0,0,0,0
2019-04-24,UK,wansview-cam-wired,dib,6,0,0,0,6
2019-04-24,UK,xiaomi-cam2,dib,0,0,0,0,0
2019-04-24,UK,xiaomi-cleaner,dib,0,0,0,0,0
2019-04-24,UK,xiaomi-hub,dib,0,0,0,0,0
2019-04-24,UK,xiaomi-plug,dib,0,0,0,0,0
2019-04-24,UK,yi-camera,dib,0,0,0,0,0
2019-04-24,UK,allure-speaker,pooled_union,0,0,0,0,0
2019-04-24,UK,appletv,pooled_union,97,8,0,0,76
2019-04-24,UK,blink-camera,pooled_union,0,0,0,0,0
2019-04-24,UK,blink-security-hub,pooled_union,0,0,0,0,0
2019-04-24,UK,bosiwo-camera-wifi,pooled_union,0,0,0,0,0
2019-04-24,UK,bosiwo-camera-wired,pooled_union,159,0,0,0,0
2019-04-24,UK,charger-camera,pooled_union,0,0,0,0,0
2019-04-24,UK,echodot,pooled_union,0,0,0,0,0
2019-04-24,UK,echoplus,pooled_union,0,0,0,0,0
2019-04-24,UK,echospot,pooled_union,0,0,0,0,0
2019-04-24,UK,firetv,pooled_union,0,0,0,0,0
2019-04-24,UK,google-home,pooled_union,0,0,0,0,0
2019-04-24,UK,google-home-mini,pooled_union,0,0,0,0,0
2019-04-24,UK,honeywell-thermostat,pooled_union,0,0,0,0,0
2019-04-24,UK,insteon-hub,pooled_union,13,0,0,0,8
2019-04-24,UK,lightify-hub,pooled_union,0,0,0,0,0
2019-04-24,UK,magichome-strip,pooled_union,0,0,0,0,0
2019-04-24,UK,nest-tstat,pooled_union,0,0,0,0,0
2019-04-24,UK,netatmo-weather,pooled_union,0,0,0,0,0
2019-04-24,UK,philips-hue,pooled_union,39,0,0,0,27
2019-04-24,UK,ring-doorbell,pooled_union,0,0,0,0,0
2019-04-24,UK,roku-tv,pooled_union,0,0,0,0,0
2019-04-24,UK,samsungtv-wired,pooled_union,292,67,0,0,160
2019-04-24,UK,sengled-hub,pooled_union,15,0,0,0,7
2019-04-24,UK,smarter-coffee-mach,pooled_union,0,0,0,0,0
2019-04-24,UK,smartthings,pooled_union,33,0,0,0,13
2019-04-24,UK,sousvide,pooled_union,0,0,0,0,0
2019-04-24,UK,t-wemo-plug,pooled_union,0,0,0,0,0
2019-04-24,UK,tp-link-plug,pooled_union,0,0,0,0,0
2019-04-24,UK,tplink-bulb,pooled_union,0,0,0,0,0
2019-04-24,UK,tplink-plug2,pooled_union,0,0,0,0,0
2019-04-24,UK,wansview-cam-wired,pooled_union,567,0,0,0,14
2019-04-24,UK,xiaomi-cam2,pooled_union,0,0,0,0,0
2019-04-24,UK,xiaomi-cleaner,pooled_union,0,0,0,0,0
2019-04-24,UK,xiaomi-hub,pooled_union,0,0,0,0,0
2019-04-24,UK,xiaomi-plug,pooled_union,0,0,0,0,0
2019-04-24,UK,yi-camera,pooled_union,0,0,0,0,0
2019-04-24,UK,allure-speaker,quorum_only,0,0,0,0,0
2019-04-24,UK,appletv,quorum_only,23,9,0,0,20
2019-04-24,UK,blink-camera,quorum_only,0,0,0,0,0
2019-04-24,UK,blink-security-hub,quorum_only,0,0,0,0,0
2019-04-24,UK,bosiwo-camera-wifi,quorum_only,0,0,0,0,0
2019-04-24,UK,bosiwo-camera-wired,quorum_only,0,0,0,0,0
2019-04-24,UK,charger-camera,quorum_only,0,0,0,0,0
2019-04-24,UK,echodot,quorum_only,0,0,0,0,0
2019-04-24,UK,echoplus,quorum_only,0,0,0,0,0
2019-04-24,UK,echospot,quorum_only,0,0,0,0,0
2019-04-24,UK,firetv,quorum_only,0,0,0,0,0
2019-04-24,UK,google-home,quorum_only,0,0,0,0,0
2019-04-24,UK,google-home-mini,quorum_only,0,0,0,0,0
2019-04-24,UK,honeywell-thermostat,quorum_only,0,0,0,0,0
2019-04-24,UK,insteon-hub,quorum_only,0,0,0,0,0
2019-04-24,UK,lightify-hub,quorum_only,0,0,0,0,0
2019-04-24,UK,magichome-strip,quorum_only,0,0,0,0,0
2019-04-24,UK,nest-tstat,quorum_only,0,0,0,0,0
2019-04-24,UK,netatmo-weather,quorum_only,0,0,0,0,0
2019-04-24,UK,philips-hue,quorum_only,17,0,0,0,10
2019-04-24,UK,ring-doorbell,quorum_only,0,0,0,0,0
2019-04-24,UK,roku-tv,quorum_only,0,0,0,0,0
2019-04-24,UK,samsungtv-wired,quorum_only,38,16,0,0,32
2019-04-24,UK,sengled-hub,quorum_only,0,0,0,0,0
2019-04-24,UK,smarter-coffee-mach,quorum_only,0,0,0,0,0
2019-04-24,UK,smartthings,quorum_only,6,0,0,0,4
2019-04-24,UK,sousvide,quorum_only,0,0,0,0,0
2019-04-24,UK,t-wemo-plug,quorum_only,0,0,0,0,0
2019-04-24,UK,tp-link-plug,quorum_only,0,0,0,0,0
2019-04-24,UK,tplink-bulb,quorum_only,0,0,0,0,0
2019-04-24,UK,tplink-plug2,quorum_only,0,0,0,0,0
2019-04-24,UK,wansview-cam-wired,quorum_only,13,0,0,0,6
2019-04-24,UK,xiaomi-cam2,quorum_only,0,0,0,0,0
2019-04-24,UK,xiaomi-cleaner,quorum_only,0,0,0,0,0
2019-04-24,UK,xiaomi-hub,quorum_only,0,0,0,0,0
2019-04-24,UK,xiaomi-plug,quorum_only,0,0,0,0,0
2019-04-24,UK,yi-camera,quorum_only,0,0,0,0,0
2019-04-24,UK,allure-speaker,majority,0,0,0,0,0
2019-04-24,UK,appletv,majority,97,8,0,0,76
2019-04-24,UK,blink-camera,majority,0,0,0,0,0
2019-04-24,UK,blink-security-hub,majority,0,0,0,0,0
2019-04-24,UK,bosiwo-camera-wifi,majority,0,0,0,0,0
2019-04-24,UK,bosiwo-camera-wired,majority,159,0,0,0,0
2019-04-24,UK,charger-camera,majority,0,0,0,0,0
2019-04-24,UK,echodot,majority,0,0,0,0,0
2019-04-24,UK,echoplus,majority,0,0,0,0,0
2019-04-24,UK,echospot,majority,0,0,0,0,0
2019-04-24,UK,firetv,majority,0,0,0,0,0
2019-04-24,UK,google-home,majority,0,0,0,0,0
2019-04-24,UK,google-home-mini,majority,0,0,0,0,0
2019-04-24,UK,honeywell-thermostat,majority,0,0,0,0,0
2019-04-24,UK,insteon-hub,majority,13,0,0,0,8
2019-04-24,UK,lightify-hub,majority,0,0,0,0,0
2019-04-24,UK,magichome-strip,majority,0,0,0,0,0
2019-04-24,UK,nest-tstat,majority,0,0,0,0,0
2019-04-24,UK,netatmo-weather,majority,0,0,0,0,0
2019-04-24,UK,philips-hue,majority,39,0,0,0,27
2019-04-24,UK,ring-doorbell,majority,0,0,0,0,0
2019-04-24,UK,roku-tv,majority,0,0,0,0,0
2019-04-24,UK,samsungtv-wired,majority,292,67,0,0,160
2019-04-24,UK,sengled-hub,majority,15,0,0,0,7
2019-04-24,UK,smarter-coffee-mach,majority,0,0,0,0,0
2019-04-24,UK,smartthings,majority,33,0,0,0,13
2019-04-24,UK,sousvide,majority,0,0,0,0,0
2019-04-24,UK,t-wemo-plug,majority,0,0,0,0,0
2019-04-24,UK,tp-link-plug,majority,0,0,0,0,0
2019-04-24,UK,tplink-bulb,majority,0,0,0,0,0
2019-04-24,UK,tplink-plug2,majority,0,0,0,0,0
2019-04-24,UK,wansview-cam-wired,majority,567,0,0,0,14
2019-04-24,UK,xiaomi-cam2,majority,0,0,0,0,0
2019-04-24,UK,xiaomi-cleaner,majority,0,0,0,0,0
2019-04-24,UK,xiaomi-hub,majority,0,0,0,0,0
2019-04-24,UK,xiaomi-plug,majority,0,0,0,0,0
2019-04-24,UK,yi-camera,majority,0,0,0,0,0
2019-04-24,UK,allure-speaker,dib_without_portability_gate,0,0,0,0,0
2019-04-24,UK,appletv,dib_without_portability_gate,23,9,0,0,20
2019-04-24,UK,blink-camera,dib_without_portability_gate,0,0,0,0,0
2019-04-24,UK,blink-security-hub,dib_without_portability_gate,0,0,0,0,0
2019-04-24,UK,bosiwo-camera-wifi,dib_without_portability_gate,0,0,0,0,0
2019-04-24,UK,bosiwo-camera-wired,dib_without_portability_gate,0,0,0,0,0
2019-04-24,UK,charger-camera,dib_without_portability_gate,0,0,0,0,0
2019-04-24,UK,echodot,dib_without_portability_gate,0,0,0,0,0
2019-04-24,UK,echoplus,dib_without_portability_gate,0,0,0,0,0
2019-04-24,UK,echospot,dib_without_portability_gate,0,0,0,0,0
2019-04-24,UK,firetv,dib_without_portability_gate,0,0,0,0,0
2019-04-24,UK,google-home,dib_without_portability_gate,0,0,0,0,0
2019-04-24,UK,google-home-mini,dib_without_portability_gate,0,0,0,0,0
2019-04-24,UK,honeywell-thermostat,dib_without_portability_gate,0,0,0,0,0
2019-04-24,UK,insteon-hub,dib_without_portability_gate,0,0,0,0,0
2019-04-24,UK,lightify-hub,dib_without_portability_gate,0,0,0,0,0
2019-04-24,UK,magichome-strip,dib_without_portability_gate,0,0,0,0,0
2019-04-24,UK,nest-tstat,dib_without_portability_gate,0,0,0,0,0
2019-04-24,UK,netatmo-weather,dib_without_portability_gate,0,0,0,0,0
2019-04-24,UK,philips-hue,dib_without_portability_gate,13,0,0,0,6
2019-04-24,UK,ring-doorbell,dib_without_portability_gate,0,0,0,0,0
2019-04-24,UK,roku-tv,dib_without_portability_gate,0,0,0,0,0
2019-04-24,UK,samsungtv-wired,dib_without_portability_gate,38,16,0,0,32
2019-04-24,UK,sengled-hub,dib_without_portability_gate,0,0,0,0,0
2019-04-24,UK,smarter-coffee-mach,dib_without_portability_gate,0,0,0,0,0
2019-04-24,UK,smartthings,dib_without_portability_gate,5,0,0,0,4
2019-04-24,UK,sousvide,dib_without_portability_gate,0,0,0,0,0
2019-04-24,UK,t-wemo-plug,dib_without_portability_gate,0,0,0,0,0
2019-04-24,UK,tp-link-plug,dib_without_portability_gate,0,0,0,0,0
2019-04-24,UK,tplink-bulb,dib_without_portability_gate,0,0,0,0,0
2019-04-24,UK,tplink-plug2,dib_without_portability_gate,0,0,0,0,0
2019-04-24,UK,wansview-cam-wired,dib_without_portability_gate,8,0,0,0,6
2019-04-24,UK,xiaomi-cam2,dib_without_portability_gate,0,0,0,0,0
2019-04-24,UK,xiaomi-cleaner,dib_without_portability_gate,0,0,0,0,0
2019-04-24,UK,xiaomi-hub,dib_without_portability_gate,0,0,0,0,0
2019-04-24,UK,xiaomi-plug,dib_without_portability_gate,0,0,0,0,0
2019-04-24,UK,yi-camera,dib_without_portability_gate,0,0,0,0,0
2019-04-25,US,amcrest-cam-wired,dib,0,0,0,0,0
2019-04-25,US,appletv,dib,23,3,0,0,23
2019-04-25,US,blink-camera,dib,0,0,0,0,0
2019-04-25,US,blink-security-hub,dib,0,0,0,0,0
2019-04-25,US,brewer,dib,0,0,0,0,0
2019-04-25,US,bulb1,dib,0,0,0,0,0
2019-04-25,US,cloudcam,dib,0,0,0,0,0
2019-04-25,US,dlink-mov,dib,0,0,0,0,0
2019-04-25,US,dryer,dib,0,0,0,0,0
2019-04-25,US,echodot,dib,10,10,0,0,10
2019-04-25,US,echoplus,dib,12,12,0,0,12
2019-04-25,US,echospot,dib,17,17,0,0,17
2019-04-25,US,firetv,dib,12,12,0,0,12
2019-04-25,US,fridge,dib,0,0,0,0,0
2019-04-25,US,google-home-mini,dib,9,9,0,0,9
2019-04-25,US,google-home-mini2,dib,0,0,0,0,0
2019-04-25,US,ikettle,dib,0,0,0,0,0
2019-04-25,US,insteon-hub,dib,0,0,0,0,0
2019-04-25,US,invoke,dib,0,0,0,0,0
2019-04-25,US,lefun-cam-wired,dib,0,0,0,0,0
2019-04-25,US,lgtv-wired,dib,0,0,0,0,0
2019-04-25,US,lightify-hub,dib,0,0,0,0,0
2019-04-25,US,luohe-spycam,dib,0,0,0,0,0
2019-04-25,US,magichome-strip,dib,0,0,0,0,0
2019-04-25,US,microseven-camera,dib,0,0,0,0,0
2019-04-25,US,microwave,dib,0,0,0,0,0
2019-04-25,US,nest-tstat,dib,5,5,0,0,5
2019-04-25,US,philips-hue,dib,10,0,0,0,6
2019-04-25,US,ring-doorbell,dib,0,0,0,0,0
2019-04-25,US,roku-tv,dib,17,17,0,0,16
2019-04-25,US,samsungtv-wired,dib,32,0,0,0,32
2019-04-25,US,sengled-hub,dib,0,0,0,0,0
2019-04-25,US,smartthings,dib,4,0,0,0,4
2019-04-25,US,sousvide,dib,0,0,0,0,0
2019-04-25,US,t-echodot,dib,0,0,0,0,0
2019-04-25,US,t-smartthings-hub,dib,0,0,0,0,0
2019-04-25,US,t-wemo-plug,dib,0,0,0,0,0
2019-04-25,US,tp-link-plug,dib,2,2,0,0,2
2019-04-25,US,tplink-bulb,dib,2,2,0,0,2
2019-04-25,US,wansview-cam-wired,dib,8,2,0,0,8
2019-04-25,US,washer,dib,0,0,0,0,0
2019-04-25,US,wink-hub2,dib,0,0,0,0,0
2019-04-25,US,xiaomi-cleaner,dib,0,0,0,0,0
2019-04-25,US,xiaomi-hub,dib,0,0,0,0,0
2019-04-25,US,xiaomi-ricecooker,dib,0,0,0,0,0
2019-04-25,US,xiaomi-strip,dib,0,0,0,0,0
2019-04-25,US,yi-camera,dib,0,0,0,0,0
2019-04-25,US,zmodo-doorbell,dib,0,0,0,0,0
2019-04-25,US,amcrest-cam-wired,pooled_union,7321,0,0,0,12
2019-04-25,US,appletv,pooled_union,102,5,0,0,79
2019-04-25,US,blink-camera,pooled_union,4,4,0,0,4
2019-04-25,US,blink-security-hub,pooled_union,18,18,0,0,9
2019-04-25,US,brewer,pooled_union,3,3,0,0,3
2019-04-25,US,bulb1,pooled_union,6,6,0,0,4
2019-04-25,US,cloudcam,pooled_union,19,19,0,0,16
2019-04-25,US,dlink-mov,pooled_union,16,16,0,0,13
2019-04-25,US,dryer,pooled_union,12,12,0,0,10
2019-04-25,US,echodot,pooled_union,40,40,0,0,36
2019-04-25,US,echoplus,pooled_union,42,42,0,0,38
2019-04-25,US,echospot,pooled_union,71,71,0,0,56
2019-04-25,US,firetv,pooled_union,123,123,0,0,111
2019-04-25,US,fridge,pooled_union,55,55,0,0,49
2019-04-25,US,google-home-mini,pooled_union,35,35,0,0,30
2019-04-25,US,google-home-mini2,pooled_union,0,0,0,0,0
2019-04-25,US,ikettle,pooled_union,2,2,0,0,2
2019-04-25,US,insteon-hub,pooled_union,13,0,0,0,8
2019-04-25,US,invoke,pooled_union,26,26,0,0,25
2019-04-25,US,lefun-cam-wired,pooled_union,217,72,0,0,0
2019-04-25,US,lgtv-wired,pooled_union,66,0,0,0,37
2019-04-25,US,lightify-hub,pooled_union,9,9,0,0,5
2019-04-25,US,luohe-spycam,pooled_union,6,6,0,0,3
2019-04-25,US,magichome-strip,pooled_union,4,4,0,0,3
2019-04-25,US,microseven-camera,pooled_union,6,0,0,0,5
2019-04-25,US,microwave,pooled_union,4,4,0,0,4
2019-04-25,US,nest-tstat,pooled_union,20,20,0,0,17
2019-04-25,US,philips-hue,pooled_union,42,3,0,0,29
2019-04-25,US,ring-doorbell,pooled_union,19,19,0,0,0
2019-04-25,US,roku-tv,pooled_union,67,67,0,0,63
2019-04-25,US,samsungtv-wired,pooled_union,298,6,0,0,165
2019-04-25,US,sengled-hub,pooled_union,20,5,0,0,10
2019-04-25,US,smartthings,pooled_union,34,1,0,0,13
2019-04-25,US,sousvide,pooled_union,1,1,0,0,0
2019-04-25,US,t-echodot,pooled_union,0,0,0,0,0
2019-04-25,US,t-smartthings-hub,pooled_union,0,0,0,0,0
2019-04-25,US,t-wemo-plug,pooled_union,15,15,0,0,8
2019-04-25,US,tp-link-plug,pooled_union,13,13,0,0,10
2019-04-25,US,tplink-bulb,pooled_union,10,10,0,0,9
2019-04-25,US,wansview-cam-wired,pooled_union,659,92,0,0,14
2019-04-25,US,washer,pooled_union,12,12,0,0,10
2019-04-25,US,wink-hub2,pooled_union,39,2,0,0,12
2019-04-25,US,xiaomi-cleaner,pooled_union,4,4,0,0,3
2019-04-25,US,xiaomi-hub,pooled_union,5,5,0,0,2
2019-04-25,US,xiaomi-ricecooker,pooled_union,2,2,0,0,2
2019-04-25,US,xiaomi-strip,pooled_union,3,3,0,0,2
2019-04-25,US,yi-camera,pooled_union,6,6,0,0,3
2019-04-25,US,zmodo-doorbell,pooled_union,20,20,0,0,18
2019-04-25,US,amcrest-cam-wired,quorum_only,0,0,0,0,0
2019-04-25,US,appletv,quorum_only,26,3,0,0,23
2019-04-25,US,blink-camera,quorum_only,0,0,0,0,0
2019-04-25,US,blink-security-hub,quorum_only,0,0,0,0,0
2019-04-25,US,brewer,quorum_only,0,0,0,0,0
2019-04-25,US,bulb1,quorum_only,0,0,0,0,0
2019-04-25,US,cloudcam,quorum_only,0,0,0,0,0
2019-04-25,US,dlink-mov,quorum_only,0,0,0,0,0
2019-04-25,US,dryer,quorum_only,0,0,0,0,0
2019-04-25,US,echodot,quorum_only,10,10,0,0,10
2019-04-25,US,echoplus,quorum_only,13,13,0,0,12
2019-04-25,US,echospot,quorum_only,19,19,0,0,17
2019-04-25,US,firetv,quorum_only,15,15,0,0,12
2019-04-25,US,fridge,quorum_only,0,0,0,0,0
2019-04-25,US,google-home-mini,quorum_only,10,10,0,0,9
2019-04-25,US,google-home-mini2,quorum_only,0,0,0,0,0
2019-04-25,US,ikettle,quorum_only,0,0,0,0,0
2019-04-25,US,insteon-hub,quorum_only,0,0,0,0,0
2019-04-25,US,invoke,quorum_only,0,0,0,0,0
2019-04-25,US,lefun-cam-wired,quorum_only,0,0,0,0,0
2019-04-25,US,lgtv-wired,quorum_only,0,0,0,0,0
2019-04-25,US,lightify-hub,quorum_only,0,0,0,0,0
2019-04-25,US,luohe-spycam,quorum_only,0,0,0,0,0
2019-04-25,US,magichome-strip,quorum_only,0,0,0,0,0
2019-04-25,US,microseven-camera,quorum_only,0,0,0,0,0
2019-04-25,US,microwave,quorum_only,0,0,0,0,0
2019-04-25,US,nest-tstat,quorum_only,5,5,0,0,5
2019-04-25,US,philips-hue,quorum_only,17,0,0,0,10
2019-04-25,US,ring-doorbell,quorum_only,0,0,0,0,0
2019-04-25,US,roku-tv,quorum_only,19,19,0,0,16
2019-04-25,US,samsungtv-wired,quorum_only,38,0,0,0,32
2019-04-25,US,sengled-hub,quorum_only,0,0,0,0,0
2019-04-25,US,smartthings,quorum_only,6,0,0,0,4
2019-04-25,US,sousvide,quorum_only,1,1,0,0,0
2019-04-25,US,t-echodot,quorum_only,0,0,0,0,0
2019-04-25,US,t-smartthings-hub,quorum_only,0,0,0,0,0
2019-04-25,US,t-wemo-plug,quorum_only,1,1,0,0,0
2019-04-25,US,tp-link-plug,quorum_only,2,2,0,0,2
2019-04-25,US,tplink-bulb,quorum_only,2,2,0,0,2
2019-04-25,US,wansview-cam-wired,quorum_only,18,5,0,0,8
2019-04-25,US,washer,quorum_only,0,0,0,0,0
2019-04-25,US,wink-hub2,quorum_only,0,0,0,0,0
2019-04-25,US,xiaomi-cleaner,quorum_only,0,0,0,0,0
2019-04-25,US,xiaomi-hub,quorum_only,0,0,0,0,0
2019-04-25,US,xiaomi-ricecooker,quorum_only,0,0,0,0,0
2019-04-25,US,xiaomi-strip,quorum_only,0,0,0,0,0
2019-04-25,US,yi-camera,quorum_only,0,0,0,0,0
2019-04-25,US,zmodo-doorbell,quorum_only,0,0,0,0,0
2019-04-25,US,amcrest-cam-wired,majority,7321,0,0,0,12
2019-04-25,US,appletv,majority,102,5,0,0,79
2019-04-25,US,blink-camera,majority,4,4,0,0,4
2019-04-25,US,blink-security-hub,majority,18,18,0,0,9
2019-04-25,US,brewer,majority,3,3,0,0,3
2019-04-25,US,bulb1,majority,6,6,0,0,4
2019-04-25,US,cloudcam,majority,19,19,0,0,16
2019-04-25,US,dlink-mov,majority,16,16,0,0,13
2019-04-25,US,dryer,majority,12,12,0,0,10
2019-04-25,US,echodot,majority,40,40,0,0,36
2019-04-25,US,echoplus,majority,42,42,0,0,38
2019-04-25,US,echospot,majority,71,71,0,0,56
2019-04-25,US,firetv,majority,123,123,0,0,111
2019-04-25,US,fridge,majority,55,55,0,0,49
2019-04-25,US,google-home-mini,majority,35,35,0,0,30
2019-04-25,US,google-home-mini2,majority,0,0,0,0,0
2019-04-25,US,ikettle,majority,2,2,0,0,2
2019-04-25,US,insteon-hub,majority,13,0,0,0,8
2019-04-25,US,invoke,majority,26,26,0,0,25
2019-04-25,US,lefun-cam-wired,majority,217,72,0,0,0
2019-04-25,US,lgtv-wired,majority,66,0,0,0,37
2019-04-25,US,lightify-hub,majority,9,9,0,0,5
2019-04-25,US,luohe-spycam,majority,6,6,0,0,3
2019-04-25,US,magichome-strip,majority,4,4,0,0,3
2019-04-25,US,microseven-camera,majority,6,0,0,0,5
2019-04-25,US,microwave,majority,4,4,0,0,4
2019-04-25,US,nest-tstat,majority,20,20,0,0,17
2019-04-25,US,philips-hue,majority,42,3,0,0,29
2019-04-25,US,ring-doorbell,majority,19,19,0,0,0
2019-04-25,US,roku-tv,majority,67,67,0,0,63
2019-04-25,US,samsungtv-wired,majority,298,6,0,0,165
2019-04-25,US,sengled-hub,majority,20,5,0,0,10
2019-04-25,US,smartthings,majority,34,1,0,0,13
2019-04-25,US,sousvide,majority,1,1,0,0,0
2019-04-25,US,t-echodot,majority,0,0,0,0,0
2019-04-25,US,t-smartthings-hub,majority,0,0,0,0,0
2019-04-25,US,t-wemo-plug,majority,15,15,0,0,8
2019-04-25,US,tp-link-plug,majority,13,13,0,0,10
2019-04-25,US,tplink-bulb,majority,10,10,0,0,9
2019-04-25,US,wansview-cam-wired,majority,659,92,0,0,14
2019-04-25,US,washer,majority,12,12,0,0,10
2019-04-25,US,wink-hub2,majority,39,2,0,0,12
2019-04-25,US,xiaomi-cleaner,majority,4,4,0,0,3
2019-04-25,US,xiaomi-hub,majority,5,5,0,0,2
2019-04-25,US,xiaomi-ricecooker,majority,2,2,0,0,2
2019-04-25,US,xiaomi-strip,majority,3,3,0,0,2
2019-04-25,US,yi-camera,majority,6,6,0,0,3
2019-04-25,US,zmodo-doorbell,majority,20,20,0,0,18
2019-04-25,US,amcrest-cam-wired,dib_without_portability_gate,0,0,0,0,0
2019-04-25,US,appletv,dib_without_portability_gate,26,3,0,0,23
2019-04-25,US,blink-camera,dib_without_portability_gate,0,0,0,0,0
2019-04-25,US,blink-security-hub,dib_without_portability_gate,0,0,0,0,0
2019-04-25,US,brewer,dib_without_portability_gate,0,0,0,0,0
2019-04-25,US,bulb1,dib_without_portability_gate,0,0,0,0,0
2019-04-25,US,cloudcam,dib_without_portability_gate,0,0,0,0,0
2019-04-25,US,dlink-mov,dib_without_portability_gate,0,0,0,0,0
2019-04-25,US,dryer,dib_without_portability_gate,0,0,0,0,0
2019-04-25,US,echodot,dib_without_portability_gate,10,10,0,0,10
2019-04-25,US,echoplus,dib_without_portability_gate,13,13,0,0,12
2019-04-25,US,echospot,dib_without_portability_gate,19,19,0,0,17
2019-04-25,US,firetv,dib_without_portability_gate,15,15,0,0,12
2019-04-25,US,fridge,dib_without_portability_gate,0,0,0,0,0
2019-04-25,US,google-home-mini,dib_without_portability_gate,10,10,0,0,9
2019-04-25,US,google-home-mini2,dib_without_portability_gate,0,0,0,0,0
2019-04-25,US,ikettle,dib_without_portability_gate,0,0,0,0,0
2019-04-25,US,insteon-hub,dib_without_portability_gate,0,0,0,0,0
2019-04-25,US,invoke,dib_without_portability_gate,0,0,0,0,0
2019-04-25,US,lefun-cam-wired,dib_without_portability_gate,0,0,0,0,0
2019-04-25,US,lgtv-wired,dib_without_portability_gate,0,0,0,0,0
2019-04-25,US,lightify-hub,dib_without_portability_gate,0,0,0,0,0
2019-04-25,US,luohe-spycam,dib_without_portability_gate,0,0,0,0,0
2019-04-25,US,magichome-strip,dib_without_portability_gate,0,0,0,0,0
2019-04-25,US,microseven-camera,dib_without_portability_gate,0,0,0,0,0
2019-04-25,US,microwave,dib_without_portability_gate,0,0,0,0,0
2019-04-25,US,nest-tstat,dib_without_portability_gate,5,5,0,0,5
2019-04-25,US,philips-hue,dib_without_portability_gate,13,0,0,0,6
2019-04-25,US,ring-doorbell,dib_without_portability_gate,0,0,0,0,0
2019-04-25,US,roku-tv,dib_without_portability_gate,19,19,0,0,16
2019-04-25,US,samsungtv-wired,dib_without_portability_gate,38,0,0,0,32
2019-04-25,US,sengled-hub,dib_without_portability_gate,0,0,0,0,0
2019-04-25,US,smartthings,dib_without_portability_gate,5,0,0,0,4
2019-04-25,US,sousvide,dib_without_portability_gate,1,1,0,0,0
2019-04-25,US,t-echodot,dib_without_portability_gate,0,0,0,0,0
2019-04-25,US,t-smartthings-hub,dib_without_portability_gate,0,0,0,0,0
2019-04-25,US,t-wemo-plug,dib_without_portability_gate,1,1,0,0,0
2019-04-25,US,tp-link-plug,dib_without_portability_gate,2,2,0,0,2
2019-04-25,US,tplink-bulb,dib_without_portability_gate,2,2,0,0,2
2019-04-25,US,wansview-cam-wired,dib_without_portability_gate,10,2,0,0,8
2019-04-25,US,washer,dib_without_portability_gate,0,0,0,0,0
2019-04-25,US,wink-hub2,dib_without_portability_gate,0,0,0,0,0
2019-04-25,US,xiaomi-cleaner,dib_without_portability_gate,0,0,0,0,0
2019-04-25,US,xiaomi-hub,dib_without_portability_gate,0,0,0,0,0
2019-04-25,US,xiaomi-ricecooker,dib_without_portability_gate,0,0,0,0,0
2019-04-25,US,xiaomi-strip,dib_without_portability_gate,0,0,0,0,0
2019-04-25,US,yi-camera,dib_without_portability_gate,0,0,0,0,0
2019-04-25,US,zmodo-doorbell,dib_without_portability_gate,0,0,0,0,0
2019-04-25,UK,allure-speaker,dib,0,0,0,0,0
2019-04-25,UK,appletv,dib,23,3,0,0,23
2019-04-25,UK,blink-camera,dib,0,0,0,0,0
2019-04-25,UK,blink-security-hub,dib,0,0,0,0,0
2019-04-25,UK,bosiwo-camera-wifi,dib,0,0,0,0,0
2019-04-25,UK,bosiwo-camera-wired,dib,0,0,0,0,0
2019-04-25,UK,charger-camera,dib,0,0,0,0,0
2019-04-25,UK,echodot,dib,10,10,0,0,10
2019-04-25,UK,echoplus,dib,12,12,0,0,12
2019-04-25,UK,echospot,dib,17,17,0,0,17
2019-04-25,UK,firetv,dib,12,12,0,0,12
2019-04-25,UK,google-home,dib,0,0,0,0,0
2019-04-25,UK,google-home-mini,dib,9,9,0,0,9
2019-04-25,UK,honeywell-thermostat,dib,0,0,0,0,0
2019-04-25,UK,insteon-hub,dib,0,0,0,0,0
2019-04-25,UK,lightify-hub,dib,0,0,0,0,0
2019-04-25,UK,magichome-strip,dib,0,0,0,0,0
2019-04-25,UK,nest-tstat,dib,5,5,0,0,5
2019-04-25,UK,netatmo-weather,dib,0,0,0,0,0
2019-04-25,UK,philips-hue,dib,10,0,0,0,6
2019-04-25,UK,ring-doorbell,dib,0,0,0,0,0
2019-04-25,UK,roku-tv,dib,17,17,0,0,16
2019-04-25,UK,samsungtv-wired,dib,32,0,0,0,32
2019-04-25,UK,sengled-hub,dib,0,0,0,0,0
2019-04-25,UK,smarter-coffee-mach,dib,0,0,0,0,0
2019-04-25,UK,smartthings,dib,4,0,0,0,4
2019-04-25,UK,sousvide,dib,0,0,0,0,0
2019-04-25,UK,t-wemo-plug,dib,0,0,0,0,0
2019-04-25,UK,tp-link-plug,dib,2,2,0,0,2
2019-04-25,UK,tplink-bulb,dib,2,2,0,0,2
2019-04-25,UK,tplink-plug2,dib,0,0,0,0,0
2019-04-25,UK,wansview-cam-wired,dib,8,2,0,0,8
2019-04-25,UK,xiaomi-cam2,dib,0,0,0,0,0
2019-04-25,UK,xiaomi-cleaner,dib,0,0,0,0,0
2019-04-25,UK,xiaomi-hub,dib,0,0,0,0,0
2019-04-25,UK,xiaomi-plug,dib,0,0,0,0,0
2019-04-25,UK,yi-camera,dib,0,0,0,0,0
2019-04-25,UK,allure-speaker,pooled_union,20,20,0,0,18
2019-04-25,UK,appletv,pooled_union,102,5,0,0,79
2019-04-25,UK,blink-camera,pooled_union,4,4,0,0,4
2019-04-25,UK,blink-security-hub,pooled_union,18,18,0,0,9
2019-04-25,UK,bosiwo-camera-wifi,pooled_union,0,0,0,0,0
2019-04-25,UK,bosiwo-camera-wired,pooled_union,159,0,0,0,0
2019-04-25,UK,charger-camera,pooled_union,1,1,0,0,0
2019-04-25,UK,echodot,pooled_union,40,40,0,0,36
2019-04-25,UK,echoplus,pooled_union,42,42,0,0,38
2019-04-25,UK,echospot,pooled_union,71,71,0,0,56
2019-04-25,UK,firetv,pooled_union,123,123,0,0,111
2019-04-25,UK,google-home,pooled_union,19,19,0,0,17
2019-04-25,UK,google-home-mini,pooled_union,35,35,0,0,30
2019-04-25,UK,honeywell-thermostat,pooled_union,0,0,0,0,0
2019-04-25,UK,insteon-hub,pooled_union,13,0,0,0,8
2019-04-25,UK,lightify-hub,pooled_union,9,9,0,0,5
2019-04-25,UK,magichome-strip,pooled_union,4,4,0,0,3
2019-04-25,UK,nest-tstat,pooled_union,20,20,0,0,17
2019-04-25,UK,netatmo-weather,pooled_union,2,2,0,0,2
2019-04-25,UK,philips-hue,pooled_union,42,3,0,0,29
2019-04-25,UK,ring-doorbell,pooled_union,19,19,0,0,0
2019-04-25,UK,roku-tv,pooled_union,67,67,0,0,63
2019-04-25,UK,samsungtv-wired,pooled_union,298,6,0,0,165
2019-04-25,UK,sengled-hub,pooled_union,20,5,0,0,10
2019-04-25,UK,smarter-coffee-mach,pooled_union,1,1,0,0,0
2019-04-25,UK,smartthings,pooled_union,34,1,0,0,13
2019-04-25,UK,sousvide,pooled_union,1,1,0,0,0
2019-04-25,UK,t-wemo-plug,pooled_union,15,15,0,0,8
2019-04-25,UK,tp-link-plug,pooled_union,13,13,0,0,10
2019-04-25,UK,tplink-bulb,pooled_union,10,10,0,0,9
2019-04-25,UK,tplink-plug2,pooled_union,4,4,0,0,3
2019-04-25,UK,wansview-cam-wired,pooled_union,659,92,0,0,14
2019-04-25,UK,xiaomi-cam2,pooled_union,5,5,0,0,0
2019-04-25,UK,xiaomi-cleaner,pooled_union,4,4,0,0,3
2019-04-25,UK,xiaomi-hub,pooled_union,5,5,0,0,2
2019-04-25,UK,xiaomi-plug,pooled_union,0,0,0,0,0
2019-04-25,UK,yi-camera,pooled_union,6,6,0,0,3
2019-04-25,UK,allure-speaker,quorum_only,0,0,0,0,0
2019-04-25,UK,appletv,quorum_only,26,3,0,0,23
2019-04-25,UK,blink-camera,quorum_only,0,0,0,0,0
2019-04-25,UK,blink-security-hub,quorum_only,0,0,0,0,0
2019-04-25,UK,bosiwo-camera-wifi,quorum_only,0,0,0,0,0
2019-04-25,UK,bosiwo-camera-wired,quorum_only,0,0,0,0,0
2019-04-25,UK,charger-camera,quorum_only,0,0,0,0,0
2019-04-25,UK,echodot,quorum_only,10,10,0,0,10
2019-04-25,UK,echoplus,quorum_only,13,13,0,0,12
2019-04-25,UK,echospot,quorum_only,19,19,0,0,17
2019-04-25,UK,firetv,quorum_only,15,15,0,0,12
2019-04-25,UK,google-home,quorum_only,0,0,0,0,0
2019-04-25,UK,google-home-mini,quorum_only,10,10,0,0,9
2019-04-25,UK,honeywell-thermostat,quorum_only,0,0,0,0,0
2019-04-25,UK,insteon-hub,quorum_only,0,0,0,0,0
2019-04-25,UK,lightify-hub,quorum_only,0,0,0,0,0
2019-04-25,UK,magichome-strip,quorum_only,0,0,0,0,0
2019-04-25,UK,nest-tstat,quorum_only,5,5,0,0,5
2019-04-25,UK,netatmo-weather,quorum_only,0,0,0,0,0
2019-04-25,UK,philips-hue,quorum_only,17,0,0,0,10
2019-04-25,UK,ring-doorbell,quorum_only,0,0,0,0,0
2019-04-25,UK,roku-tv,quorum_only,19,19,0,0,16
2019-04-25,UK,samsungtv-wired,quorum_only,38,0,0,0,32
2019-04-25,UK,sengled-hub,quorum_only,0,0,0,0,0
2019-04-25,UK,smarter-coffee-mach,quorum_only,0,0,0,0,0
2019-04-25,UK,smartthings,quorum_only,6,0,0,0,4
2019-04-25,UK,sousvide,quorum_only,1,1,0,0,0
2019-04-25,UK,t-wemo-plug,quorum_only,1,1,0,0,0
2019-04-25,UK,tp-link-plug,quorum_only,2,2,0,0,2
2019-04-25,UK,tplink-bulb,quorum_only,2,2,0,0,2
2019-04-25,UK,tplink-plug2,quorum_only,0,0,0,0,0
2019-04-25,UK,wansview-cam-wired,quorum_only,18,5,0,0,8
2019-04-25,UK,xiaomi-cam2,quorum_only,0,0,0,0,0
2019-04-25,UK,xiaomi-cleaner,quorum_only,0,0,0,0,0
2019-04-25,UK,xiaomi-hub,quorum_only,0,0,0,0,0
2019-04-25,UK,xiaomi-plug,quorum_only,0,0,0,0,0
2019-04-25,UK,yi-camera,quorum_only,0,0,0,0,0
2019-04-25,UK,allure-speaker,majority,20,20,0,0,18
2019-04-25,UK,appletv,majority,102,5,0,0,79
2019-04-25,UK,blink-camera,majority,4,4,0,0,4
2019-04-25,UK,blink-security-hub,majority,18,18,0,0,9
2019-04-25,UK,bosiwo-camera-wifi,majority,0,0,0,0,0
2019-04-25,UK,bosiwo-camera-wired,majority,159,0,0,0,0
2019-04-25,UK,charger-camera,majority,1,1,0,0,0
2019-04-25,UK,echodot,majority,40,40,0,0,36
2019-04-25,UK,echoplus,majority,42,42,0,0,38
2019-04-25,UK,echospot,majority,71,71,0,0,56
2019-04-25,UK,firetv,majority,123,123,0,0,111
2019-04-25,UK,google-home,majority,19,19,0,0,17
2019-04-25,UK,google-home-mini,majority,35,35,0,0,30
2019-04-25,UK,honeywell-thermostat,majority,0,0,0,0,0
2019-04-25,UK,insteon-hub,majority,13,0,0,0,8
2019-04-25,UK,lightify-hub,majority,9,9,0,0,5
2019-04-25,UK,magichome-strip,majority,4,4,0,0,3
2019-04-25,UK,nest-tstat,majority,20,20,0,0,17
2019-04-25,UK,netatmo-weather,majority,2,2,0,0,2
2019-04-25,UK,philips-hue,majority,42,3,0,0,29
2019-04-25,UK,ring-doorbell,majority,19,19,0,0,0
2019-04-25,UK,roku-tv,majority,67,67,0,0,63
2019-04-25,UK,samsungtv-wired,majority,298,6,0,0,165
2019-04-25,UK,sengled-hub,majority,20,5,0,0,10
2019-04-25,UK,smarter-coffee-mach,majority,1,1,0,0,0
2019-04-25,UK,smartthings,majority,34,1,0,0,13
2019-04-25,UK,sousvide,majority,1,1,0,0,0
2019-04-25,UK,t-wemo-plug,majority,15,15,0,0,8
2019-04-25,UK,tp-link-plug,majority,13,13,0,0,10
2019-04-25,UK,tplink-bulb,majority,10,10,0,0,9
2019-04-25,UK,tplink-plug2,majority,4,4,0,0,3
2019-04-25,UK,wansview-cam-wired,majority,659,92,0,0,14
2019-04-25,UK,xiaomi-cam2,majority,5,5,0,0,0
2019-04-25,UK,xiaomi-cleaner,majority,4,4,0,0,3
2019-04-25,UK,xiaomi-hub,majority,5,5,0,0,2
2019-04-25,UK,xiaomi-plug,majority,0,0,0,0,0
2019-04-25,UK,yi-camera,majority,6,6,0,0,3
2019-04-25,UK,allure-speaker,dib_without_portability_gate,0,0,0,0,0
2019-04-25,UK,appletv,dib_without_portability_gate,26,3,0,0,23
2019-04-25,UK,blink-camera,dib_without_portability_gate,0,0,0,0,0
2019-04-25,UK,blink-security-hub,dib_without_portability_gate,0,0,0,0,0
2019-04-25,UK,bosiwo-camera-wifi,dib_without_portability_gate,0,0,0,0,0
2019-04-25,UK,bosiwo-camera-wired,dib_without_portability_gate,0,0,0,0,0
2019-04-25,UK,charger-camera,dib_without_portability_gate,0,0,0,0,0
2019-04-25,UK,echodot,dib_without_portability_gate,10,10,0,0,10
2019-04-25,UK,echoplus,dib_without_portability_gate,13,13,0,0,12
2019-04-25,UK,echospot,dib_without_portability_gate,19,19,0,0,17
2019-04-25,UK,firetv,dib_without_portability_gate,15,15,0,0,12
2019-04-25,UK,google-home,dib_without_portability_gate,0,0,0,0,0
2019-04-25,UK,google-home-mini,dib_without_portability_gate,10,10,0,0,9
2019-04-25,UK,honeywell-thermostat,dib_without_portability_gate,0,0,0,0,0
2019-04-25,UK,insteon-hub,dib_without_portability_gate,0,0,0,0,0
2019-04-25,UK,lightify-hub,dib_without_portability_gate,0,0,0,0,0
2019-04-25,UK,magichome-strip,dib_without_portability_gate,0,0,0,0,0
2019-04-25,UK,nest-tstat,dib_without_portability_gate,5,5,0,0,5
2019-04-25,UK,netatmo-weather,dib_without_portability_gate,0,0,0,0,0
2019-04-25,UK,philips-hue,dib_without_portability_gate,13,0,0,0,6
2019-04-25,UK,ring-doorbell,dib_without_portability_gate,0,0,0,0,0
2019-04-25,UK,roku-tv,dib_without_portability_gate,19,19,0,0,16
2019-04-25,UK,samsungtv-wired,dib_without_portability_gate,38,0,0,0,32
2019-04-25,UK,sengled-hub,dib_without_portability_gate,0,0,0,0,0
2019-04-25,UK,smarter-coffee-mach,dib_without_portability_gate,0,0,0,0,0
2019-04-25,UK,smartthings,dib_without_portability_gate,5,0,0,0,4
2019-04-25,UK,sousvide,dib_without_portability_gate,1,1,0,0,0
2019-04-25,UK,t-wemo-plug,dib_without_portability_gate,1,1,0,0,0
2019-04-25,UK,tp-link-plug,dib_without_portability_gate,2,2,0,0,2
2019-04-25,UK,tplink-bulb,dib_without_portability_gate,2,2,0,0,2
2019-04-25,UK,tplink-plug2,dib_without_portability_gate,0,0,0,0,0
2019-04-25,UK,wansview-cam-wired,dib_without_portability_gate,10,2,0,0,8
2019-04-25,UK,xiaomi-cam2,dib_without_portability_gate,0,0,0,0,0
2019-04-25,UK,xiaomi-cleaner,dib_without_portability_gate,0,0,0,0,0
2019-04-25,UK,xiaomi-hub,dib_without_portability_gate,0,0,0,0,0
2019-04-25,UK,xiaomi-plug,dib_without_portability_gate,0,0,0,0,0
2019-04-25,UK,yi-camera,dib_without_portability_gate,0,0,0,0,0
2019-04-26,US,amcrest-cam-wired,dib,0,0,0,0,0
2019-04-26,US,appletv,dib,51,28,0,0,51
2019-04-26,US,blink-camera,dib,0,0,0,0,0
2019-04-26,US,blink-security-hub,dib,6,6,0,0,6
2019-04-26,US,brewer,dib,0,0,0,0,0
2019-04-26,US,bulb1,dib,0,0,0,0,0
2019-04-26,US,cloudcam,dib,0,0,0,0,0
2019-04-26,US,dlink-mov,dib,0,0,0,0,0
2019-04-26,US,dryer,dib,0,0,0,0,0
2019-04-26,US,echodot,dib,27,17,0,0,27
2019-04-26,US,echoplus,dib,28,16,0,0,28
2019-04-26,US,echospot,dib,39,22,0,0,39
2019-04-26,US,firetv,dib,60,48,0,0,60
2019-04-26,US,fridge,dib,0,0,0,0,0
2019-04-26,US,google-home-mini,dib,21,12,0,0,21
2019-04-26,US,google-home-mini2,dib,0,0,0,0,0
2019-04-26,US,ikettle,dib,0,0,0,0,0
2019-04-26,US,insteon-hub,dib,1,1,0,0,1
2019-04-26,US,invoke,dib,0,0,0,0,0
2019-04-26,US,lefun-cam-wired,dib,0,0,0,0,0
2019-04-26,US,lgtv-wired,dib,0,0,0,0,0
2019-04-26,US,lightify-hub,dib,0,0,0,0,0
2019-04-26,US,luohe-spycam,dib,0,0,0,0,0
2019-04-26,US,magichome-strip,dib,0,0,0,0,0
2019-04-26,US,microseven-camera,dib,0,0,0,0,0
2019-04-26,US,microwave,dib,0,0,0,0,0
2019-04-26,US,nest-tstat,dib,12,7,0,0,12
2019-04-26,US,philips-hue,dib,10,0,0,0,6
2019-04-26,US,ring-doorbell,dib,4,4,0,0,4
2019-04-26,US,roku-tv,dib,42,25,0,0,41
2019-04-26,US,samsungtv-wired,dib,41,9,0,0,41
2019-04-26,US,sengled-hub,dib,0,0,0,0,0
2019-04-26,US,smartthings,dib,4,0,0,0,4
2019-04-26,US,sousvide,dib,0,0,0,0,0
2019-04-26,US,t-echodot,dib,0,0,0,0,0
2019-04-26,US,t-smartthings-hub,dib,0,0,0,0,0
2019-04-26,US,t-wemo-plug,dib,6,6,0,0,6
2019-04-26,US,tp-link-plug,dib,10,8,0,0,10
2019-04-26,US,tplink-bulb,dib,4,2,0,0,4
2019-04-26,US,wansview-cam-wired,dib,9,1,0,0,9
2019-04-26,US,washer,dib,0,0,0,0,0
2019-04-26,US,wink-hub2,dib,0,0,0,0,0
2019-04-26,US,xiaomi-cleaner,dib,0,0,0,0,0
2019-04-26,US,xiaomi-hub,dib,4,4,0,0,4
2019-04-26,US,xiaomi-ricecooker,dib,0,0,0,0,0
2019-04-26,US,xiaomi-strip,dib,0,0,0,0,0
2019-04-26,US,yi-camera,dib,0,0,0,0,0
2019-04-26,US,zmodo-doorbell,dib,0,0,0,0,0
2019-04-26,US,amcrest-cam-wired,pooled_union,7401,80,0,0,12
2019-04-26,US,appletv,pooled_union,133,31,0,0,104
2019-04-26,US,blink-camera,pooled_union,18,14,0,0,8
2019-04-26,US,blink-security-hub,pooled_union,37,19,0,0,14
2019-04-26,US,brewer,pooled_union,5,2,0,0,3
2019-04-26,US,bulb1,pooled_union,8,2,0,0,4
2019-04-26,US,cloudcam,pooled_union,34,15,0,0,24
2019-04-26,US,dlink-mov,pooled_union,19,3,0,0,16
2019-04-26,US,dryer,pooled_union,42,30,0,0,31
2019-04-26,US,echodot,pooled_union,73,33,0,0,44
2019-04-26,US,echoplus,pooled_union,115,73,0,0,48
2019-04-26,US,echospot,pooled_union,148,77,0,0,70
2019-04-26,US,firetv,pooled_union,192,69,0,0,157
2019-04-26,US,fridge,pooled_union,96,41,0,0,61
2019-04-26,US,google-home-mini,pooled_union,75,40,0,0,40
2019-04-26,US,google-home-mini2,pooled_union,32,32,0,0,30
2019-04-26,US,ikettle,pooled_union,3,1,0,0,2
2019-04-26,US,insteon-hub,pooled_union,14,1,0,0,9
2019-04-26,US,invoke,pooled_union,39,13,0,0,30
2019-04-26,US,lefun-cam-wired,pooled_union,217,0,0,0,0
2019-04-26,US,lgtv-wired,pooled_union,68,2,0,0,39
2019-04-26,US,lightify-hub,pooled_union,19,10,0,0,8
2019-04-26,US,luohe-spycam,pooled_union,7,1,0,0,4
2019-04-26,US,magichome-strip,pooled_union,7,3,0,0,4
2019-04-26,US,microseven-camera,pooled_union,6,0,0,0,5
2019-04-26,US,microwave,pooled_union,5,1,0,0,4
2019-04-26,US,nest-tstat,pooled_union,58,38,0,0,44
2019-04-26,US,philips-hue,pooled_union,55,13,0,0,30
2019-04-26,US,ring-doorbell,pooled_union,186,167,0,0,12
2019-04-26,US,roku-tv,pooled_union,111,44,0,0,86
2019-04-26,US,samsungtv-wired,pooled_union,386,88,0,0,243
2019-04-26,US,sengled-hub,pooled_union,23,3,0,0,12
2019-04-26,US,smartthings,pooled_union,39,5,0,0,16
2019-04-26,US,sousvide,pooled_union,1,0,0,0,0
2019-04-26,US,t-echodot,pooled_union,27,27,0,0,22
2019-04-26,US,t-smartthings-hub,pooled_union,5,5,0,0,4
2019-04-26,US,t-wemo-plug,pooled_union,52,37,0,0,8
2019-04-26,US,tp-link-plug,pooled_union,34,21,0,0,25
2019-04-26,US,tplink-bulb,pooled_union,41,31,0,0,19
2019-04-26,US,wansview-cam-wired,pooled_union,660,1,0,0,14
2019-04-26,US,washer,pooled_union,38,26,0,0,28
2019-04-26,US,wink-hub2,pooled_union,40,1,0,0,12
2019-04-26,US,xiaomi-cleaner,pooled_union,14,10,0,0,10
2019-04-26,US,xiaomi-hub,pooled_union,29,24,0,0,4
2019-04-26,US,xiaomi-ricecooker,pooled_union,4,2,0,0,2
2019-04-26,US,xiaomi-strip,pooled_union,16,13,0,0,2
2019-04-26,US,yi-camera,pooled_union,34,28,0,0,10
2019-04-26,US,zmodo-doorbell,pooled_union,23,3,0,0,20
2019-04-26,US,amcrest-cam-wired,quorum_only,0,0,0,0,0
2019-04-26,US,appletv,quorum_only,60,34,0,0,57
2019-04-26,US,blink-camera,quorum_only,0,0,0,0,0
2019-04-26,US,blink-security-hub,quorum_only,6,6,0,0,6
2019-04-26,US,brewer,quorum_only,0,0,0,0,0
2019-04-26,US,bulb1,quorum_only,0,0,0,0,0
2019-04-26,US,cloudcam,quorum_only,0,0,0,0,0
2019-04-26,US,dlink-mov,quorum_only,0,0,0,0,0
2019-04-26,US,dryer,quorum_only,0,0,0,0,0
2019-04-26,US,echodot,quorum_only,28,18,0,0,27
2019-04-26,US,echoplus,quorum_only,31,18,0,0,28
2019-04-26,US,echospot,quorum_only,48,29,0,0,39
2019-04-26,US,firetv,quorum_only,66,51,0,0,60
2019-04-26,US,fridge,quorum_only,0,0,0,0,0
2019-04-26,US,google-home-mini,quorum_only,23,13,0,0,21
2019-04-26,US,google-home-mini2,quorum_only,0,0,0,0,0
2019-04-26,US,ikettle,quorum_only,0,0,0,0,0
2019-04-26,US,insteon-hub,quorum_only,1,1,0,0,1
2019-04-26,US,invoke,quorum_only,0,0,0,0,0
2019-04-26,US,lefun-cam-wired,quorum_only,0,0,0,0,0
2019-04-26,US,lgtv-wired,quorum_only,0,0,0,0,0
2019-04-26,US,lightify-hub,quorum_only,1,1,0,0,0
2019-04-26,US,luohe-spycam,quorum_only,0,0,0,0,0
2019-04-26,US,magichome-strip,quorum_only,0,0,0,0,0
2019-04-26,US,microseven-camera,quorum_only,0,0,0,0,0
2019-04-26,US,microwave,quorum_only,0,0,0,0,0
2019-04-26,US,nest-tstat,quorum_only,14,9,0,0,12
2019-04-26,US,philips-hue,quorum_only,30,13,0,0,23
2019-04-26,US,ring-doorbell,quorum_only,4,4,0,0,4
2019-04-26,US,roku-tv,quorum_only,44,25,0,0,41
2019-04-26,US,samsungtv-wired,quorum_only,49,11,0,0,43
2019-04-26,US,sengled-hub,quorum_only,0,0,0,0,0
2019-04-26,US,smartthings,quorum_only,9,3,0,0,7
2019-04-26,US,sousvide,quorum_only,1,0,0,0,0
2019-04-26,US,t-echodot,quorum_only,0,0,0,0,0
2019-04-26,US,t-smartthings-hub,quorum_only,0,0,0,0,0
2019-04-26,US,t-wemo-plug,quorum_only,14,13,0,0,6
2019-04-26,US,tp-link-plug,quorum_only,12,10,0,0,10
2019-04-26,US,tplink-bulb,quorum_only,4,2,0,0,4
2019-04-26,US,wansview-cam-wired,quorum_only,21,3,0,0,11
2019-04-26,US,washer,quorum_only,0,0,0,0,0
2019-04-26,US,wink-hub2,quorum_only,0,0,0,0,0
2019-04-26,US,xiaomi-cleaner,quorum_only,1,1,0,0,0
2019-04-26,US,xiaomi-hub,quorum_only,8,8,0,0,4
2019-04-26,US,xiaomi-ricecooker,quorum_only,0,0,0,0,0
2019-04-26,US,xiaomi-strip,quorum_only,0,0,0,0,0
2019-04-26,US,yi-camera,quorum_only,3,3,0,0,0
2019-04-26,US,zmodo-doorbell,quorum_only,0,0,0,0,0
2019-04-26,US,amcrest-cam-wired,majority,7401,80,0,0,12
2019-04-26,US,appletv,majority,133,31,0,0,104
2019-04-26,US,blink-camera,majority,18,14,0,0,8
2019-04-26,US,blink-security-hub,majority,37,19,0,0,14
2019-04-26,US,brewer,majority,5,2,0,0,3
2019-04-26,US,bulb1,majority,8,2,0,0,4
2019-04-26,US,cloudcam,majority,34,15,0,0,24
2019-04-26,US,dlink-mov,majority,19,3,0,0,16
2019-04-26,US,dryer,majority,42,30,0,0,31
2019-04-26,US,echodot,majority,73,33,0,0,44
2019-04-26,US,echoplus,majority,115,73,0,0,48
2019-04-26,US,echospot,majority,148,77,0,0,70
2019-04-26,US,firetv,majority,192,69,0,0,157
2019-04-26,US,fridge,majority,96,41,0,0,61
2019-04-26,US,google-home-mini,majority,75,40,0,0,40
2019-04-26,US,google-home-mini2,majority,32,32,0,0,30
2019-04-26,US,ikettle,majority,3,1,0,0,2
2019-04-26,US,insteon-hub,majority,14,1,0,0,9
2019-04-26,US,invoke,majority,39,13,0,0,30
2019-04-26,US,lefun-cam-wired,majority,217,0,0,0,0
2019-04-26,US,lgtv-wired,majority,68,2,0,0,39
2019-04-26,US,lightify-hub,majority,19,10,0,0,8
2019-04-26,US,luohe-spycam,majority,7,1,0,0,4
2019-04-26,US,magichome-strip,majority,7,3,0,0,4
2019-04-26,US,microseven-camera,majority,6,0,0,0,5
2019-04-26,US,microwave,majority,5,1,0,0,4
2019-04-26,US,nest-tstat,majority,58,38,0,0,44
2019-04-26,US,philips-hue,majority,55,13,0,0,30
2019-04-26,US,ring-doorbell,majority,186,167,0,0,12
2019-04-26,US,roku-tv,majority,111,44,0,0,86
2019-04-26,US,samsungtv-wired,majority,386,88,0,0,243
2019-04-26,US,sengled-hub,majority,23,3,0,0,12
2019-04-26,US,smartthings,majority,39,5,0,0,16
2019-04-26,US,sousvide,majority,1,0,0,0,0
2019-04-26,US,t-echodot,majority,27,27,0,0,22
2019-04-26,US,t-smartthings-hub,majority,5,5,0,0,4
2019-04-26,US,t-wemo-plug,majority,52,37,0,0,8
2019-04-26,US,tp-link-plug,majority,34,21,0,0,25
2019-04-26,US,tplink-bulb,majority,41,31,0,0,19
2019-04-26,US,wansview-cam-wired,majority,660,1,0,0,14
2019-04-26,US,washer,majority,38,26,0,0,28
2019-04-26,US,wink-hub2,majority,40,1,0,0,12
2019-04-26,US,xiaomi-cleaner,majority,14,10,0,0,10
2019-04-26,US,xiaomi-hub,majority,29,24,0,0,4
2019-04-26,US,xiaomi-ricecooker,majority,4,2,0,0,2
2019-04-26,US,xiaomi-strip,majority,16,13,0,0,2
2019-04-26,US,yi-camera,majority,34,28,0,0,10
2019-04-26,US,zmodo-doorbell,majority,23,3,0,0,20
2019-04-26,US,amcrest-cam-wired,dib_without_portability_gate,0,0,0,0,0
2019-04-26,US,appletv,dib_without_portability_gate,54,28,0,0,51
2019-04-26,US,blink-camera,dib_without_portability_gate,0,0,0,0,0
2019-04-26,US,blink-security-hub,dib_without_portability_gate,6,6,0,0,6
2019-04-26,US,brewer,dib_without_portability_gate,0,0,0,0,0
2019-04-26,US,bulb1,dib_without_portability_gate,0,0,0,0,0
2019-04-26,US,cloudcam,dib_without_portability_gate,0,0,0,0,0
2019-04-26,US,dlink-mov,dib_without_portability_gate,0,0,0,0,0
2019-04-26,US,dryer,dib_without_portability_gate,0,0,0,0,0
2019-04-26,US,echodot,dib_without_portability_gate,28,18,0,0,27
2019-04-26,US,echoplus,dib_without_portability_gate,31,18,0,0,28
2019-04-26,US,echospot,dib_without_portability_gate,48,29,0,0,39
2019-04-26,US,firetv,dib_without_portability_gate,66,51,0,0,60
2019-04-26,US,fridge,dib_without_portability_gate,0,0,0,0,0
2019-04-26,US,google-home-mini,dib_without_portability_gate,23,13,0,0,21
2019-04-26,US,google-home-mini2,dib_without_portability_gate,0,0,0,0,0
2019-04-26,US,ikettle,dib_without_portability_gate,0,0,0,0,0
2019-04-26,US,insteon-hub,dib_without_portability_gate,1,1,0,0,1
2019-04-26,US,invoke,dib_without_portability_gate,0,0,0,0,0
2019-04-26,US,lefun-cam-wired,dib_without_portability_gate,0,0,0,0,0
2019-04-26,US,lgtv-wired,dib_without_portability_gate,0,0,0,0,0
2019-04-26,US,lightify-hub,dib_without_portability_gate,1,1,0,0,0
2019-04-26,US,luohe-spycam,dib_without_portability_gate,0,0,0,0,0
2019-04-26,US,magichome-strip,dib_without_portability_gate,0,0,0,0,0
2019-04-26,US,microseven-camera,dib_without_portability_gate,0,0,0,0,0
2019-04-26,US,microwave,dib_without_portability_gate,0,0,0,0,0
2019-04-26,US,nest-tstat,dib_without_portability_gate,14,9,0,0,12
2019-04-26,US,philips-hue,dib_without_portability_gate,13,0,0,0,6
2019-04-26,US,ring-doorbell,dib_without_portability_gate,4,4,0,0,4
2019-04-26,US,roku-tv,dib_without_portability_gate,44,25,0,0,41
2019-04-26,US,samsungtv-wired,dib_without_portability_gate,47,9,0,0,41
2019-04-26,US,sengled-hub,dib_without_portability_gate,0,0,0,0,0
2019-04-26,US,smartthings,dib_without_portability_gate,5,0,0,0,4
2019-04-26,US,sousvide,dib_without_portability_gate,1,0,0,0,0
2019-04-26,US,t-echodot,dib_without_portability_gate,0,0,0,0,0
2019-04-26,US,t-smartthings-hub,dib_without_portability_gate,0,0,0,0,0
2019-04-26,US,t-wemo-plug,dib_without_portability_gate,14,13,0,0,6
2019-04-26,US,tp-link-plug,dib_without_portability_gate,12,10,0,0,10
2019-04-26,US,tplink-bulb,dib_without_portability_gate,4,2,0,0,4
2019-04-26,US,wansview-cam-wired,dib_without_portability_gate,11,1,0,0,9
2019-04-26,US,washer,dib_without_portability_gate,0,0,0,0,0
2019-04-26,US,wink-hub2,dib_without_portability_gate,0,0,0,0,0
2019-04-26,US,xiaomi-cleaner,dib_without_portability_gate,1,1,0,0,0
2019-04-26,US,xiaomi-hub,dib_without_portability_gate,8,8,0,0,4
2019-04-26,US,xiaomi-ricecooker,dib_without_portability_gate,0,0,0,0,0
2019-04-26,US,xiaomi-strip,dib_without_portability_gate,0,0,0,0,0
2019-04-26,US,yi-camera,dib_without_portability_gate,3,3,0,0,0
2019-04-26,US,zmodo-doorbell,dib_without_portability_gate,0,0,0,0,0
2019-04-26,UK,allure-speaker,dib,0,0,0,0,0
2019-04-26,UK,appletv,dib,51,28,0,0,51
2019-04-26,UK,blink-camera,dib,0,0,0,0,0
2019-04-26,UK,blink-security-hub,dib,6,6,0,0,6
2019-04-26,UK,bosiwo-camera-wifi,dib,0,0,0,0,0
2019-04-26,UK,bosiwo-camera-wired,dib,0,0,0,0,0
2019-04-26,UK,charger-camera,dib,0,0,0,0,0
2019-04-26,UK,echodot,dib,27,17,0,0,27
2019-04-26,UK,echoplus,dib,28,16,0,0,28
2019-04-26,UK,echospot,dib,39,22,0,0,39
2019-04-26,UK,firetv,dib,60,48,0,0,60
2019-04-26,UK,google-home,dib,0,0,0,0,0
2019-04-26,UK,google-home-mini,dib,21,12,0,0,21
2019-04-26,UK,honeywell-thermostat,dib,0,0,0,0,0
2019-04-26,UK,insteon-hub,dib,1,1,0,0,1
2019-04-26,UK,lightify-hub,dib,0,0,0,0,0
2019-04-26,UK,magichome-strip,dib,0,0,0,0,0
2019-04-26,UK,nest-tstat,dib,12,7,0,0,12
2019-04-26,UK,netatmo-weather,dib,0,0,0,0,0
2019-04-26,UK,philips-hue,dib,10,0,0,0,6
2019-04-26,UK,ring-doorbell,dib,4,4,0,0,4
2019-04-26,UK,roku-tv,dib,42,25,0,0,41
2019-04-26,UK,samsungtv-wired,dib,41,9,0,0,41
2019-04-26,UK,sengled-hub,dib,0,0,0,0,0
2019-04-26,UK,smarter-coffee-mach,dib,0,0,0,0,0
2019-04-26,UK,smartthings,dib,4,0,0,0,4
2019-04-26,UK,sousvide,dib,0,0,0,0,0
2019-04-26,UK,t-wemo-plug,dib,6,6,0,0,6
2019-04-26,UK,tp-link-plug,dib,10,8,0,0,10
2019-04-26,UK,tplink-bulb,dib,4,2,0,0,4
2019-04-26,UK,tplink-plug2,dib,0,0,0,0,0
2019-04-26,UK,wansview-cam-wired,dib,9,1,0,0,9
2019-04-26,UK,xiaomi-cam2,dib,0,0,0,0,0
2019-04-26,UK,xiaomi-cleaner,dib,0,0,0,0,0
2019-04-26,UK,xiaomi-hub,dib,4,4,0,0,4
2019-04-26,UK,xiaomi-plug,dib,0,0,0,0,0
2019-04-26,UK,yi-camera,dib,0,0,0,0,0
2019-04-26,UK,allure-speaker,pooled_union,33,13,0,0,25
2019-04-26,UK,appletv,pooled_union,133,31,0,0,104
2019-04-26,UK,blink-camera,pooled_union,18,14,0,0,8
2019-04-26,UK,blink-security-hub,pooled_union,37,19,0,0,14
2019-04-26,UK,bosiwo-camera-wifi,pooled_union,2,2,0,0,0
2019-04-26,UK,bosiwo-camera-wired,pooled_union,162,3,0,0,0
2019-04-26,UK,charger-camera,pooled_union,12,11,0,0,4
2019-04-26,UK,echodot,pooled_union,73,33,0,0,44
2019-04-26,UK,echoplus,pooled_union,115,73,0,0,48
2019-04-26,UK,echospot,pooled_union,148,77,0,0,70
2019-04-26,UK,firetv,pooled_union,192,69,0,0,157
2019-04-26,UK,google-home,pooled_union,47,28,0,0,32
2019-04-26,UK,google-home-mini,pooled_union,75,40,0,0,40
2019-04-26,UK,honeywell-thermostat,pooled_union,8,8,0,0,6
2019-04-26,UK,insteon-hub,pooled_union,14,1,0,0,9
2019-04-26,UK,lightify-hub,pooled_union,19,10,0,0,8
2019-04-26,UK,magichome-strip,pooled_union,7,3,0,0,4
2019-04-26,UK,nest-tstat,pooled_union,58,38,0,0,44
2019-04-26,UK,netatmo-weather,pooled_union,2,0,0,0,2
2019-04-26,UK,philips-hue,pooled_union,55,13,0,0,30
2019-04-26,UK,ring-doorbell,pooled_union,186,167,0,0,12
2019-04-26,UK,roku-tv,pooled_union,111,44,0,0,86
2019-04-26,UK,samsungtv-wired,pooled_union,386,88,0,0,243
2019-04-26,UK,sengled-hub,pooled_union,23,3,0,0,12
2019-04-26,UK,smarter-coffee-mach,pooled_union,3,2,0,0,2
2019-04-26,UK,smartthings,pooled_union,39,5,0,0,16
2019-04-26,UK,sousvide,pooled_union,1,0,0,0,0
2019-04-26,UK,t-wemo-plug,pooled_union,52,37,0,0,8
2019-04-26,UK,tp-link-plug,pooled_union,34,21,0,0,25
2019-04-26,UK,tplink-bulb,pooled_union,41,31,0,0,19
2019-04-26,UK,tplink-plug2,pooled_union,5,1,0,0,3
2019-04-26,UK,wansview-cam-wired,pooled_union,660,1,0,0,14
2019-04-26,UK,xiaomi-cam2,pooled_union,40,35,0,0,12
2019-04-26,UK,xiaomi-cleaner,pooled_union,14,10,0,0,10
2019-04-26,UK,xiaomi-hub,pooled_union,29,24,0,0,4
2019-04-26,UK,xiaomi-plug,pooled_union,3,3,0,0,3
2019-04-26,UK,yi-camera,pooled_union,34,28,0,0,10
2019-04-26,UK,allure-speaker,quorum_only,0,0,0,0,0
2019-04-26,UK,appletv,quorum_only,60,34,0,0,57
2019-04-26,UK,blink-camera,quorum_only,0,0,0,0,0
2019-04-26,UK,blink-security-hub,quorum_only,6,6,0,0,6
2019-04-26,UK,bosiwo-camera-wifi,quorum_only,0,0,0,0,0
2019-04-26,UK,bosiwo-camera-wired,quorum_only,0,0,0,0,0
2019-04-26,UK,charger-camera,quorum_only,0,0,0,0,0
2019-04-26,UK,echodot,quorum_only,28,18,0,0,27
2019-04-26,UK,echoplus,quorum_only,31,18,0,0,28
2019-04-26,UK,echospot,quorum_only,48,29,0,0,39
2019-04-26,UK,firetv,quorum_only,66,51,0,0,60
2019-04-26,UK,google-home,quorum_only,0,0,0,0,0
2019-04-26,UK,google-home-mini,quorum_only,23,13,0,0,21
2019-04-26,UK,honeywell-thermostat,quorum_only,0,0,0,0,0
2019-04-26,UK,insteon-hub,quorum_only,1,1,0,0,1
2019-04-26,UK,lightify-hub,quorum_only,1,1,0,0,0
2019-04-26,UK,magichome-strip,quorum_only,0,0,0,0,0
2019-04-26,UK,nest-tstat,quorum_only,14,9,0,0,12
2019-04-26,UK,netatmo-weather,quorum_only,0,0,0,0,0
2019-04-26,UK,philips-hue,quorum_only,30,13,0,0,23
2019-04-26,UK,ring-doorbell,quorum_only,4,4,0,0,4
2019-04-26,UK,roku-tv,quorum_only,44,25,0,0,41
2019-04-26,UK,samsungtv-wired,quorum_only,49,11,0,0,43
2019-04-26,UK,sengled-hub,quorum_only,0,0,0,0,0
2019-04-26,UK,smarter-coffee-mach,quorum_only,0,0,0,0,0
2019-04-26,UK,smartthings,quorum_only,9,3,0,0,7
2019-04-26,UK,sousvide,quorum_only,1,0,0,0,0
2019-04-26,UK,t-wemo-plug,quorum_only,14,13,0,0,6
2019-04-26,UK,tp-link-plug,quorum_only,12,10,0,0,10
2019-04-26,UK,tplink-bulb,quorum_only,4,2,0,0,4
2019-04-26,UK,tplink-plug2,quorum_only,0,0,0,0,0
2019-04-26,UK,wansview-cam-wired,quorum_only,21,3,0,0,11
2019-04-26,UK,xiaomi-cam2,quorum_only,0,0,0,0,0
2019-04-26,UK,xiaomi-cleaner,quorum_only,1,1,0,0,0
2019-04-26,UK,xiaomi-hub,quorum_only,8,8,0,0,4
2019-04-26,UK,xiaomi-plug,quorum_only,0,0,0,0,0
2019-04-26,UK,yi-camera,quorum_only,3,3,0,0,0
2019-04-26,UK,allure-speaker,majority,33,13,0,0,25
2019-04-26,UK,appletv,majority,133,31,0,0,104
2019-04-26,UK,blink-camera,majority,18,14,0,0,8
2019-04-26,UK,blink-security-hub,majority,37,19,0,0,14
2019-04-26,UK,bosiwo-camera-wifi,majority,2,2,0,0,0
2019-04-26,UK,bosiwo-camera-wired,majority,162,3,0,0,0
2019-04-26,UK,charger-camera,majority,12,11,0,0,4
2019-04-26,UK,echodot,majority,73,33,0,0,44
2019-04-26,UK,echoplus,majority,115,73,0,0,48
2019-04-26,UK,echospot,majority,148,77,0,0,70
2019-04-26,UK,firetv,majority,192,69,0,0,157
2019-04-26,UK,google-home,majority,47,28,0,0,32
2019-04-26,UK,google-home-mini,majority,75,40,0,0,40
2019-04-26,UK,honeywell-thermostat,majority,8,8,0,0,6
2019-04-26,UK,insteon-hub,majority,14,1,0,0,9
2019-04-26,UK,lightify-hub,majority,19,10,0,0,8
2019-04-26,UK,magichome-strip,majority,7,3,0,0,4
2019-04-26,UK,nest-tstat,majority,58,38,0,0,44
2019-04-26,UK,netatmo-weather,majority,2,0,0,0,2
2019-04-26,UK,philips-hue,majority,55,13,0,0,30
2019-04-26,UK,ring-doorbell,majority,186,167,0,0,12
2019-04-26,UK,roku-tv,majority,111,44,0,0,86
2019-04-26,UK,samsungtv-wired,majority,386,88,0,0,243
2019-04-26,UK,sengled-hub,majority,23,3,0,0,12
2019-04-26,UK,smarter-coffee-mach,majority,3,2,0,0,2
2019-04-26,UK,smartthings,majority,39,5,0,0,16
2019-04-26,UK,sousvide,majority,1,0,0,0,0
2019-04-26,UK,t-wemo-plug,majority,52,37,0,0,8
2019-04-26,UK,tp-link-plug,majority,34,21,0,0,25
2019-04-26,UK,tplink-bulb,majority,41,31,0,0,19
2019-04-26,UK,tplink-plug2,majority,5,1,0,0,3
2019-04-26,UK,wansview-cam-wired,majority,660,1,0,0,14
2019-04-26,UK,xiaomi-cam2,majority,40,35,0,0,12
2019-04-26,UK,xiaomi-cleaner,majority,14,10,0,0,10
2019-04-26,UK,xiaomi-hub,majority,29,24,0,0,4
2019-04-26,UK,xiaomi-plug,majority,3,3,0,0,3
2019-04-26,UK,yi-camera,majority,34,28,0,0,10
2019-04-26,UK,allure-speaker,dib_without_portability_gate,0,0,0,0,0
2019-04-26,UK,appletv,dib_without_portability_gate,54,28,0,0,51
2019-04-26,UK,blink-camera,dib_without_portability_gate,0,0,0,0,0
2019-04-26,UK,blink-security-hub,dib_without_portability_gate,6,6,0,0,6
2019-04-26,UK,bosiwo-camera-wifi,dib_without_portability_gate,0,0,0,0,0
2019-04-26,UK,bosiwo-camera-wired,dib_without_portability_gate,0,0,0,0,0
2019-04-26,UK,charger-camera,dib_without_portability_gate,0,0,0,0,0
2019-04-26,UK,echodot,dib_without_portability_gate,28,18,0,0,27
2019-04-26,UK,echoplus,dib_without_portability_gate,31,18,0,0,28
2019-04-26,UK,echospot,dib_without_portability_gate,48,29,0,0,39
2019-04-26,UK,firetv,dib_without_portability_gate,66,51,0,0,60
2019-04-26,UK,google-home,dib_without_portability_gate,0,0,0,0,0
2019-04-26,UK,google-home-mini,dib_without_portability_gate,23,13,0,0,21
2019-04-26,UK,honeywell-thermostat,dib_without_portability_gate,0,0,0,0,0
2019-04-26,UK,insteon-hub,dib_without_portability_gate,1,1,0,0,1
2019-04-26,UK,lightify-hub,dib_without_portability_gate,1,1,0,0,0
2019-04-26,UK,magichome-strip,dib_without_portability_gate,0,0,0,0,0
2019-04-26,UK,nest-tstat,dib_without_portability_gate,14,9,0,0,12
2019-04-26,UK,netatmo-weather,dib_without_portability_gate,0,0,0,0,0
2019-04-26,UK,philips-hue,dib_without_portability_gate,13,0,0,0,6
2019-04-26,UK,ring-doorbell,dib_without_portability_gate,4,4,0,0,4
2019-04-26,UK,roku-tv,dib_without_portability_gate,44,25,0,0,41
2019-04-26,UK,samsungtv-wired,dib_without_portability_gate,47,9,0,0,41
2019-04-26,UK,sengled-hub,dib_without_portability_gate,0,0,0,0,0
2019-04-26,UK,smarter-coffee-mach,dib_without_portability_gate,0,0,0,0,0
2019-04-26,UK,smartthings,dib_without_portability_gate,5,0,0,0,4
2019-04-26,UK,sousvide,dib_without_portability_gate,1,0,0,0,0
2019-04-26,UK,t-wemo-plug,dib_without_portability_gate,14,13,0,0,6
2019-04-26,UK,tp-link-plug,dib_without_portability_gate,12,10,0,0,10
2019-04-26,UK,tplink-bulb,dib_without_portability_gate,4,2,0,0,4
2019-04-26,UK,tplink-plug2,dib_without_portability_gate,0,0,0,0,0
2019-04-26,UK,wansview-cam-wired,dib_without_portability_gate,11,1,0,0,9
2019-04-26,UK,xiaomi-cam2,dib_without_portability_gate,0,0,0,0,0
2019-04-26,UK,xiaomi-cleaner,dib_without_portability_gate,1,1,0,0,0
2019-04-26,UK,xiaomi-hub,dib_without_portability_gate,8,8,0,0,4
2019-04-26,UK,xiaomi-plug,dib_without_portability_gate,0,0,0,0,0
2019-04-26,UK,yi-camera,dib_without_portability_gate,3,3,0,0,0
2019-04-27,US,amcrest-cam-wired,dib,0,0,0,0,0
2019-04-27,US,appletv,dib,57,6,0,0,57
2019-04-27,US,blink-camera,dib,0,0,0,0,0
2019-04-27,US,blink-security-hub,dib,6,0,0,0,6
2019-04-27,US,brewer,dib,0,0,0,0,0
2019-04-27,US,bulb1,dib,0,0,0,0,0
2019-04-27,US,cloudcam,dib,0,0,0,0,0
2019-04-27,US,dlink-mov,dib,0,0,0,0,0
2019-04-27,US,dryer,dib,0,0,0,0,0
2019-04-27,US,echodot,dib,28,1,0,0,28
2019-04-27,US,echoplus,dib,29,1,0,0,29
2019-04-27,US,echospot,dib,42,3,0,0,42
2019-04-27,US,firetv,dib,64,4,0,0,64
2019-04-27,US,fridge,dib,0,0,0,0,0
2019-04-27,US,google-home-mini,dib,24,3,0,0,24
2019-04-27,US,google-home-mini2,dib,0,0,0,0,0
2019-04-27,US,ikettle,dib,0,0,0,0,0
2019-04-27,US,insteon-hub,dib,1,0,0,0,1
2019-04-27,US,invoke,dib,0,0,0,0,0
2019-04-27,US,lefun-cam-wired,dib,0,0,0,0,0
2019-04-27,US,lgtv-wired,dib,0,0,0,0,0
2019-04-27,US,lightify-hub,dib,0,0,0,0,0
2019-04-27,US,luohe-spycam,dib,0,0,0,0,0
2019-04-27,US,magichome-strip,dib,0,0,0,0,0
2019-04-27,US,microseven-camera,dib,0,0,0,0,0
2019-04-27,US,microwave,dib,0,0,0,0,0
2019-04-27,US,nest-tstat,dib,13,1,0,0,12
2019-04-27,US,philips-hue,dib,10,0,0,0,6
2019-04-27,US,ring-doorbell,dib,4,0,0,0,4
2019-04-27,US,roku-tv,dib,44,2,0,0,43
2019-04-27,US,samsungtv-wired,dib,43,2,0,0,43
2019-04-27,US,sengled-hub,dib,0,0,0,0,0
2019-04-27,US,smartthings,dib,4,0,0,0,4
2019-04-27,US,sousvide,dib,0,0,0,0,0
2019-04-27,US,t-echodot,dib,0,0,0,0,0
2019-04-27,US,t-smartthings-hub,dib,0,0,0,0,0
2019-04-27,US,t-wemo-plug,dib,6,0,0,0,6
2019-04-27,US,tp-link-plug,dib,10,0,0,0,10
2019-04-27,US,tplink-bulb,dib,4,0,0,0,4
2019-04-27,US,wansview-cam-wired,dib,11,2,0,0,11
2019-04-27,US,washer,dib,0,0,0,0,0
2019-04-27,US,wink-hub2,dib,0,0,0,0,0
2019-04-27,US,xiaomi-cleaner,dib,0,0,0,0,0
2019-04-27,US,xiaomi-hub,dib,4,0,0,0,4
2019-04-27,US,xiaomi-ricecooker,dib,0,0,0,0,0
2019-04-27,US,xiaomi-strip,dib,0,0,0,0,0
2019-04-27,US,yi-camera,dib,0,0,0,0,0
2019-04-27,US,zmodo-doorbell,dib,0,0,0,0,0
2019-04-27,US,amcrest-cam-wired,pooled_union,7401,0,0,0,12
2019-04-27,US,appletv,pooled_union,140,7,0,0,110
2019-04-27,US,blink-camera,pooled_union,25,7,0,0,8
2019-04-27,US,blink-security-hub,pooled_union,41,4,0,0,14
2019-04-27,US,brewer,pooled_union,5,0,0,0,3
2019-04-27,US,bulb1,pooled_union,9,1,0,0,4
2019-04-27,US,cloudcam,pooled_union,44,10,0,0,30
2019-04-27,US,dlink-mov,pooled_union,20,1,0,0,16
2019-04-27,US,dryer,pooled_union,43,1,0,0,32
2019-04-27,US,echodot,pooled_union,99,26,0,0,48
2019-04-27,US,echoplus,pooled_union,133,18,0,0,49
2019-04-27,US,echospot,pooled_union,195,47,0,0,75
2019-04-27,US,firetv,pooled_union,208,16,0,0,165
2019-04-27,US,fridge,pooled_union,122,26,0,0,62
2019-04-27,US,google-home-mini,pooled_union,84,9,0,0,43
2019-04-27,US,google-home-mini2,pooled_union,38,6,0,0,35
2019-04-27,US,ikettle,pooled_union,3,0,0,0,2
2019-04-27,US,insteon-hub,pooled_union,14,0,0,0,9
2019-04-27,US,invoke,pooled_union,41,2,0,0,31
2019-04-27,US,lefun-cam-wired,pooled_union,219,2,0,0,1
2019-04-27,US,lgtv-wired,pooled_union,68,0,0,0,39
2019-04-27,US,lightify-hub,pooled_union,20,1,0,0,8
2019-04-27,US,luohe-spycam,pooled_union,8,1,0,0,4
2019-04-27,US,magichome-strip,pooled_union,7,0,0,0,4
2019-04-27,US,microseven-camera,pooled_union,6,0,0,0,5
2019-04-27,US,microwave,pooled_union,5,0,0,0,4
2019-04-27,US,nest-tstat,pooled_union,70,12,0,0,52
2019-04-27,US,philips-hue,pooled_union,77,22,0,0,30
2019-04-27,US,ring-doorbell,pooled_union,242,56,0,0,12
2019-04-27,US,roku-tv,pooled_union,124,13,0,0,88
2019-04-27,US,samsungtv-wired,pooled_union,411,25,0,0,267
2019-04-27,US,sengled-hub,pooled_union,23,0,0,0,12
2019-04-27,US,smartthings,pooled_union,39,0,0,0,16
2019-04-27,US,sousvide,pooled_union,1,0,0,0,0
2019-04-27,US,t-echodot,pooled_union,36,9,0,0,26
2019-04-27,US,t-smartthings-hub,pooled_union,5,0,0,0,4
2019-04-27,US,t-wemo-plug,pooled_union,57,5,0,0,8
2019-04-27,US,tp-link-plug,pooled_union,35,1,0,0,25
2019-04-27,US,tplink-bulb,pooled_union,47,6,0,0,20
2019-04-27,US,wansview-cam-wired,pooled_union,661,1,0,0,15
2019-04-27,US,washer,pooled_union,38,0,0,0,28
2019-04-27,US,wink-hub2,pooled_union,44,4,0,0,12
2019-04-27,US,xiaomi-cleaner,pooled_union,22,8,0,0,14
2019-04-27,US,xiaomi-hub,pooled_union,43,14,0,0,4
2019-04-27,US,xiaomi-ricecooker,pooled_union,4,0,0,0,2
2019-04-27,US,xiaomi-strip,pooled_union,37,21,0,0,2
2019-04-27,US,yi-camera,pooled_union,54,20,0,0,10
2019-04-27,US,zmodo-doorbell,pooled_union,26,3,0,0,22
2019-04-27,US,amcrest-cam-wired,quorum_only,0,0,0,0,0
2019-04-27,US,appletv,quorum_only,62,2,0,0,59
2019-04-27,US,blink-camera,quorum_only,0,0,0,0,0
2019-04-27,US,blink-security-hub,quorum_only,6,0,0,0,6
2019-04-27,US,brewer,quorum_only,0,0,0,0,0
2019-04-27,US,bulb1,quorum_only,0,0,0,0,0
2019-04-27,US,cloudcam,quorum_only,0,0,0,0,0
2019-04-27,US,dlink-mov,quorum_only,0,0,0,0,0
2019-04-27,US,dryer,quorum_only,0,0,0,0,0
2019-04-27,US,echodot,quorum_only,29,1,0,0,28
2019-04-27,US,echoplus,quorum_only,40,9,0,0,29
2019-04-27,US,echospot,quorum_only,59,11,0,0,42
2019-04-27,US,firetv,quorum_only,70,4,0,0,64
2019-04-27,US,fridge,quorum_only,0,0,0,0,0
2019-04-27,US,google-home-mini,quorum_only,34,11,0,0,24
2019-04-27,US,google-home-mini2,quorum_only,0,0,0,0,0
2019-04-27,US,ikettle,quorum_only,0,0,0,0,0
2019-04-27,US,insteon-hub,quorum_only,1,0,0,0,1
2019-04-27,US,invoke,quorum_only,0,0,0,0,0
2019-04-27,US,lefun-cam-wired,quorum_only,0,0,0,0,0
2019-04-27,US,lgtv-wired,quorum_only,0,0,0,0,0
2019-04-27,US,lightify-hub,quorum_only,1,0,0,0,0
2019-04-27,US,luohe-spycam,quorum_only,0,0,0,0,0
2019-04-27,US,magichome-strip,quorum_only,0,0,0,0,0
2019-04-27,US,microseven-camera,quorum_only,0,0,0,0,0
2019-04-27,US,microwave,quorum_only,0,0,0,0,0
2019-04-27,US,nest-tstat,quorum_only,15,1,0,0,12
2019-04-27,US,philips-hue,quorum_only,30,0,0,0,23
2019-04-27,US,ring-doorbell,quorum_only,4,0,0,0,4
2019-04-27,US,roku-tv,quorum_only,46,2,0,0,43
2019-04-27,US,samsungtv-wired,quorum_only,49,0,0,0,43
2019-04-27,US,sengled-hub,quorum_only,0,0,0,0,0
2019-04-27,US,smartthings,quorum_only,9,0,0,0,7
2019-04-27,US,sousvide,quorum_only,1,0,0,0,0
2019-04-27,US,t-echodot,quorum_only,0,0,0,0,0
2019-04-27,US,t-smartthings-hub,quorum_only,0,0,0,0,0
2019-04-27,US,t-wemo-plug,quorum_only,15,1,0,0,6
2019-04-27,US,tp-link-plug,quorum_only,12,0,0,0,10
2019-04-27,US,tplink-bulb,quorum_only,9,5,0,0,4
2019-04-27,US,wansview-cam-wired,quorum_only,21,0,0,0,11
2019-04-27,US,washer,quorum_only,0,0,0,0,0
2019-04-27,US,wink-hub2,quorum_only,0,0,0,0,0
2019-04-27,US,xiaomi-cleaner,quorum_only,1,0,0,0,0
2019-04-27,US,xiaomi-hub,quorum_only,15,7,0,0,4
2019-04-27,US,xiaomi-ricecooker,quorum_only,0,0,0,0,0
2019-04-27,US,xiaomi-strip,quorum_only,0,0,0,0,0
2019-04-27,US,yi-camera,quorum_only,3,0,0,0,0
2019-04-27,US,zmodo-doorbell,quorum_only,0,0,0,0,0
2019-04-27,US,amcrest-cam-wired,majority,7401,0,0,0,12
2019-04-27,US,appletv,majority,140,7,0,0,110
2019-04-27,US,blink-camera,majority,25,7,0,0,8
2019-04-27,US,blink-security-hub,majority,41,4,0,0,14
2019-04-27,US,brewer,majority,5,0,0,0,3
2019-04-27,US,bulb1,majority,9,1,0,0,4
2019-04-27,US,cloudcam,majority,44,10,0,0,30
2019-04-27,US,dlink-mov,majority,20,1,0,0,16
2019-04-27,US,dryer,majority,43,1,0,0,32
2019-04-27,US,echodot,majority,99,26,0,0,48
2019-04-27,US,echoplus,majority,133,18,0,0,49
2019-04-27,US,echospot,majority,195,47,0,0,75
2019-04-27,US,firetv,majority,208,16,0,0,165
2019-04-27,US,fridge,majority,122,26,0,0,62
2019-04-27,US,google-home-mini,majority,84,9,0,0,43
2019-04-27,US,google-home-mini2,majority,38,6,0,0,35
2019-04-27,US,ikettle,majority,3,0,0,0,2
2019-04-27,US,insteon-hub,majority,14,0,0,0,9
2019-04-27,US,invoke,majority,41,2,0,0,31
2019-04-27,US,lefun-cam-wired,majority,219,2,0,0,1
2019-04-27,US,lgtv-wired,majority,68,0,0,0,39
2019-04-27,US,lightify-hub,majority,20,1,0,0,8
2019-04-27,US,luohe-spycam,majority,8,1,0,0,4
2019-04-27,US,magichome-strip,majority,7,0,0,0,4
2019-04-27,US,microseven-camera,majority,6,0,0,0,5
2019-04-27,US,microwave,majority,5,0,0,0,4
2019-04-27,US,nest-tstat,majority,70,12,0,0,52
2019-04-27,US,philips-hue,majority,77,22,0,0,30
2019-04-27,US,ring-doorbell,majority,242,56,0,0,12
2019-04-27,US,roku-tv,majority,124,13,0,0,88
2019-04-27,US,samsungtv-wired,majority,411,25,0,0,267
2019-04-27,US,sengled-hub,majority,23,0,0,0,12
2019-04-27,US,smartthings,majority,39,0,0,0,16
2019-04-27,US,sousvide,majority,1,0,0,0,0
2019-04-27,US,t-echodot,majority,36,9,0,0,26
2019-04-27,US,t-smartthings-hub,majority,5,0,0,0,4
2019-04-27,US,t-wemo-plug,majority,57,5,0,0,8
2019-04-27,US,tp-link-plug,majority,35,1,0,0,25
2019-04-27,US,tplink-bulb,majority,47,6,0,0,20
2019-04-27,US,wansview-cam-wired,majority,661,1,0,0,15
2019-04-27,US,washer,majority,38,0,0,0,28
2019-04-27,US,wink-hub2,majority,44,4,0,0,12
2019-04-27,US,xiaomi-cleaner,majority,22,8,0,0,14
2019-04-27,US,xiaomi-hub,majority,43,14,0,0,4
2019-04-27,US,xiaomi-ricecooker,majority,4,0,0,0,2
2019-04-27,US,xiaomi-strip,majority,37,21,0,0,2
2019-04-27,US,yi-camera,majority,54,20,0,0,10
2019-04-27,US,zmodo-doorbell,majority,26,3,0,0,22
2019-04-27,US,amcrest-cam-wired,dib_without_portability_gate,0,0,0,0,0
2019-04-27,US,appletv,dib_without_portability_gate,60,6,0,0,57
2019-04-27,US,blink-camera,dib_without_portability_gate,0,0,0,0,0
2019-04-27,US,blink-security-hub,dib_without_portability_gate,6,0,0,0,6
2019-04-27,US,brewer,dib_without_portability_gate,0,0,0,0,0
2019-04-27,US,bulb1,dib_without_portability_gate,0,0,0,0,0
2019-04-27,US,cloudcam,dib_without_portability_gate,0,0,0,0,0
2019-04-27,US,dlink-mov,dib_without_portability_gate,0,0,0,0,0
2019-04-27,US,dryer,dib_without_portability_gate,0,0,0,0,0
2019-04-27,US,echodot,dib_without_portability_gate,29,1,0,0,28
2019-04-27,US,echoplus,dib_without_portability_gate,40,9,0,0,29
2019-04-27,US,echospot,dib_without_portability_gate,59,11,0,0,42
2019-04-27,US,firetv,dib_without_portability_gate,70,4,0,0,64
2019-04-27,US,fridge,dib_without_portability_gate,0,0,0,0,0
2019-04-27,US,google-home-mini,dib_without_portability_gate,34,11,0,0,24
2019-04-27,US,google-home-mini2,dib_without_portability_gate,0,0,0,0,0
2019-04-27,US,ikettle,dib_without_portability_gate,0,0,0,0,0
2019-04-27,US,insteon-hub,dib_without_portability_gate,1,0,0,0,1
2019-04-27,US,invoke,dib_without_portability_gate,0,0,0,0,0
2019-04-27,US,lefun-cam-wired,dib_without_portability_gate,0,0,0,0,0
2019-04-27,US,lgtv-wired,dib_without_portability_gate,0,0,0,0,0
2019-04-27,US,lightify-hub,dib_without_portability_gate,1,0,0,0,0
2019-04-27,US,luohe-spycam,dib_without_portability_gate,0,0,0,0,0
2019-04-27,US,magichome-strip,dib_without_portability_gate,0,0,0,0,0
2019-04-27,US,microseven-camera,dib_without_portability_gate,0,0,0,0,0
2019-04-27,US,microwave,dib_without_portability_gate,0,0,0,0,0
2019-04-27,US,nest-tstat,dib_without_portability_gate,15,1,0,0,12
2019-04-27,US,philips-hue,dib_without_portability_gate,13,0,0,0,6
2019-04-27,US,ring-doorbell,dib_without_portability_gate,4,0,0,0,4
2019-04-27,US,roku-tv,dib_without_portability_gate,46,2,0,0,43
2019-04-27,US,samsungtv-wired,dib_without_portability_gate,49,2,0,0,43
2019-04-27,US,sengled-hub,dib_without_portability_gate,0,0,0,0,0
2019-04-27,US,smartthings,dib_without_portability_gate,5,0,0,0,4
2019-04-27,US,sousvide,dib_without_portability_gate,1,0,0,0,0
2019-04-27,US,t-echodot,dib_without_portability_gate,0,0,0,0,0
2019-04-27,US,t-smartthings-hub,dib_without_portability_gate,0,0,0,0,0
2019-04-27,US,t-wemo-plug,dib_without_portability_gate,15,1,0,0,6
2019-04-27,US,tp-link-plug,dib_without_portability_gate,12,0,0,0,10
2019-04-27,US,tplink-bulb,dib_without_portability_gate,9,5,0,0,4
2019-04-27,US,wansview-cam-wired,dib_without_portability_gate,13,2,0,0,11
2019-04-27,US,washer,dib_without_portability_gate,0,0,0,0,0
2019-04-27,US,wink-hub2,dib_without_portability_gate,0,0,0,0,0
2019-04-27,US,xiaomi-cleaner,dib_without_portability_gate,1,0,0,0,0
2019-04-27,US,xiaomi-hub,dib_without_portability_gate,15,7,0,0,4
2019-04-27,US,xiaomi-ricecooker,dib_without_portability_gate,0,0,0,0,0
2019-04-27,US,xiaomi-strip,dib_without_portability_gate,0,0,0,0,0
2019-04-27,US,yi-camera,dib_without_portability_gate,3,0,0,0,0
2019-04-27,US,zmodo-doorbell,dib_without_portability_gate,0,0,0,0,0
2019-04-27,UK,allure-speaker,dib,0,0,0,0,0
2019-04-27,UK,appletv,dib,57,6,0,0,57
2019-04-27,UK,blink-camera,dib,0,0,0,0,0
2019-04-27,UK,blink-security-hub,dib,6,0,0,0,6
2019-04-27,UK,bosiwo-camera-wifi,dib,0,0,0,0,0
2019-04-27,UK,bosiwo-camera-wired,dib,0,0,0,0,0
2019-04-27,UK,charger-camera,dib,0,0,0,0,0
2019-04-27,UK,echodot,dib,28,1,0,0,28
2019-04-27,UK,echoplus,dib,29,1,0,0,29
2019-04-27,UK,echospot,dib,42,3,0,0,42
2019-04-27,UK,firetv,dib,64,4,0,0,64
2019-04-27,UK,google-home,dib,0,0,0,0,0
2019-04-27,UK,google-home-mini,dib,24,3,0,0,24
2019-04-27,UK,honeywell-thermostat,dib,0,0,0,0,0
2019-04-27,UK,insteon-hub,dib,1,0,0,0,1
2019-04-27,UK,lightify-hub,dib,0,0,0,0,0
2019-04-27,UK,magichome-strip,dib,0,0,0,0,0
2019-04-27,UK,nest-tstat,dib,13,1,0,0,12
2019-04-27,UK,netatmo-weather,dib,0,0,0,0,0
2019-04-27,UK,philips-hue,dib,10,0,0,0,6
2019-04-27,UK,ring-doorbell,dib,4,0,0,0,4
2019-04-27,UK,roku-tv,dib,44,2,0,0,43
2019-04-27,UK,samsungtv-wired,dib,43,2,0,0,43
2019-04-27,UK,sengled-hub,dib,0,0,0,0,0
2019-04-27,UK,smarter-coffee-mach,dib,0,0,0,0,0
2019-04-27,UK,smartthings,dib,4,0,0,0,4
2019-04-27,UK,sousvide,dib,0,0,0,0,0
2019-04-27,UK,t-wemo-plug,dib,6,0,0,0,6
2019-04-27,UK,tp-link-plug,dib,10,0,0,0,10
2019-04-27,UK,tplink-bulb,dib,4,0,0,0,4
2019-04-27,UK,tplink-plug2,dib,0,0,0,0,0
2019-04-27,UK,wansview-cam-wired,dib,11,2,0,0,11
2019-04-27,UK,xiaomi-cam2,dib,0,0,0,0,0
2019-04-27,UK,xiaomi-cleaner,dib,0,0,0,0,0
2019-04-27,UK,xiaomi-hub,dib,4,0,0,0,4
2019-04-27,UK,xiaomi-plug,dib,0,0,0,0,0
2019-04-27,UK,yi-camera,dib,0,0,0,0,0
2019-04-27,UK,allure-speaker,pooled_union,42,9,0,0,32
2019-04-27,UK,appletv,pooled_union,140,7,0,0,110
2019-04-27,UK,blink-camera,pooled_union,25,7,0,0,8
2019-04-27,UK,blink-security-hub,pooled_union,41,4,0,0,14
2019-04-27,UK,bosiwo-camera-wifi,pooled_union,3,1,0,0,0
2019-04-27,UK,bosiwo-camera-wired,pooled_union,162,0,0,0,0
2019-04-27,UK,charger-camera,pooled_union,12,0,0,0,4
2019-04-27,UK,echodot,pooled_union,99,26,0,0,48
2019-04-27,UK,echoplus,pooled_union,133,18,0,0,49
2019-04-27,UK,echospot,pooled_union,195,47,0,0,75
2019-04-27,UK,firetv,pooled_union,208,16,0,0,165
2019-04-27,UK,google-home,pooled_union,59,12,0,0,35
2019-04-27,UK,google-home-mini,pooled_union,84,9,0,0,43
2019-04-27,UK,honeywell-thermostat,pooled_union,8,0,0,0,6
2019-04-27,UK,insteon-hub,pooled_union,14,0,0,0,9
2019-04-27,UK,lightify-hub,pooled_union,20,1,0,0,8
2019-04-27,UK,magichome-strip,pooled_union,7,0,0,0,4
2019-04-27,UK,nest-tstat,pooled_union,70,12,0,0,52
2019-04-27,UK,netatmo-weather,pooled_union,2,0,0,0,2
2019-04-27,UK,philips-hue,pooled_union,77,22,0,0,30
2019-04-27,UK,ring-doorbell,pooled_union,242,56,0,0,12
2019-04-27,UK,roku-tv,pooled_union,124,13,0,0,88
2019-04-27,UK,samsungtv-wired,pooled_union,411,25,0,0,267
2019-04-27,UK,sengled-hub,pooled_union,23,0,0,0,12
2019-04-27,UK,smarter-coffee-mach,pooled_union,3,0,0,0,2
2019-04-27,UK,smartthings,pooled_union,39,0,0,0,16
2019-04-27,UK,sousvide,pooled_union,1,0,0,0,0
2019-04-27,UK,t-wemo-plug,pooled_union,57,5,0,0,8
2019-04-27,UK,tp-link-plug,pooled_union,35,1,0,0,25
2019-04-27,UK,tplink-bulb,pooled_union,47,6,0,0,20
2019-04-27,UK,tplink-plug2,pooled_union,6,1,0,0,3
2019-04-27,UK,wansview-cam-wired,pooled_union,661,1,0,0,15
2019-04-27,UK,xiaomi-cam2,pooled_union,53,13,0,0,12
2019-04-27,UK,xiaomi-cleaner,pooled_union,22,8,0,0,14
2019-04-27,UK,xiaomi-hub,pooled_union,43,14,0,0,4
2019-04-27,UK,xiaomi-plug,pooled_union,6,3,0,0,3
2019-04-27,UK,yi-camera,pooled_union,54,20,0,0,10
2019-04-27,UK,allure-speaker,quorum_only,0,0,0,0,0
2019-04-27,UK,appletv,quorum_only,62,2,0,0,59
2019-04-27,UK,blink-camera,quorum_only,0,0,0,0,0
2019-04-27,UK,blink-security-hub,quorum_only,6,0,0,0,6
2019-04-27,UK,bosiwo-camera-wifi,quorum_only,0,0,0,0,0
2019-04-27,UK,bosiwo-camera-wired,quorum_only,0,0,0,0,0
2019-04-27,UK,charger-camera,quorum_only,0,0,0,0,0
2019-04-27,UK,echodot,quorum_only,29,1,0,0,28
2019-04-27,UK,echoplus,quorum_only,40,9,0,0,29
2019-04-27,UK,echospot,quorum_only,59,11,0,0,42
2019-04-27,UK,firetv,quorum_only,70,4,0,0,64
2019-04-27,UK,google-home,quorum_only,0,0,0,0,0
2019-04-27,UK,google-home-mini,quorum_only,34,11,0,0,24
2019-04-27,UK,honeywell-thermostat,quorum_only,0,0,0,0,0
2019-04-27,UK,insteon-hub,quorum_only,1,0,0,0,1
2019-04-27,UK,lightify-hub,quorum_only,1,0,0,0,0
2019-04-27,UK,magichome-strip,quorum_only,0,0,0,0,0
2019-04-27,UK,nest-tstat,quorum_only,15,1,0,0,12
2019-04-27,UK,netatmo-weather,quorum_only,0,0,0,0,0
2019-04-27,UK,philips-hue,quorum_only,30,0,0,0,23
2019-04-27,UK,ring-doorbell,quorum_only,4,0,0,0,4
2019-04-27,UK,roku-tv,quorum_only,46,2,0,0,43
2019-04-27,UK,samsungtv-wired,quorum_only,49,0,0,0,43
2019-04-27,UK,sengled-hub,quorum_only,0,0,0,0,0
2019-04-27,UK,smarter-coffee-mach,quorum_only,0,0,0,0,0
2019-04-27,UK,smartthings,quorum_only,9,0,0,0,7
2019-04-27,UK,sousvide,quorum_only,1,0,0,0,0
2019-04-27,UK,t-wemo-plug,quorum_only,15,1,0,0,6
2019-04-27,UK,tp-link-plug,quorum_only,12,0,0,0,10
2019-04-27,UK,tplink-bulb,quorum_only,9,5,0,0,4
2019-04-27,UK,tplink-plug2,quorum_only,0,0,0,0,0
2019-04-27,UK,wansview-cam-wired,quorum_only,21,0,0,0,11
2019-04-27,UK,xiaomi-cam2,quorum_only,0,0,0,0,0
2019-04-27,UK,xiaomi-cleaner,quorum_only,1,0,0,0,0
2019-04-27,UK,xiaomi-hub,quorum_only,15,7,0,0,4
2019-04-27,UK,xiaomi-plug,quorum_only,0,0,0,0,0
2019-04-27,UK,yi-camera,quorum_only,3,0,0,0,0
2019-04-27,UK,allure-speaker,majority,42,9,0,0,32
2019-04-27,UK,appletv,majority,140,7,0,0,110
2019-04-27,UK,blink-camera,majority,25,7,0,0,8
2019-04-27,UK,blink-security-hub,majority,41,4,0,0,14
2019-04-27,UK,bosiwo-camera-wifi,majority,3,1,0,0,0
2019-04-27,UK,bosiwo-camera-wired,majority,162,0,0,0,0
2019-04-27,UK,charger-camera,majority,12,0,0,0,4
2019-04-27,UK,echodot,majority,99,26,0,0,48
2019-04-27,UK,echoplus,majority,133,18,0,0,49
2019-04-27,UK,echospot,majority,195,47,0,0,75
2019-04-27,UK,firetv,majority,208,16,0,0,165
2019-04-27,UK,google-home,majority,59,12,0,0,35
2019-04-27,UK,google-home-mini,majority,84,9,0,0,43
2019-04-27,UK,honeywell-thermostat,majority,8,0,0,0,6
2019-04-27,UK,insteon-hub,majority,14,0,0,0,9
2019-04-27,UK,lightify-hub,majority,20,1,0,0,8
2019-04-27,UK,magichome-strip,majority,7,0,0,0,4
2019-04-27,UK,nest-tstat,majority,70,12,0,0,52
2019-04-27,UK,netatmo-weather,majority,2,0,0,0,2
2019-04-27,UK,philips-hue,majority,77,22,0,0,30
2019-04-27,UK,ring-doorbell,majority,242,56,0,0,12
2019-04-27,UK,roku-tv,majority,124,13,0,0,88
2019-04-27,UK,samsungtv-wired,majority,411,25,0,0,267
2019-04-27,UK,sengled-hub,majority,23,0,0,0,12
2019-04-27,UK,smarter-coffee-mach,majority,3,0,0,0,2
2019-04-27,UK,smartthings,majority,39,0,0,0,16
2019-04-27,UK,sousvide,majority,1,0,0,0,0
2019-04-27,UK,t-wemo-plug,majority,57,5,0,0,8
2019-04-27,UK,tp-link-plug,majority,35,1,0,0,25
2019-04-27,UK,tplink-bulb,majority,47,6,0,0,20
2019-04-27,UK,tplink-plug2,majority,6,1,0,0,3
2019-04-27,UK,wansview-cam-wired,majority,661,1,0,0,15
2019-04-27,UK,xiaomi-cam2,majority,53,13,0,0,12
2019-04-27,UK,xiaomi-cleaner,majority,22,8,0,0,14
2019-04-27,UK,xiaomi-hub,majority,43,14,0,0,4
2019-04-27,UK,xiaomi-plug,majority,6,3,0,0,3
2019-04-27,UK,yi-camera,majority,54,20,0,0,10
2019-04-27,UK,allure-speaker,dib_without_portability_gate,0,0,0,0,0
2019-04-27,UK,appletv,dib_without_portability_gate,60,6,0,0,57
2019-04-27,UK,blink-camera,dib_without_portability_gate,0,0,0,0,0
2019-04-27,UK,blink-security-hub,dib_without_portability_gate,6,0,0,0,6
2019-04-27,UK,bosiwo-camera-wifi,dib_without_portability_gate,0,0,0,0,0
2019-04-27,UK,bosiwo-camera-wired,dib_without_portability_gate,0,0,0,0,0
2019-04-27,UK,charger-camera,dib_without_portability_gate,0,0,0,0,0
2019-04-27,UK,echodot,dib_without_portability_gate,29,1,0,0,28
2019-04-27,UK,echoplus,dib_without_portability_gate,40,9,0,0,29
2019-04-27,UK,echospot,dib_without_portability_gate,59,11,0,0,42
2019-04-27,UK,firetv,dib_without_portability_gate,70,4,0,0,64
2019-04-27,UK,google-home,dib_without_portability_gate,0,0,0,0,0
2019-04-27,UK,google-home-mini,dib_without_portability_gate,34,11,0,0,24
2019-04-27,UK,honeywell-thermostat,dib_without_portability_gate,0,0,0,0,0
2019-04-27,UK,insteon-hub,dib_without_portability_gate,1,0,0,0,1
2019-04-27,UK,lightify-hub,dib_without_portability_gate,1,0,0,0,0
2019-04-27,UK,magichome-strip,dib_without_portability_gate,0,0,0,0,0
2019-04-27,UK,nest-tstat,dib_without_portability_gate,15,1,0,0,12
2019-04-27,UK,netatmo-weather,dib_without_portability_gate,0,0,0,0,0
2019-04-27,UK,philips-hue,dib_without_portability_gate,13,0,0,0,6
2019-04-27,UK,ring-doorbell,dib_without_portability_gate,4,0,0,0,4
2019-04-27,UK,roku-tv,dib_without_portability_gate,46,2,0,0,43
2019-04-27,UK,samsungtv-wired,dib_without_portability_gate,49,2,0,0,43
2019-04-27,UK,sengled-hub,dib_without_portability_gate,0,0,0,0,0
2019-04-27,UK,smarter-coffee-mach,dib_without_portability_gate,0,0,0,0,0
2019-04-27,UK,smartthings,dib_without_portability_gate,5,0,0,0,4
2019-04-27,UK,sousvide,dib_without_portability_gate,1,0,0,0,0
2019-04-27,UK,t-wemo-plug,dib_without_portability_gate,15,1,0,0,6
2019-04-27,UK,tp-link-plug,dib_without_portability_gate,12,0,0,0,10
2019-04-27,UK,tplink-bulb,dib_without_portability_gate,9,5,0,0,4
2019-04-27,UK,tplink-plug2,dib_without_portability_gate,0,0,0,0,0
2019-04-27,UK,wansview-cam-wired,dib_without_portability_gate,13,2,0,0,11
2019-04-27,UK,xiaomi-cam2,dib_without_portability_gate,0,0,0,0,0
2019-04-27,UK,xiaomi-cleaner,dib_without_portability_gate,1,0,0,0,0
2019-04-27,UK,xiaomi-hub,dib_without_portability_gate,15,7,0,0,4
2019-04-27,UK,xiaomi-plug,dib_without_portability_gate,0,0,0,0,0
2019-04-27,UK,yi-camera,dib_without_portability_gate,3,0,0,0,0
2019-04-28,US,amcrest-cam-wired,dib,0,0,0,0,0
2019-04-28,US,appletv,dib,62,5,0,0,62
2019-04-28,US,blink-camera,dib,0,0,0,0,0
2019-04-28,US,blink-security-hub,dib,8,2,0,0,7
2019-04-28,US,brewer,dib,0,0,0,0,0
2019-04-28,US,bulb1,dib,0,0,0,0,0
2019-04-28,US,cloudcam,dib,0,0,0,0,0
2019-04-28,US,dlink-mov,dib,0,0,0,0,0
2019-04-28,US,dryer,dib,0,0,0,0,0
2019-04-28,US,echodot,dib,28,0,0,0,28
2019-04-28,US,echoplus,dib,34,5,0,0,34
2019-04-28,US,echospot,dib,47,5,0,0,47
2019-04-28,US,firetv,dib,78,14,0,0,78
2019-04-28,US,fridge,dib,0,0,0,0,0
2019-04-28,US,google-home-mini,dib,26,2,0,0,26
2019-04-28,US,google-home-mini2,dib,0,0,0,0,0
2019-04-28,US,ikettle,dib,0,0,0,0,0
2019-04-28,US,insteon-hub,dib,1,0,0,0,1
2019-04-28,US,invoke,dib,0,0,0,0,0
2019-04-28,US,lefun-cam-wired,dib,0,0,0,0,0
2019-04-28,US,lgtv-wired,dib,0,0,0,0,0
2019-04-28,US,lightify-hub,dib,0,0,0,0,0
2019-04-28,US,luohe-spycam,dib,0,0,0,0,0
2019-04-28,US,magichome-strip,dib,0,0,0,0,0
2019-04-28,US,microseven-camera,dib,0,0,0,0,0
2019-04-28,US,microwave,dib,0,0,0,0,0
2019-04-28,US,nest-tstat,dib,15,2,0,0,14
2019-04-28,US,philips-hue,dib,12,2,0,0,8
2019-04-28,US,ring-doorbell,dib,5,1,0,0,5
2019-04-28,US,roku-tv,dib,55,11,0,0,54
2019-04-28,US,samsungtv-wired,dib,44,1,0,0,44
2019-04-28,US,sengled-hub,dib,0,0,0,0,0
2019-04-28,US,smartthings,dib,4,0,0,0,4
2019-04-28,US,sousvide,dib,0,0,0,0,0
2019-04-28,US,t-echodot,dib,0,0,0,0,0
2019-04-28,US,t-smartthings-hub,dib,0,0,0,0,0
2019-04-28,US,t-wemo-plug,dib,6,0,0,0,6
2019-04-28,US,tp-link-plug,dib,21,11,0,0,21
2019-04-28,US,tplink-bulb,dib,8,4,0,0,8
2019-04-28,US,wansview-cam-wired,dib,11,0,0,0,11
2019-04-28,US,washer,dib,0,0,0,0,0
2019-04-28,US,wink-hub2,dib,0,0,0,0,0
2019-04-28,US,xiaomi-cleaner,dib,0,0,0,0,0
2019-04-28,US,xiaomi-hub,dib,4,0,0,0,4
2019-04-28,US,xiaomi-ricecooker,dib,0,0,0,0,0
2019-04-28,US,xiaomi-strip,dib,0,0,0,0,0
2019-04-28,US,yi-camera,dib,0,0,0,0,0
2019-04-28,US,zmodo-doorbell,dib,0,0,0,0,0
2019-04-28,US,amcrest-cam-wired,pooled_union,7401,0,0,0,12
2019-04-28,US,appletv,pooled_union,144,4,0,0,113
2019-04-28,US,blink-camera,pooled_union,27,2,0,0,8
2019-04-28,US,blink-security-hub,pooled_union,50,9,0,0,16
2019-04-28,US,brewer,pooled_union,7,2,0,0,5
2019-04-28,US,bulb1,pooled_union,9,0,0,0,4
2019-04-28,US,cloudcam,pooled_union,48,4,0,0,32
2019-04-28,US,dlink-mov,pooled_union,22,2,0,0,17
2019-04-28,US,dryer,pooled_union,45,2,0,0,32
2019-04-28,US,echodot,pooled_union,150,51,0,0,53
2019-04-28,US,echoplus,pooled_union,282,149,0,0,56
2019-04-28,US,echospot,pooled_union,277,82,0,0,83
2019-04-28,US,firetv,pooled_union,231,23,0,0,175
2019-04-28,US,fridge,pooled_union,220,98,0,0,67
2019-04-28,US,google-home-mini,pooled_union,115,31,0,0,46
2019-04-28,US,google-home-mini2,pooled_union,42,4,0,0,38
2019-04-28,US,ikettle,pooled_union,3,0,0,0,2
2019-04-28,US,insteon-hub,pooled_union,14,0,0,0,9
2019-04-28,US,invoke,pooled_union,51,10,0,0,36
2019-04-28,US,lefun-cam-wired,pooled_union,220,1,0,0,1
2019-04-28,US,lgtv-wired,pooled_union,79,11,0,0,44
2019-04-28,US,lightify-hub,pooled_union,21,1,0,0,8
2019-04-28,US,luohe-spycam,pooled_union,116,108,0,0,8
2019-04-28,US,magichome-strip,pooled_union,7,0,0,0,4
2019-04-28,US,microseven-camera,pooled_union,6,0,0,0,5
2019-04-28,US,microwave,pooled_union,5,0,0,0,4
2019-04-28,US,nest-tstat,pooled_union,92,22,0,0,64
2019-04-28,US,philips-hue,pooled_union,77,0,0,0,30
2019-04-28,US,ring-doorbell,pooled_union,380,138,0,0,12
2019-04-28,US,roku-tv,pooled_union,141,17,0,0,92
2019-04-28,US,samsungtv-wired,pooled_union,438,27,0,0,280
2019-04-28,US,sengled-hub,pooled_union,25,2,0,0,12
2019-04-28,US,smartthings,pooled_union,39,0,0,0,16
2019-04-28,US,sousvide,pooled_union,1,0,0,0,0
2019-04-28,US,t-echodot,pooled_union,44,8,0,0,32
2019-04-28,US,t-smartthings-hub,pooled_union,5,0,0,0,4
2019-04-28,US,t-wemo-plug,pooled_union,72,15,0,0,8
2019-04-28,US,tp-link-plug,pooled_union,37,2,0,0,25
2019-04-28,US,tplink-bulb,pooled_union,71,24,0,0,21
2019-04-28,US,wansview-cam-wired,pooled_union,661,0,0,0,15
2019-04-28,US,washer,pooled_union,41,3,0,0,28
2019-04-28,US,wink-hub2,pooled_union,45,1,0,0,12
2019-04-28,US,xiaomi-cleaner,pooled_union,29,7,0,0,17
2019-04-28,US,xiaomi-hub,pooled_union,48,5,0,0,4
2019-04-28,US,xiaomi-ricecooker,pooled_union,6,2,0,0,2
2019-04-28,US,xiaomi-strip,pooled_union,40,3,0,0,4
2019-04-28,US,yi-camera,pooled_union,369,315,0,0,10
2019-04-28,US,zmodo-doorbell,pooled_union,40,14,0,0,34
2019-04-28,US,amcrest-cam-wired,quorum_only,0,0,0,0,0
2019-04-28,US,appletv,quorum_only,66,4,0,0,63
2019-04-28,US,blink-camera,quorum_only,0,0,0,0,0
2019-04-28,US,blink-security-hub,quorum_only,8,2,0,0,7
2019-04-28,US,brewer,quorum_only,0,0,0,0,0
2019-04-28,US,bulb1,quorum_only,0,0,0,0,0
2019-04-28,US,cloudcam,quorum_only,0,0,0,0,0
2019-04-28,US,dlink-mov,quorum_only,0,0,0,0,0
2019-04-28,US,dryer,quorum_only,0,0,0,0,0
2019-04-28,US,echodot,quorum_only,31,2,0,0,28
2019-04-28,US,echoplus,quorum_only,69,29,0,0,34
2019-04-28,US,echospot,quorum_only,76,17,0,0,47
2019-04-28,US,firetv,quorum_only,85,15,0,0,78
2019-04-28,US,fridge,quorum_only,0,0,0,0,0
2019-04-28,US,google-home-mini,quorum_only,41,7,0,0,26
2019-04-28,US,google-home-mini2,quorum_only,0,0,0,0,0
2019-04-28,US,ikettle,quorum_only,0,0,0,0,0
2019-04-28,US,insteon-hub,quorum_only,1,0,0,0,1
2019-04-28,US,invoke,quorum_only,0,0,0,0,0
2019-04-28,US,lefun-cam-wired,quorum_only,0,0,0,0,0
2019-04-28,US,lgtv-wired,quorum_only,0,0,0,0,0
2019-04-28,US,lightify-hub,quorum_only,1,0,0,0,0
2019-04-28,US,luohe-spycam,quorum_only,0,0,0,0,0
2019-04-28,US,magichome-strip,quorum_only,0,0,0,0,0
2019-04-28,US,microseven-camera,quorum_only,0,0,0,0,0
2019-04-28,US,microwave,quorum_only,0,0,0,0,0
2019-04-28,US,nest-tstat,quorum_only,17,2,0,0,14
2019-04-28,US,philips-hue,quorum_only,30,0,0,0,23
2019-04-28,US,ring-doorbell,quorum_only,7,3,0,0,5
2019-04-28,US,roku-tv,quorum_only,58,12,0,0,54
2019-04-28,US,samsungtv-wired,quorum_only,50,1,0,0,44
2019-04-28,US,sengled-hub,quorum_only,0,0,0,0,0
2019-04-28,US,smartthings,quorum_only,9,0,0,0,7
2019-04-28,US,sousvide,quorum_only,1,0,0,0,0
2019-04-28,US,t-echodot,quorum_only,0,0,0,0,0
2019-04-28,US,t-smartthings-hub,quorum_only,0,0,0,0,0
2019-04-28,US,t-wemo-plug,quorum_only,22,7,0,0,6
2019-04-28,US,tp-link-plug,quorum_only,24,12,0,0,21
2019-04-28,US,tplink-bulb,quorum_only,23,14,0,0,8
2019-04-28,US,wansview-cam-wired,quorum_only,21,0,0,0,11
2019-04-28,US,washer,quorum_only,0,0,0,0,0
2019-04-28,US,wink-hub2,quorum_only,0,0,0,0,0
2019-04-28,US,xiaomi-cleaner,quorum_only,1,0,0,0,0
2019-04-28,US,xiaomi-hub,quorum_only,33,18,0,0,4
2019-04-28,US,xiaomi-ricecooker,quorum_only,0,0,0,0,0
2019-04-28,US,xiaomi-strip,quorum_only,0,0,0,0,0
2019-04-28,US,yi-camera,quorum_only,4,1,0,0,0
2019-04-28,US,zmodo-doorbell,quorum_only,0,0,0,0,0
2019-04-28,US,amcrest-cam-wired,majority,7401,0,0,0,12
2019-04-28,US,appletv,majority,144,4,0,0,113
2019-04-28,US,blink-camera,majority,27,2,0,0,8
2019-04-28,US,blink-security-hub,majority,50,9,0,0,16
2019-04-28,US,brewer,majority,7,2,0,0,5
2019-04-28,US,bulb1,majority,9,0,0,0,4
2019-04-28,US,cloudcam,majority,48,4,0,0,32
2019-04-28,US,dlink-mov,majority,22,2,0,0,17
2019-04-28,US,dryer,majority,45,2,0,0,32
2019-04-28,US,echodot,majority,150,51,0,0,53
2019-04-28,US,echoplus,majority,282,149,0,0,56
2019-04-28,US,echospot,majority,277,82,0,0,83
2019-04-28,US,firetv,majority,231,23,0,0,175
2019-04-28,US,fridge,majority,220,98,0,0,67
2019-04-28,US,google-home-mini,majority,115,31,0,0,46
2019-04-28,US,google-home-mini2,majority,42,4,0,0,38
2019-04-28,US,ikettle,majority,3,0,0,0,2
2019-04-28,US,insteon-hub,majority,14,0,0,0,9
2019-04-28,US,invoke,majority,51,10,0,0,36
2019-04-28,US,lefun-cam-wired,majority,220,1,0,0,1
2019-04-28,US,lgtv-wired,majority,79,11,0,0,44
2019-04-28,US,lightify-hub,majority,21,1,0,0,8
2019-04-28,US,luohe-spycam,majority,116,108,0,0,8
2019-04-28,US,magichome-strip,majority,7,0,0,0,4
2019-04-28,US,microseven-camera,majority,6,0,0,0,5
2019-04-28,US,microwave,majority,5,0,0,0,4
2019-04-28,US,nest-tstat,majority,92,22,0,0,64
2019-04-28,US,philips-hue,majority,77,0,0,0,30
2019-04-28,US,ring-doorbell,majority,380,138,0,0,12
2019-04-28,US,roku-tv,majority,141,17,0,0,92
2019-04-28,US,samsungtv-wired,majority,438,27,0,0,280
2019-04-28,US,sengled-hub,majority,25,2,0,0,12
2019-04-28,US,smartthings,majority,39,0,0,0,16
2019-04-28,US,sousvide,majority,1,0,0,0,0
2019-04-28,US,t-echodot,majority,44,8,0,0,32
2019-04-28,US,t-smartthings-hub,majority,5,0,0,0,4
2019-04-28,US,t-wemo-plug,majority,72,15,0,0,8
2019-04-28,US,tp-link-plug,majority,37,2,0,0,25
2019-04-28,US,tplink-bulb,majority,71,24,0,0,21
2019-04-28,US,wansview-cam-wired,majority,661,0,0,0,15
2019-04-28,US,washer,majority,41,3,0,0,28
2019-04-28,US,wink-hub2,majority,45,1,0,0,12
2019-04-28,US,xiaomi-cleaner,majority,29,7,0,0,17
2019-04-28,US,xiaomi-hub,majority,48,5,0,0,4
2019-04-28,US,xiaomi-ricecooker,majority,6,2,0,0,2
2019-04-28,US,xiaomi-strip,majority,40,3,0,0,4
2019-04-28,US,yi-camera,majority,369,315,0,0,10
2019-04-28,US,zmodo-doorbell,majority,40,14,0,0,34
2019-04-28,US,amcrest-cam-wired,dib_without_portability_gate,0,0,0,0,0
2019-04-28,US,appletv,dib_without_portability_gate,65,5,0,0,62
2019-04-28,US,blink-camera,dib_without_portability_gate,0,0,0,0,0
2019-04-28,US,blink-security-hub,dib_without_portability_gate,8,2,0,0,7
2019-04-28,US,brewer,dib_without_portability_gate,0,0,0,0,0
2019-04-28,US,bulb1,dib_without_portability_gate,0,0,0,0,0
2019-04-28,US,cloudcam,dib_without_portability_gate,0,0,0,0,0
2019-04-28,US,dlink-mov,dib_without_portability_gate,0,0,0,0,0
2019-04-28,US,dryer,dib_without_portability_gate,0,0,0,0,0
2019-04-28,US,echodot,dib_without_portability_gate,31,2,0,0,28
2019-04-28,US,echoplus,dib_without_portability_gate,69,29,0,0,34
2019-04-28,US,echospot,dib_without_portability_gate,76,17,0,0,47
2019-04-28,US,firetv,dib_without_portability_gate,85,15,0,0,78
2019-04-28,US,fridge,dib_without_portability_gate,0,0,0,0,0
2019-04-28,US,google-home-mini,dib_without_portability_gate,41,7,0,0,26
2019-04-28,US,google-home-mini2,dib_without_portability_gate,0,0,0,0,0
2019-04-28,US,ikettle,dib_without_portability_gate,0,0,0,0,0
2019-04-28,US,insteon-hub,dib_without_portability_gate,1,0,0,0,1
2019-04-28,US,invoke,dib_without_portability_gate,0,0,0,0,0
2019-04-28,US,lefun-cam-wired,dib_without_portability_gate,0,0,0,0,0
2019-04-28,US,lgtv-wired,dib_without_portability_gate,0,0,0,0,0
2019-04-28,US,lightify-hub,dib_without_portability_gate,1,0,0,0,0
2019-04-28,US,luohe-spycam,dib_without_portability_gate,0,0,0,0,0
2019-04-28,US,magichome-strip,dib_without_portability_gate,0,0,0,0,0
2019-04-28,US,microseven-camera,dib_without_portability_gate,0,0,0,0,0
2019-04-28,US,microwave,dib_without_portability_gate,0,0,0,0,0
2019-04-28,US,nest-tstat,dib_without_portability_gate,17,2,0,0,14
2019-04-28,US,philips-hue,dib_without_portability_gate,15,2,0,0,8
2019-04-28,US,ring-doorbell,dib_without_portability_gate,7,3,0,0,5
2019-04-28,US,roku-tv,dib_without_portability_gate,58,12,0,0,54
2019-04-28,US,samsungtv-wired,dib_without_portability_gate,50,1,0,0,44
2019-04-28,US,sengled-hub,dib_without_portability_gate,0,0,0,0,0
2019-04-28,US,smartthings,dib_without_portability_gate,5,0,0,0,4
2019-04-28,US,sousvide,dib_without_portability_gate,1,0,0,0,0
2019-04-28,US,t-echodot,dib_without_portability_gate,0,0,0,0,0
2019-04-28,US,t-smartthings-hub,dib_without_portability_gate,0,0,0,0,0
2019-04-28,US,t-wemo-plug,dib_without_portability_gate,22,7,0,0,6
2019-04-28,US,tp-link-plug,dib_without_portability_gate,24,12,0,0,21
2019-04-28,US,tplink-bulb,dib_without_portability_gate,23,14,0,0,8
2019-04-28,US,wansview-cam-wired,dib_without_portability_gate,13,0,0,0,11
2019-04-28,US,washer,dib_without_portability_gate,0,0,0,0,0
2019-04-28,US,wink-hub2,dib_without_portability_gate,0,0,0,0,0
2019-04-28,US,xiaomi-cleaner,dib_without_portability_gate,1,0,0,0,0
2019-04-28,US,xiaomi-hub,dib_without_portability_gate,33,18,0,0,4
2019-04-28,US,xiaomi-ricecooker,dib_without_portability_gate,0,0,0,0,0
2019-04-28,US,xiaomi-strip,dib_without_portability_gate,0,0,0,0,0
2019-04-28,US,yi-camera,dib_without_portability_gate,4,1,0,0,0
2019-04-28,US,zmodo-doorbell,dib_without_portability_gate,0,0,0,0,0
2019-04-28,UK,allure-speaker,dib,0,0,0,0,0
2019-04-28,UK,appletv,dib,62,5,0,0,62
2019-04-28,UK,blink-camera,dib,0,0,0,0,0
2019-04-28,UK,blink-security-hub,dib,8,2,0,0,7
2019-04-28,UK,bosiwo-camera-wifi,dib,0,0,0,0,0
2019-04-28,UK,bosiwo-camera-wired,dib,0,0,0,0,0
2019-04-28,UK,charger-camera,dib,0,0,0,0,0
2019-04-28,UK,echodot,dib,28,0,0,0,28
2019-04-28,UK,echoplus,dib,34,5,0,0,34
2019-04-28,UK,echospot,dib,47,5,0,0,47
2019-04-28,UK,firetv,dib,78,14,0,0,78
2019-04-28,UK,google-home,dib,0,0,0,0,0
2019-04-28,UK,google-home-mini,dib,26,2,0,0,26
2019-04-28,UK,honeywell-thermostat,dib,0,0,0,0,0
2019-04-28,UK,insteon-hub,dib,1,0,0,0,1
2019-04-28,UK,lightify-hub,dib,0,0,0,0,0
2019-04-28,UK,magichome-strip,dib,0,0,0,0,0
2019-04-28,UK,nest-tstat,dib,15,2,0,0,14
2019-04-28,UK,netatmo-weather,dib,0,0,0,0,0
2019-04-28,UK,philips-hue,dib,12,2,0,0,8
2019-04-28,UK,ring-doorbell,dib,5,1,0,0,5
2019-04-28,UK,roku-tv,dib,55,11,0,0,54
2019-04-28,UK,samsungtv-wired,dib,44,1,0,0,44
2019-04-28,UK,sengled-hub,dib,0,0,0,0,0
2019-04-28,UK,smarter-coffee-mach,dib,0,0,0,0,0
2019-04-28,UK,smartthings,dib,4,0,0,0,4
2019-04-28,UK,sousvide,dib,0,0,0,0,0
2019-04-28,UK,t-wemo-plug,dib,6,0,0,0,6
2019-04-28,UK,tp-link-plug,dib,21,11,0,0,21
2019-04-28,UK,tplink-bulb,dib,8,4,0,0,8
2019-04-28,UK,tplink-plug2,dib,0,0,0,0,0
2019-04-28,UK,wansview-cam-wired,dib,11,0,0,0,11
2019-04-28,UK,xiaomi-cam2,dib,0,0,0,0,0
2019-04-28,UK,xiaomi-cleaner,dib,0,0,0,0,0
2019-04-28,UK,xiaomi-hub,dib,4,0,0,0,4
2019-04-28,UK,xiaomi-plug,dib,0,0,0,0,0
2019-04-28,UK,yi-camera,dib,0,0,0,0,0
2019-04-28,UK,allure-speaker,pooled_union,43,1,0,0,32
2019-04-28,UK,appletv,pooled_union,144,4,0,0,113
2019-04-28,UK,blink-camera,pooled_union,27,2,0,0,8
2019-04-28,UK,blink-security-hub,pooled_union,50,9,0,0,16
2019-04-28,UK,bosiwo-camera-wifi,pooled_union,3,0,0,0,0
2019-04-28,UK,bosiwo-camera-wired,pooled_union,162,0,0,0,0
2019-04-28,UK,charger-camera,pooled_union,12,0,0,0,4
2019-04-28,UK,echodot,pooled_union,150,51,0,0,53
2019-04-28,UK,echoplus,pooled_union,282,149,0,0,56
2019-04-28,UK,echospot,pooled_union,277,82,0,0,83
2019-04-28,UK,firetv,pooled_union,231,23,0,0,175
2019-04-28,UK,google-home,pooled_union,82,23,0,0,35
2019-04-28,UK,google-home-mini,pooled_union,115,31,0,0,46
2019-04-28,UK,honeywell-thermostat,pooled_union,8,0,0,0,6
2019-04-28,UK,insteon-hub,pooled_union,14,0,0,0,9
2019-04-28,UK,lightify-hub,pooled_union,21,1,0,0,8
2019-04-28,UK,magichome-strip,pooled_union,7,0,0,0,4
2019-04-28,UK,nest-tstat,pooled_union,92,22,0,0,64
2019-04-28,UK,netatmo-weather,pooled_union,2,0,0,0,2
2019-04-28,UK,philips-hue,pooled_union,77,0,0,0,30
2019-04-28,UK,ring-doorbell,pooled_union,380,138,0,0,12
2019-04-28,UK,roku-tv,pooled_union,141,17,0,0,92
2019-04-28,UK,samsungtv-wired,pooled_union,438,27,0,0,280
2019-04-28,UK,sengled-hub,pooled_union,25,2,0,0,12
2019-04-28,UK,smarter-coffee-mach,pooled_union,3,0,0,0,2
2019-04-28,UK,smartthings,pooled_union,39,0,0,0,16
2019-04-28,UK,sousvide,pooled_union,1,0,0,0,0
2019-04-28,UK,t-wemo-plug,pooled_union,72,15,0,0,8
2019-04-28,UK,tp-link-plug,pooled_union,37,2,0,0,25
2019-04-28,UK,tplink-bulb,pooled_union,71,24,0,0,21
2019-04-28,UK,tplink-plug2,pooled_union,7,1,0,0,3
2019-04-28,UK,wansview-cam-wired,pooled_union,661,0,0,0,15
2019-04-28,UK,xiaomi-cam2,pooled_union,67,14,0,0,12
2019-04-28,UK,xiaomi-cleaner,pooled_union,29,7,0,0,17
2019-04-28,UK,xiaomi-hub,pooled_union,48,5,0,0,4
2019-04-28,UK,xiaomi-plug,pooled_union,7,1,0,0,3
2019-04-28,UK,yi-camera,pooled_union,369,315,0,0,10
2019-04-28,UK,allure-speaker,quorum_only,0,0,0,0,0
2019-04-28,UK,appletv,quorum_only,66,4,0,0,63
2019-04-28,UK,blink-camera,quorum_only,0,0,0,0,0
2019-04-28,UK,blink-security-hub,quorum_only,8,2,0,0,7
2019-04-28,UK,bosiwo-camera-wifi,quorum_only,0,0,0,0,0
2019-04-28,UK,bosiwo-camera-wired,quorum_only,0,0,0,0,0
2019-04-28,UK,charger-camera,quorum_only,0,0,0,0,0
2019-04-28,UK,echodot,quorum_only,31,2,0,0,28
2019-04-28,UK,echoplus,quorum_only,69,29,0,0,34
2019-04-28,UK,echospot,quorum_only,76,17,0,0,47
2019-04-28,UK,firetv,quorum_only,85,15,0,0,78
2019-04-28,UK,google-home,quorum_only,0,0,0,0,0
2019-04-28,UK,google-home-mini,quorum_only,41,7,0,0,26
2019-04-28,UK,honeywell-thermostat,quorum_only,0,0,0,0,0
2019-04-28,UK,insteon-hub,quorum_only,1,0,0,0,1
2019-04-28,UK,lightify-hub,quorum_only,1,0,0,0,0
2019-04-28,UK,magichome-strip,quorum_only,0,0,0,0,0
2019-04-28,UK,nest-tstat,quorum_only,17,2,0,0,14
2019-04-28,UK,netatmo-weather,quorum_only,0,0,0,0,0
2019-04-28,UK,philips-hue,quorum_only,30,0,0,0,23
2019-04-28,UK,ring-doorbell,quorum_only,7,3,0,0,5
2019-04-28,UK,roku-tv,quorum_only,58,12,0,0,54
2019-04-28,UK,samsungtv-wired,quorum_only,50,1,0,0,44
2019-04-28,UK,sengled-hub,quorum_only,0,0,0,0,0
2019-04-28,UK,smarter-coffee-mach,quorum_only,0,0,0,0,0
2019-04-28,UK,smartthings,quorum_only,9,0,0,0,7
2019-04-28,UK,sousvide,quorum_only,1,0,0,0,0
2019-04-28,UK,t-wemo-plug,quorum_only,22,7,0,0,6
2019-04-28,UK,tp-link-plug,quorum_only,24,12,0,0,21
2019-04-28,UK,tplink-bulb,quorum_only,23,14,0,0,8
2019-04-28,UK,tplink-plug2,quorum_only,0,0,0,0,0
2019-04-28,UK,wansview-cam-wired,quorum_only,21,0,0,0,11
2019-04-28,UK,xiaomi-cam2,quorum_only,0,0,0,0,0
2019-04-28,UK,xiaomi-cleaner,quorum_only,1,0,0,0,0
2019-04-28,UK,xiaomi-hub,quorum_only,33,18,0,0,4
2019-04-28,UK,xiaomi-plug,quorum_only,0,0,0,0,0
2019-04-28,UK,yi-camera,quorum_only,4,1,0,0,0
2019-04-28,UK,allure-speaker,majority,43,1,0,0,32
2019-04-28,UK,appletv,majority,144,4,0,0,113
2019-04-28,UK,blink-camera,majority,27,2,0,0,8
2019-04-28,UK,blink-security-hub,majority,50,9,0,0,16
2019-04-28,UK,bosiwo-camera-wifi,majority,3,0,0,0,0
2019-04-28,UK,bosiwo-camera-wired,majority,162,0,0,0,0
2019-04-28,UK,charger-camera,majority,12,0,0,0,4
2019-04-28,UK,echodot,majority,150,51,0,0,53
2019-04-28,UK,echoplus,majority,282,149,0,0,56
2019-04-28,UK,echospot,majority,277,82,0,0,83
2019-04-28,UK,firetv,majority,231,23,0,0,175
2019-04-28,UK,google-home,majority,82,23,0,0,35
2019-04-28,UK,google-home-mini,majority,115,31,0,0,46
2019-04-28,UK,honeywell-thermostat,majority,8,0,0,0,6
2019-04-28,UK,insteon-hub,majority,14,0,0,0,9
2019-04-28,UK,lightify-hub,majority,21,1,0,0,8
2019-04-28,UK,magichome-strip,majority,7,0,0,0,4
2019-04-28,UK,nest-tstat,majority,92,22,0,0,64
2019-04-28,UK,netatmo-weather,majority,2,0,0,0,2
2019-04-28,UK,philips-hue,majority,77,0,0,0,30
2019-04-28,UK,ring-doorbell,majority,380,138,0,0,12
2019-04-28,UK,roku-tv,majority,141,17,0,0,92
2019-04-28,UK,samsungtv-wired,majority,438,27,0,0,280
2019-04-28,UK,sengled-hub,majority,25,2,0,0,12
2019-04-28,UK,smarter-coffee-mach,majority,3,0,0,0,2
2019-04-28,UK,smartthings,majority,39,0,0,0,16
2019-04-28,UK,sousvide,majority,1,0,0,0,0
2019-04-28,UK,t-wemo-plug,majority,72,15,0,0,8
2019-04-28,UK,tp-link-plug,majority,37,2,0,0,25
2019-04-28,UK,tplink-bulb,majority,71,24,0,0,21
2019-04-28,UK,tplink-plug2,majority,7,1,0,0,3
2019-04-28,UK,wansview-cam-wired,majority,661,0,0,0,15
2019-04-28,UK,xiaomi-cam2,majority,67,14,0,0,12
2019-04-28,UK,xiaomi-cleaner,majority,29,7,0,0,17
2019-04-28,UK,xiaomi-hub,majority,48,5,0,0,4
2019-04-28,UK,xiaomi-plug,majority,7,1,0,0,3
2019-04-28,UK,yi-camera,majority,369,315,0,0,10
2019-04-28,UK,allure-speaker,dib_without_portability_gate,0,0,0,0,0
2019-04-28,UK,appletv,dib_without_portability_gate,65,5,0,0,62
2019-04-28,UK,blink-camera,dib_without_portability_gate,0,0,0,0,0
2019-04-28,UK,blink-security-hub,dib_without_portability_gate,8,2,0,0,7
2019-04-28,UK,bosiwo-camera-wifi,dib_without_portability_gate,0,0,0,0,0
2019-04-28,UK,bosiwo-camera-wired,dib_without_portability_gate,0,0,0,0,0
2019-04-28,UK,charger-camera,dib_without_portability_gate,0,0,0,0,0
2019-04-28,UK,echodot,dib_without_portability_gate,31,2,0,0,28
2019-04-28,UK,echoplus,dib_without_portability_gate,69,29,0,0,34
2019-04-28,UK,echospot,dib_without_portability_gate,76,17,0,0,47
2019-04-28,UK,firetv,dib_without_portability_gate,85,15,0,0,78
2019-04-28,UK,google-home,dib_without_portability_gate,0,0,0,0,0
2019-04-28,UK,google-home-mini,dib_without_portability_gate,41,7,0,0,26
2019-04-28,UK,honeywell-thermostat,dib_without_portability_gate,0,0,0,0,0
2019-04-28,UK,insteon-hub,dib_without_portability_gate,1,0,0,0,1
2019-04-28,UK,lightify-hub,dib_without_portability_gate,1,0,0,0,0
2019-04-28,UK,magichome-strip,dib_without_portability_gate,0,0,0,0,0
2019-04-28,UK,nest-tstat,dib_without_portability_gate,17,2,0,0,14
2019-04-28,UK,netatmo-weather,dib_without_portability_gate,0,0,0,0,0
2019-04-28,UK,philips-hue,dib_without_portability_gate,15,2,0,0,8
2019-04-28,UK,ring-doorbell,dib_without_portability_gate,7,3,0,0,5
2019-04-28,UK,roku-tv,dib_without_portability_gate,58,12,0,0,54
2019-04-28,UK,samsungtv-wired,dib_without_portability_gate,50,1,0,0,44
2019-04-28,UK,sengled-hub,dib_without_portability_gate,0,0,0,0,0
2019-04-28,UK,smarter-coffee-mach,dib_without_portability_gate,0,0,0,0,0
2019-04-28,UK,smartthings,dib_without_portability_gate,5,0,0,0,4
2019-04-28,UK,sousvide,dib_without_portability_gate,1,0,0,0,0
2019-04-28,UK,t-wemo-plug,dib_without_portability_gate,22,7,0,0,6
2019-04-28,UK,tp-link-plug,dib_without_portability_gate,24,12,0,0,21
2019-04-28,UK,tplink-bulb,dib_without_portability_gate,23,14,0,0,8
2019-04-28,UK,tplink-plug2,dib_without_portability_gate,0,0,0,0,0
2019-04-28,UK,wansview-cam-wired,dib_without_portability_gate,13,0,0,0,11
2019-04-28,UK,xiaomi-cam2,dib_without_portability_gate,0,0,0,0,0
2019-04-28,UK,xiaomi-cleaner,dib_without_portability_gate,1,0,0,0,0
2019-04-28,UK,xiaomi-hub,dib_without_portability_gate,33,18,0,0,4
2019-04-28,UK,xiaomi-plug,dib_without_portability_gate,0,0,0,0,0
2019-04-28,UK,yi-camera,dib_without_portability_gate,4,1,0,0,0
2019-04-29,US,amcrest-cam-wired,dib,0,0,0,0,0
2019-04-29,US,appletv,dib,66,4,0,0,66
2019-04-29,US,blink-camera,dib,0,0,0,0,0
2019-04-29,US,blink-security-hub,dib,8,0,0,0,7
2019-04-29,US,brewer,dib,0,0,0,0,0
2019-04-29,US,bulb1,dib,0,0,0,0,0
2019-04-29,US,cloudcam,dib,0,0,0,0,0
2019-04-29,US,dlink-mov,dib,0,0,0,0,0
2019-04-29,US,dryer,dib,0,0,0,0,0
2019-04-29,US,echodot,dib,29,1,0,0,29
2019-04-29,US,echoplus,dib,34,0,0,0,34
2019-04-29,US,echospot,dib,55,8,0,0,55
2019-04-29,US,firetv,dib,81,3,0,0,81
2019-04-29,US,fridge,dib,0,0,0,0,0
2019-04-29,US,google-home-mini,dib,27,1,0,0,27
2019-04-29,US,google-home-mini2,dib,0,0,0,0,0
2019-04-29,US,ikettle,dib,0,0,0,0,0
2019-04-29,US,insteon-hub,dib,1,0,0,0,1
2019-04-29,US,invoke,dib,0,0,0,0,0
2019-04-29,US,lefun-cam-wired,dib,0,0,0,0,0
2019-04-29,US,lgtv-wired,dib,0,0,0,0,0
2019-04-29,US,lightify-hub,dib,0,0,0,0,0
2019-04-29,US,luohe-spycam,dib,0,0,0,0,0
2019-04-29,US,magichome-strip,dib,0,0,0,0,0
2019-04-29,US,microseven-camera,dib,0,0,0,0,0
2019-04-29,US,microwave,dib,0,0,0,0,0
2019-04-29,US,nest-tstat,dib,15,0,0,0,14
2019-04-29,US,philips-hue,dib,12,0,0,0,8
2019-04-29,US,ring-doorbell,dib,5,0,0,0,5
2019-04-29,US,roku-tv,dib,56,1,0,0,55
2019-04-29,US,samsungtv-wired,dib,46,2,0,0,46
2019-04-29,US,sengled-hub,dib,0,0,0,0,0
2019-04-29,US,smartthings,dib,4,0,0,0,4
2019-04-29,US,sousvide,dib,0,0,0,0,0
2019-04-29,US,t-echodot,dib,0,0,0,0,0
2019-04-29,US,t-smartthings-hub,dib,0,0,0,0,0
2019-04-29,US,t-wemo-plug,dib,7,1,0,0,6
2019-04-29,US,tp-link-plug,dib,21,0,0,0,21
2019-04-29,US,tplink-bulb,dib,8,0,0,0,8
2019-04-29,US,wansview-cam-wired,dib,11,0,0,0,11
2019-04-29,US,washer,dib,0,0,0,0,0
2019-04-29,US,wink-hub2,dib,0,0,0,0,0
2019-04-29,US,xiaomi-cleaner,dib,0,0,0,0,0
2019-04-29,US,xiaomi-hub,dib,4,0,0,0,4
2019-04-29,US,xiaomi-ricecooker,dib,0,0,0,0,0
2019-04-29,US,xiaomi-strip,dib,0,0,0,0,0
2019-04-29,US,yi-camera,dib,0,0,0,0,0
2019-04-29,US,zmodo-doorbell,dib,0,0,0,0,0
2019-04-29,US,amcrest-cam-wired,pooled_union,16898,9497,0,0,12
2019-04-29,US,appletv,pooled_union,148,4,0,0,115
2019-04-29,US,blink-camera,pooled_union,27,0,0,0,8
2019-04-29,US,blink-security-hub,pooled_union,59,9,0,0,16
2019-04-29,US,brewer,pooled_union,7,0,0,0,5
2019-04-29,US,bulb1,pooled_union,10,1,0,0,4
2019-04-29,US,cloudcam,pooled_union,51,3,0,0,32
2019-04-29,US,dlink-mov,pooled_union,22,0,0,0,17
2019-04-29,US,dryer,pooled_union,45,0,0,0,32
2019-04-29,US,echodot,pooled_union,182,32,0,0,54
2019-04-29,US,echoplus,pooled_union,364,82,0,0,56
2019-04-29,US,echospot,pooled_union,311,34,0,0,83
2019-04-29,US,firetv,pooled_union,238,7,0,0,176
2019-04-29,US,fridge,pooled_union,246,26,0,0,78
2019-04-29,US,google-home-mini,pooled_union,118,3,0,0,48
2019-04-29,US,google-home-mini2,pooled_union,46,4,0,0,41
2019-04-29,US,ikettle,pooled_union,3,0,0,0,2
2019-04-29,US,insteon-hub,pooled_union,14,0,0,0,9
2019-04-29,US,invoke,pooled_union,53,2,0,0,36
2019-04-29,US,lefun-cam-wired,pooled_union,307,87,0,0,1
2019-04-29,US,lgtv-wired,pooled_union,80,1,0,0,45
2019-04-29,US,lightify-hub,pooled_union,22,1,0,0,8
2019-04-29,US,luohe-spycam,pooled_union,116,0,0,0,8
2019-04-29,US,magichome-strip,pooled_union,7,0,0,0,4
2019-04-29,US,microseven-camera,pooled_union,6,0,0,0,5
2019-04-29,US,microwave,pooled_union,5,0,0,0,4
2019-04-29,US,nest-tstat,pooled_union,99,7,0,0,68
2019-04-29,US,philips-hue,pooled_union,77,0,0,0,30
2019-04-29,US,ring-doorbell,pooled_union,577,197,0,0,12
2019-04-29,US,roku-tv,pooled_union,152,11,0,0,93
2019-04-29,US,samsungtv-wired,pooled_union,467,29,0,0,307
2019-04-29,US,sengled-hub,pooled_union,25,0,0,0,12
2019-04-29,US,smartthings,pooled_union,39,0,0,0,16
2019-04-29,US,sousvide,pooled_union,1,0,0,0,0
2019-04-29,US,t-echodot,pooled_union,48,4,0,0,33
2019-04-29,US,t-smartthings-hub,pooled_union,6,1,0,0,4
2019-04-29,US,t-wemo-plug,pooled_union,78,6,0,0,10
2019-04-29,US,tp-link-plug,pooled_union,37,0,0,0,25
2019-04-29,US,tplink-bulb,pooled_union,98,27,0,0,21
2019-04-29,US,wansview-cam-wired,pooled_union,688,27,0,0,15
2019-04-29,US,washer,pooled_union,42,1,0,0,28
2019-04-29,US,wink-hub2,pooled_union,45,0,0,0,12
2019-04-29,US,xiaomi-cleaner,pooled_union,29,0,0,0,17
2019-04-29,US,xiaomi-hub,pooled_union,49,1,0,0,4
2019-04-29,US,xiaomi-ricecooker,pooled_union,6,0,0,0,2
2019-04-29,US,xiaomi-strip,pooled_union,40,0,0,0,4
2019-04-29,US,yi-camera,pooled_union,453,84,0,0,12
2019-04-29,US,zmodo-doorbell,pooled_union,40,0,0,0,34
2019-04-29,US,amcrest-cam-wired,quorum_only,0,0,0,0,0
2019-04-29,US,appletv,quorum_only,69,3,0,0,66
2019-04-29,US,blink-camera,quorum_only,0,0,0,0,0
2019-04-29,US,blink-security-hub,quorum_only,8,0,0,0,7
2019-04-29,US,brewer,quorum_only,0,0,0,0,0
2019-04-29,US,bulb1,quorum_only,0,0,0,0,0
2019-04-29,US,cloudcam,quorum_only,0,0,0,0,0
2019-04-29,US,dlink-mov,quorum_only,0,0,0,0,0
2019-04-29,US,dryer,quorum_only,0,0,0,0,0
2019-04-29,US,echodot,quorum_only,33,2,0,0,29
2019-04-29,US,echoplus,quorum_only,78,9,0,0,34
2019-04-29,US,echospot,quorum_only,91,15,0,0,55
2019-04-29,US,firetv,quorum_only,88,3,0,0,81
2019-04-29,US,fridge,quorum_only,0,0,0,0,0
2019-04-29,US,google-home-mini,quorum_only,45,4,0,0,27
2019-04-29,US,google-home-mini2,quorum_only,0,0,0,0,0
2019-04-29,US,ikettle,quorum_only,0,0,0,0,0
2019-04-29,US,insteon-hub,quorum_only,1,0,0,0,1
2019-04-29,US,invoke,quorum_only,0,0,0,0,0
2019-04-29,US,lefun-cam-wired,quorum_only,0,0,0,0,0
2019-04-29,US,lgtv-wired,quorum_only,0,0,0,0,0
2019-04-29,US,lightify-hub,quorum_only,1,0,0,0,0
2019-04-29,US,luohe-spycam,quorum_only,0,0,0,0,0
2019-04-29,US,magichome-strip,quorum_only,0,0,0,0,0
2019-04-29,US,microseven-camera,quorum_only,0,0,0,0,0
2019-04-29,US,microwave,quorum_only,0,0,0,0,0
2019-04-29,US,nest-tstat,quorum_only,18,1,0,0,14
2019-04-29,US,philips-hue,quorum_only,30,0,0,0,23
2019-04-29,US,ring-doorbell,quorum_only,8,1,0,0,5
2019-04-29,US,roku-tv,quorum_only,61,3,0,0,55
2019-04-29,US,samsungtv-wired,quorum_only,52,2,0,0,46
2019-04-29,US,sengled-hub,quorum_only,0,0,0,0,0
2019-04-29,US,smartthings,quorum_only,9,0,0,0,7
2019-04-29,US,sousvide,quorum_only,1,0,0,0,0
2019-04-29,US,t-echodot,quorum_only,0,0,0,0,0
2019-04-29,US,t-smartthings-hub,quorum_only,0,0,0,0,0
2019-04-29,US,t-wemo-plug,quorum_only,33,11,0,0,6
2019-04-29,US,tp-link-plug,quorum_only,25,1,0,0,21
2019-04-29,US,tplink-bulb,quorum_only,23,0,0,0,8
2019-04-29,US,wansview-cam-wired,quorum_only,22,1,0,0,11
2019-04-29,US,washer,quorum_only,0,0,0,0,0
2019-04-29,US,wink-hub2,quorum_only,0,0,0,0,0
2019-04-29,US,xiaomi-cleaner,quorum_only,1,0,0,0,0
2019-04-29,US,xiaomi-hub,quorum_only,34,1,0,0,4
2019-04-29,US,xiaomi-ricecooker,quorum_only,0,0,0,0,0
2019-04-29,US,xiaomi-strip,quorum_only,0,0,0,0,0
2019-04-29,US,yi-camera,quorum_only,5,1,0,0,0
2019-04-29,US,zmodo-doorbell,quorum_only,0,0,0,0,0
2019-04-29,US,amcrest-cam-wired,majority,16898,9497,0,0,12
2019-04-29,US,appletv,majority,148,4,0,0,115
2019-04-29,US,blink-camera,majority,27,0,0,0,8
2019-04-29,US,blink-security-hub,majority,59,9,0,0,16
2019-04-29,US,brewer,majority,7,0,0,0,5
2019-04-29,US,bulb1,majority,10,1,0,0,4
2019-04-29,US,cloudcam,majority,51,3,0,0,32
2019-04-29,US,dlink-mov,majority,22,0,0,0,17
2019-04-29,US,dryer,majority,45,0,0,0,32
2019-04-29,US,echodot,majority,182,32,0,0,54
2019-04-29,US,echoplus,majority,364,82,0,0,56
2019-04-29,US,echospot,majority,311,34,0,0,83
2019-04-29,US,firetv,majority,238,7,0,0,176
2019-04-29,US,fridge,majority,246,26,0,0,78
2019-04-29,US,google-home-mini,majority,118,3,0,0,48
2019-04-29,US,google-home-mini2,majority,46,4,0,0,41
2019-04-29,US,ikettle,majority,3,0,0,0,2
2019-04-29,US,insteon-hub,majority,14,0,0,0,9
2019-04-29,US,invoke,majority,53,2,0,0,36
2019-04-29,US,lefun-cam-wired,majority,307,87,0,0,1
2019-04-29,US,lgtv-wired,majority,80,1,0,0,45
2019-04-29,US,lightify-hub,majority,22,1,0,0,8
2019-04-29,US,luohe-spycam,majority,116,0,0,0,8
2019-04-29,US,magichome-strip,majority,7,0,0,0,4
2019-04-29,US,microseven-camera,majority,6,0,0,0,5
2019-04-29,US,microwave,majority,5,0,0,0,4
2019-04-29,US,nest-tstat,majority,99,7,0,0,68
2019-04-29,US,philips-hue,majority,77,0,0,0,30
2019-04-29,US,ring-doorbell,majority,577,197,0,0,12
2019-04-29,US,roku-tv,majority,152,11,0,0,93
2019-04-29,US,samsungtv-wired,majority,467,29,0,0,307
2019-04-29,US,sengled-hub,majority,25,0,0,0,12
2019-04-29,US,smartthings,majority,39,0,0,0,16
2019-04-29,US,sousvide,majority,1,0,0,0,0
2019-04-29,US,t-echodot,majority,48,4,0,0,33
2019-04-29,US,t-smartthings-hub,majority,6,1,0,0,4
2019-04-29,US,t-wemo-plug,majority,78,6,0,0,10
2019-04-29,US,tp-link-plug,majority,37,0,0,0,25
2019-04-29,US,tplink-bulb,majority,98,27,0,0,21
2019-04-29,US,wansview-cam-wired,majority,688,27,0,0,15
2019-04-29,US,washer,majority,42,1,0,0,28
2019-04-29,US,wink-hub2,majority,45,0,0,0,12
2019-04-29,US,xiaomi-cleaner,majority,29,0,0,0,17
2019-04-29,US,xiaomi-hub,majority,49,1,0,0,4
2019-04-29,US,xiaomi-ricecooker,majority,6,0,0,0,2
2019-04-29,US,xiaomi-strip,majority,40,0,0,0,4
2019-04-29,US,yi-camera,majority,453,84,0,0,12
2019-04-29,US,zmodo-doorbell,majority,40,0,0,0,34
2019-04-29,US,amcrest-cam-wired,dib_without_portability_gate,0,0,0,0,0
2019-04-29,US,appletv,dib_without_portability_gate,69,4,0,0,66
2019-04-29,US,blink-camera,dib_without_portability_gate,0,0,0,0,0
2019-04-29,US,blink-security-hub,dib_without_portability_gate,8,0,0,0,7
2019-04-29,US,brewer,dib_without_portability_gate,0,0,0,0,0
2019-04-29,US,bulb1,dib_without_portability_gate,0,0,0,0,0
2019-04-29,US,cloudcam,dib_without_portability_gate,0,0,0,0,0
2019-04-29,US,dlink-mov,dib_without_portability_gate,0,0,0,0,0
2019-04-29,US,dryer,dib_without_portability_gate,0,0,0,0,0
2019-04-29,US,echodot,dib_without_portability_gate,33,2,0,0,29
2019-04-29,US,echoplus,dib_without_portability_gate,78,9,0,0,34
2019-04-29,US,echospot,dib_without_portability_gate,91,15,0,0,55
2019-04-29,US,firetv,dib_without_portability_gate,88,3,0,0,81
2019-04-29,US,fridge,dib_without_portability_gate,0,0,0,0,0
2019-04-29,US,google-home-mini,dib_without_portability_gate,45,4,0,0,27
2019-04-29,US,google-home-mini2,dib_without_portability_gate,0,0,0,0,0
2019-04-29,US,ikettle,dib_without_portability_gate,0,0,0,0,0
2019-04-29,US,insteon-hub,dib_without_portability_gate,1,0,0,0,1
2019-04-29,US,invoke,dib_without_portability_gate,0,0,0,0,0
2019-04-29,US,lefun-cam-wired,dib_without_portability_gate,0,0,0,0,0
2019-04-29,US,lgtv-wired,dib_without_portability_gate,0,0,0,0,0
2019-04-29,US,lightify-hub,dib_without_portability_gate,1,0,0,0,0
2019-04-29,US,luohe-spycam,dib_without_portability_gate,0,0,0,0,0
2019-04-29,US,magichome-strip,dib_without_portability_gate,0,0,0,0,0
2019-04-29,US,microseven-camera,dib_without_portability_gate,0,0,0,0,0
2019-04-29,US,microwave,dib_without_portability_gate,0,0,0,0,0
2019-04-29,US,nest-tstat,dib_without_portability_gate,18,1,0,0,14
2019-04-29,US,philips-hue,dib_without_portability_gate,15,0,0,0,8
2019-04-29,US,ring-doorbell,dib_without_portability_gate,8,1,0,0,5
2019-04-29,US,roku-tv,dib_without_portability_gate,61,3,0,0,55
2019-04-29,US,samsungtv-wired,dib_without_portability_gate,52,2,0,0,46
2019-04-29,US,sengled-hub,dib_without_portability_gate,0,0,0,0,0
2019-04-29,US,smartthings,dib_without_portability_gate,5,0,0,0,4
2019-04-29,US,sousvide,dib_without_portability_gate,1,0,0,0,0
2019-04-29,US,t-echodot,dib_without_portability_gate,0,0,0,0,0
2019-04-29,US,t-smartthings-hub,dib_without_portability_gate,0,0,0,0,0
2019-04-29,US,t-wemo-plug,dib_without_portability_gate,33,11,0,0,6
2019-04-29,US,tp-link-plug,dib_without_portability_gate,25,1,0,0,21
2019-04-29,US,tplink-bulb,dib_without_portability_gate,23,0,0,0,8
2019-04-29,US,wansview-cam-wired,dib_without_portability_gate,13,0,0,0,11
2019-04-29,US,washer,dib_without_portability_gate,0,0,0,0,0
2019-04-29,US,wink-hub2,dib_without_portability_gate,0,0,0,0,0
2019-04-29,US,xiaomi-cleaner,dib_without_portability_gate,1,0,0,0,0
2019-04-29,US,xiaomi-hub,dib_without_portability_gate,34,1,0,0,4
2019-04-29,US,xiaomi-ricecooker,dib_without_portability_gate,0,0,0,0,0
2019-04-29,US,xiaomi-strip,dib_without_portability_gate,0,0,0,0,0
2019-04-29,US,yi-camera,dib_without_portability_gate,5,1,0,0,0
2019-04-29,US,zmodo-doorbell,dib_without_portability_gate,0,0,0,0,0
2019-04-29,UK,allure-speaker,dib,0,0,0,0,0
2019-04-29,UK,appletv,dib,66,4,0,0,66
2019-04-29,UK,blink-camera,dib,0,0,0,0,0
2019-04-29,UK,blink-security-hub,dib,8,0,0,0,7
2019-04-29,UK,bosiwo-camera-wifi,dib,0,0,0,0,0
2019-04-29,UK,bosiwo-camera-wired,dib,0,0,0,0,0
2019-04-29,UK,charger-camera,dib,0,0,0,0,0
2019-04-29,UK,echodot,dib,29,1,0,0,29
2019-04-29,UK,echoplus,dib,34,0,0,0,34
2019-04-29,UK,echospot,dib,55,8,0,0,55
2019-04-29,UK,firetv,dib,81,3,0,0,81
2019-04-29,UK,google-home,dib,0,0,0,0,0
2019-04-29,UK,google-home-mini,dib,27,1,0,0,27
2019-04-29,UK,honeywell-thermostat,dib,0,0,0,0,0
2019-04-29,UK,insteon-hub,dib,1,0,0,0,1
2019-04-29,UK,lightify-hub,dib,0,0,0,0,0
2019-04-29,UK,magichome-strip,dib,0,0,0,0,0
2019-04-29,UK,nest-tstat,dib,15,0,0,0,14
2019-04-29,UK,netatmo-weather,dib,0,0,0,0,0
2019-04-29,UK,philips-hue,dib,12,0,0,0,8
2019-04-29,UK,ring-doorbell,dib,5,0,0,0,5
2019-04-29,UK,roku-tv,dib,56,1,0,0,55
2019-04-29,UK,samsungtv-wired,dib,46,2,0,0,46
2019-04-29,UK,sengled-hub,dib,0,0,0,0,0
2019-04-29,UK,smarter-coffee-mach,dib,0,0,0,0,0
2019-04-29,UK,smartthings,dib,4,0,0,0,4
2019-04-29,UK,sousvide,dib,0,0,0,0,0
2019-04-29,UK,t-wemo-plug,dib,7,1,0,0,6
2019-04-29,UK,tp-link-plug,dib,21,0,0,0,21
2019-04-29,UK,tplink-bulb,dib,8,0,0,0,8
2019-04-29,UK,tplink-plug2,dib,0,0,0,0,0
2019-04-29,UK,wansview-cam-wired,dib,11,0,0,0,11
2019-04-29,UK,xiaomi-cam2,dib,0,0,0,0,0
2019-04-29,UK,xiaomi-cleaner,dib,0,0,0,0,0
2019-04-29,UK,xiaomi-hub,dib,4,0,0,0,4
2019-04-29,UK,xiaomi-plug,dib,0,0,0,0,0
2019-04-29,UK,yi-camera,dib,0,0,0,0,0
2019-04-29,UK,allure-speaker,pooled_union,44,1,0,0,33
2019-04-29,UK,appletv,pooled_union,148,4,0,0,115
2019-04-29,UK,blink-camera,pooled_union,27,0,0,0,8
2019-04-29,UK,blink-security-hub,pooled_union,59,9,0,0,16
2019-04-29,UK,bosiwo-camera-wifi,pooled_union,3,0,0,0,0
2019-04-29,UK,bosiwo-camera-wired,pooled_union,162,0,0,0,0
2019-04-29,UK,charger-camera,pooled_union,14,2,0,0,4
2019-04-29,UK,echodot,pooled_union,182,32,0,0,54
2019-04-29,UK,echoplus,pooled_union,364,82,0,0,56
2019-04-29,UK,echospot,pooled_union,311,34,0,0,83
2019-04-29,UK,firetv,pooled_union,238,7,0,0,176
2019-04-29,UK,google-home,pooled_union,85,3,0,0,37
2019-04-29,UK,google-home-mini,pooled_union,118,3,0,0,48
2019-04-29,UK,honeywell-thermostat,pooled_union,8,0,0,0,6
2019-04-29,UK,insteon-hub,pooled_union,14,0,0,0,9
2019-04-29,UK,lightify-hub,pooled_union,22,1,0,0,8
2019-04-29,UK,magichome-strip,pooled_union,7,0,0,0,4
2019-04-29,UK,nest-tstat,pooled_union,99,7,0,0,68
2019-04-29,UK,netatmo-weather,pooled_union,3,1,0,0,2
2019-04-29,UK,philips-hue,pooled_union,77,0,0,0,30
2019-04-29,UK,ring-doorbell,pooled_union,577,197,0,0,12
2019-04-29,UK,roku-tv,pooled_union,152,11,0,0,93
2019-04-29,UK,samsungtv-wired,pooled_union,467,29,0,0,307
2019-04-29,UK,sengled-hub,pooled_union,25,0,0,0,12
2019-04-29,UK,smarter-coffee-mach,pooled_union,3,0,0,0,2
2019-04-29,UK,smartthings,pooled_union,39,0,0,0,16
2019-04-29,UK,sousvide,pooled_union,1,0,0,0,0
2019-04-29,UK,t-wemo-plug,pooled_union,78,6,0,0,10
2019-04-29,UK,tp-link-plug,pooled_union,37,0,0,0,25
2019-04-29,UK,tplink-bulb,pooled_union,98,27,0,0,21
2019-04-29,UK,tplink-plug2,pooled_union,9,2,0,0,5
2019-04-29,UK,wansview-cam-wired,pooled_union,688,27,0,0,15
2019-04-29,UK,xiaomi-cam2,pooled_union,135,68,0,0,12
2019-04-29,UK,xiaomi-cleaner,pooled_union,29,0,0,0,17
2019-04-29,UK,xiaomi-hub,pooled_union,49,1,0,0,4
2019-04-29,UK,xiaomi-plug,pooled_union,8,1,0,0,3
2019-04-29,UK,yi-camera,pooled_union,453,84,0,0,12
2019-04-29,UK,allure-speaker,quorum_only,0,0,0,0,0
2019-04-29,UK,appletv,quorum_only,69,3,0,0,66
2019-04-29,UK,blink-camera,quorum_only,0,0,0,0,0
2019-04-29,UK,blink-security-hub,quorum_only,8,0,0,0,7
2019-04-29,UK,bosiwo-camera-wifi,quorum_only,0,0,0,0,0
2019-04-29,UK,bosiwo-camera-wired,quorum_only,0,0,0,0,0
2019-04-29,UK,charger-camera,quorum_only,0,0,0,0,0
2019-04-29,UK,echodot,quorum_only,33,2,0,0,29
2019-04-29,UK,echoplus,quorum_only,78,9,0,0,34
2019-04-29,UK,echospot,quorum_only,91,15,0,0,55
2019-04-29,UK,firetv,quorum_only,88,3,0,0,81
2019-04-29,UK,google-home,quorum_only,0,0,0,0,0
2019-04-29,UK,google-home-mini,quorum_only,45,4,0,0,27
2019-04-29,UK,honeywell-thermostat,quorum_only,0,0,0,0,0
2019-04-29,UK,insteon-hub,quorum_only,1,0,0,0,1
2019-04-29,UK,lightify-hub,quorum_only,1,0,0,0,0
2019-04-29,UK,magichome-strip,quorum_only,0,0,0,0,0
2019-04-29,UK,nest-tstat,quorum_only,18,1,0,0,14
2019-04-29,UK,netatmo-weather,quorum_only,0,0,0,0,0
2019-04-29,UK,philips-hue,quorum_only,30,0,0,0,23
2019-04-29,UK,ring-doorbell,quorum_only,8,1,0,0,5
2019-04-29,UK,roku-tv,quorum_only,61,3,0,0,55
2019-04-29,UK,samsungtv-wired,quorum_only,52,2,0,0,46
2019-04-29,UK,sengled-hub,quorum_only,0,0,0,0,0
2019-04-29,UK,smarter-coffee-mach,quorum_only,0,0,0,0,0
2019-04-29,UK,smartthings,quorum_only,9,0,0,0,7
2019-04-29,UK,sousvide,quorum_only,1,0,0,0,0
2019-04-29,UK,t-wemo-plug,quorum_only,33,11,0,0,6
2019-04-29,UK,tp-link-plug,quorum_only,25,1,0,0,21
2019-04-29,UK,tplink-bulb,quorum_only,23,0,0,0,8
2019-04-29,UK,tplink-plug2,quorum_only,0,0,0,0,0
2019-04-29,UK,wansview-cam-wired,quorum_only,22,1,0,0,11
2019-04-29,UK,xiaomi-cam2,quorum_only,0,0,0,0,0
2019-04-29,UK,xiaomi-cleaner,quorum_only,1,0,0,0,0
2019-04-29,UK,xiaomi-hub,quorum_only,34,1,0,0,4
2019-04-29,UK,xiaomi-plug,quorum_only,0,0,0,0,0
2019-04-29,UK,yi-camera,quorum_only,5,1,0,0,0
2019-04-29,UK,allure-speaker,majority,44,1,0,0,33
2019-04-29,UK,appletv,majority,148,4,0,0,115
2019-04-29,UK,blink-camera,majority,27,0,0,0,8
2019-04-29,UK,blink-security-hub,majority,59,9,0,0,16
2019-04-29,UK,bosiwo-camera-wifi,majority,3,0,0,0,0
2019-04-29,UK,bosiwo-camera-wired,majority,162,0,0,0,0
2019-04-29,UK,charger-camera,majority,14,2,0,0,4
2019-04-29,UK,echodot,majority,182,32,0,0,54
2019-04-29,UK,echoplus,majority,364,82,0,0,56
2019-04-29,UK,echospot,majority,311,34,0,0,83
2019-04-29,UK,firetv,majority,238,7,0,0,176
2019-04-29,UK,google-home,majority,85,3,0,0,37
2019-04-29,UK,google-home-mini,majority,118,3,0,0,48
2019-04-29,UK,honeywell-thermostat,majority,8,0,0,0,6
2019-04-29,UK,insteon-hub,majority,14,0,0,0,9
2019-04-29,UK,lightify-hub,majority,22,1,0,0,8
2019-04-29,UK,magichome-strip,majority,7,0,0,0,4
2019-04-29,UK,nest-tstat,majority,99,7,0,0,68
2019-04-29,UK,netatmo-weather,majority,3,1,0,0,2
2019-04-29,UK,philips-hue,majority,77,0,0,0,30
2019-04-29,UK,ring-doorbell,majority,577,197,0,0,12
2019-04-29,UK,roku-tv,majority,152,11,0,0,93
2019-04-29,UK,samsungtv-wired,majority,467,29,0,0,307
2019-04-29,UK,sengled-hub,majority,25,0,0,0,12
2019-04-29,UK,smarter-coffee-mach,majority,3,0,0,0,2
2019-04-29,UK,smartthings,majority,39,0,0,0,16
2019-04-29,UK,sousvide,majority,1,0,0,0,0
2019-04-29,UK,t-wemo-plug,majority,78,6,0,0,10
2019-04-29,UK,tp-link-plug,majority,37,0,0,0,25
2019-04-29,UK,tplink-bulb,majority,98,27,0,0,21
2019-04-29,UK,tplink-plug2,majority,9,2,0,0,5
2019-04-29,UK,wansview-cam-wired,majority,688,27,0,0,15
2019-04-29,UK,xiaomi-cam2,majority,135,68,0,0,12
2019-04-29,UK,xiaomi-cleaner,majority,29,0,0,0,17
2019-04-29,UK,xiaomi-hub,majority,49,1,0,0,4
2019-04-29,UK,xiaomi-plug,majority,8,1,0,0,3
2019-04-29,UK,yi-camera,majority,453,84,0,0,12
2019-04-29,UK,allure-speaker,dib_without_portability_gate,0,0,0,0,0
2019-04-29,UK,appletv,dib_without_portability_gate,69,4,0,0,66
2019-04-29,UK,blink-camera,dib_without_portability_gate,0,0,0,0,0
2019-04-29,UK,blink-security-hub,dib_without_portability_gate,8,0,0,0,7
2019-04-29,UK,bosiwo-camera-wifi,dib_without_portability_gate,0,0,0,0,0
2019-04-29,UK,bosiwo-camera-wired,dib_without_portability_gate,0,0,0,0,0
2019-04-29,UK,charger-camera,dib_without_portability_gate,0,0,0,0,0
2019-04-29,UK,echodot,dib_without_portability_gate,33,2,0,0,29
2019-04-29,UK,echoplus,dib_without_portability_gate,78,9,0,0,34
2019-04-29,UK,echospot,dib_without_portability_gate,91,15,0,0,55
2019-04-29,UK,firetv,dib_without_portability_gate,88,3,0,0,81
2019-04-29,UK,google-home,dib_without_portability_gate,0,0,0,0,0
2019-04-29,UK,google-home-mini,dib_without_portability_gate,45,4,0,0,27
2019-04-29,UK,honeywell-thermostat,dib_without_portability_gate,0,0,0,0,0
2019-04-29,UK,insteon-hub,dib_without_portability_gate,1,0,0,0,1
2019-04-29,UK,lightify-hub,dib_without_portability_gate,1,0,0,0,0
2019-04-29,UK,magichome-strip,dib_without_portability_gate,0,0,0,0,0
2019-04-29,UK,nest-tstat,dib_without_portability_gate,18,1,0,0,14
2019-04-29,UK,netatmo-weather,dib_without_portability_gate,0,0,0,0,0
2019-04-29,UK,philips-hue,dib_without_portability_gate,15,0,0,0,8
2019-04-29,UK,ring-doorbell,dib_without_portability_gate,8,1,0,0,5
2019-04-29,UK,roku-tv,dib_without_portability_gate,61,3,0,0,55
2019-04-29,UK,samsungtv-wired,dib_without_portability_gate,52,2,0,0,46
2019-04-29,UK,sengled-hub,dib_without_portability_gate,0,0,0,0,0
2019-04-29,UK,smarter-coffee-mach,dib_without_portability_gate,0,0,0,0,0
2019-04-29,UK,smartthings,dib_without_portability_gate,5,0,0,0,4
2019-04-29,UK,sousvide,dib_without_portability_gate,1,0,0,0,0
2019-04-29,UK,t-wemo-plug,dib_without_portability_gate,33,11,0,0,6
2019-04-29,UK,tp-link-plug,dib_without_portability_gate,25,1,0,0,21
2019-04-29,UK,tplink-bulb,dib_without_portability_gate,23,0,0,0,8
2019-04-29,UK,tplink-plug2,dib_without_portability_gate,0,0,0,0,0
2019-04-29,UK,wansview-cam-wired,dib_without_portability_gate,13,0,0,0,11
2019-04-29,UK,xiaomi-cam2,dib_without_portability_gate,0,0,0,0,0
2019-04-29,UK,xiaomi-cleaner,dib_without_portability_gate,1,0,0,0,0
2019-04-29,UK,xiaomi-hub,dib_without_portability_gate,34,1,0,0,4
2019-04-29,UK,xiaomi-plug,dib_without_portability_gate,0,0,0,0,0
2019-04-29,UK,yi-camera,dib_without_portability_gate,5,1,0,0,0
2019-04-30,US,amcrest-cam-wired,dib,0,0,0,0,0
2019-04-30,US,appletv,dib,66,0,0,0,66
2019-04-30,US,blink-camera,dib,0,0,0,0,0
2019-04-30,US,blink-security-hub,dib,8,0,0,0,7
2019-04-30,US,brewer,dib,0,0,0,0,0
2019-04-30,US,bulb1,dib,0,0,0,0,0
2019-04-30,US,cloudcam,dib,0,0,0,0,0
2019-04-30,US,dlink-mov,dib,0,0,0,0,0
2019-04-30,US,dryer,dib,0,0,0,0,0
2019-04-30,US,echodot,dib,29,0,0,0,29
2019-04-30,US,echoplus,dib,34,0,0,0,34
2019-04-30,US,echospot,dib,55,0,0,0,55
2019-04-30,US,firetv,dib,80,0,1,1,80
2019-04-30,US,fridge,dib,0,0,0,0,0
2019-04-30,US,google-home-mini,dib,29,2,0,0,29
2019-04-30,US,google-home-mini2,dib,0,0,0,0,0
2019-04-30,US,ikettle,dib,0,0,0,0,0
2019-04-30,US,insteon-hub,dib,1,0,0,0,1
2019-04-30,US,invoke,dib,0,0,0,0,0
2019-04-30,US,lefun-cam-wired,dib,0,0,0,0,0
2019-04-30,US,lgtv-wired,dib,0,0,0,0,0
2019-04-30,US,lightify-hub,dib,0,0,0,0,0
2019-04-30,US,luohe-spycam,dib,0,0,0,0,0
2019-04-30,US,magichome-strip,dib,0,0,0,0,0
2019-04-30,US,microseven-camera,dib,0,0,0,0,0
2019-04-30,US,microwave,dib,0,0,0,0,0
2019-04-30,US,nest-tstat,dib,15,0,0,0,14
2019-04-30,US,philips-hue,dib,11,1,2,2,7
2019-04-30,US,ring-doorbell,dib,5,0,0,0,5
2019-04-30,US,roku-tv,dib,56,0,0,0,55
2019-04-30,US,samsungtv-wired,dib,46,0,0,0,46
2019-04-30,US,sengled-hub,dib,0,0,0,0,0
2019-04-30,US,smartthings,dib,4,0,0,0,4
2019-04-30,US,sousvide,dib,0,0,0,0,0
2019-04-30,US,t-echodot,dib,0,0,0,0,0
2019-04-30,US,t-smartthings-hub,dib,0,0,0,0,0
2019-04-30,US,t-wemo-plug,dib,7,0,0,0,6
2019-04-30,US,tp-link-plug,dib,21,0,0,0,21
2019-04-30,US,tplink-bulb,dib,8,0,0,0,8
2019-04-30,US,wansview-cam-wired,dib,11,0,0,0,11
2019-04-30,US,washer,dib,0,0,0,0,0
2019-04-30,US,wink-hub2,dib,0,0,0,0,0
2019-04-30,US,xiaomi-cleaner,dib,0,0,0,0,0
2019-04-30,US,xiaomi-hub,dib,4,0,0,0,4
2019-04-30,US,xiaomi-ricecooker,dib,0,0,0,0,0
2019-04-30,US,xiaomi-strip,dib,0,0,0,0,0
2019-04-30,US,yi-camera,dib,0,0,0,0,0
2019-04-30,US,zmodo-doorbell,dib,0,0,0,0,0
2019-04-30,US,amcrest-cam-wired,pooled_union,16898,0,0,0,12
2019-04-30,US,appletv,pooled_union,150,2,0,0,117
2019-04-30,US,blink-camera,pooled_union,27,0,0,0,8
2019-04-30,US,blink-security-hub,pooled_union,59,0,0,0,16
2019-04-30,US,brewer,pooled_union,8,1,0,0,5
2019-04-30,US,bulb1,pooled_union,11,1,0,0,4
2019-04-30,US,cloudcam,pooled_union,54,3,0,0,35
2019-04-30,US,dlink-mov,pooled_union,23,1,0,0,17
2019-04-30,US,dryer,pooled_union,45,0,0,0,32
2019-04-30,US,echodot,pooled_union,191,9,0,0,57
2019-04-30,US,echoplus,pooled_union,368,4,0,0,56
2019-04-30,US,echospot,pooled_union,331,20,0,0,90
2019-04-30,US,firetv,pooled_union,244,6,0,0,181
2019-04-30,US,fridge,pooled_union,248,2,0,0,78
2019-04-30,US,google-home-mini,pooled_union,124,6,0,0,53
2019-04-30,US,google-home-mini2,pooled_union,49,3,0,0,43
2019-04-30,US,ikettle,pooled_union,7,4,0,0,6
2019-04-30,US,insteon-hub,pooled_union,14,0,0,0,9
2019-04-30,US,invoke,pooled_union,55,2,0,0,37
2019-04-30,US,lefun-cam-wired,pooled_union,308,1,0,0,1
2019-04-30,US,lgtv-wired,pooled_union,80,0,0,0,45
2019-04-30,US,lightify-hub,pooled_union,24,2,0,0,10
2019-04-30,US,luohe-spycam,pooled_union,116,0,0,0,8
2019-04-30,US,magichome-strip,pooled_union,7,0,0,0,4
2019-04-30,US,microseven-camera,pooled_union,6,0,0,0,5
2019-04-30,US,microwave,pooled_union,5,0,0,0,4
2019-04-30,US,nest-tstat,pooled_union,108,9,0,0,73
2019-04-30,US,philips-hue,pooled_union,79,2,0,0,32
2019-04-30,US,ring-doorbell,pooled_union,583,6,0,0,12
2019-04-30,US,roku-tv,pooled_union,157,5,0,0,95
2019-04-30,US,samsungtv-wired,pooled_union,487,20,0,0,323
2019-04-30,US,sengled-hub,pooled_union,26,1,0,0,12
2019-04-30,US,smartthings,pooled_union,39,0,0,0,16
2019-04-30,US,sousvide,pooled_union,1,0,0,0,0
2019-04-30,US,t-echodot,pooled_union,52,4,0,0,35
2019-04-30,US,t-smartthings-hub,pooled_union,8,2,0,0,6
2019-04-30,US,t-wemo-plug,pooled_union,79,1,0,0,10
2019-04-30,US,tp-link-plug,pooled_union,38,1,0,0,25
2019-04-30,US,tplink-bulb,pooled_union,100,2,0,0,21
2019-04-30,US,wansview-cam-wired,pooled_union,795,107,0,0,15
2019-04-30,US,washer,pooled_union,42,0,0,0,28
2019-04-30,US,wink-hub2,pooled_union,46,1,0,0,12
2019-04-30,US,xiaomi-cleaner,pooled_union,29,0,0,0,17
2019-04-30,US,xiaomi-hub,pooled_union,49,0,0,0,4
2019-04-30,US,xiaomi-ricecooker,pooled_union,8,2,0,0,4
2019-04-30,US,xiaomi-strip,pooled_union,40,0,0,0,4
2019-04-30,US,yi-camera,pooled_union,633,180,0,0,12
2019-04-30,US,zmodo-doorbell,pooled_union,46,6,0,0,36
2019-04-30,US,amcrest-cam-wired,quorum_only,0,0,0,0,0
2019-04-30,US,appletv,quorum_only,69,0,0,0,66
2019-04-30,US,blink-camera,quorum_only,0,0,0,0,0
2019-04-30,US,blink-security-hub,quorum_only,8,0,0,0,7
2019-04-30,US,brewer,quorum_only,0,0,0,0,0
2019-04-30,US,bulb1,quorum_only,0,0,0,0,0
2019-04-30,US,cloudcam,quorum_only,0,0,0,0,0
2019-04-30,US,dlink-mov,quorum_only,0,0,0,0,0
2019-04-30,US,dryer,quorum_only,0,0,0,0,0
2019-04-30,US,echodot,quorum_only,34,1,0,0,29
2019-04-30,US,echoplus,quorum_only,82,4,0,0,34
2019-04-30,US,echospot,quorum_only,98,7,0,0,55
2019-04-30,US,firetv,quorum_only,88,0,0,0,81
2019-04-30,US,fridge,quorum_only,0,0,0,0,0
2019-04-30,US,google-home-mini,quorum_only,48,3,0,0,29
2019-04-30,US,google-home-mini2,quorum_only,0,0,0,0,0
2019-04-30,US,ikettle,quorum_only,0,0,0,0,0
2019-04-30,US,insteon-hub,quorum_only,1,0,0,0,1
2019-04-30,US,invoke,quorum_only,0,0,0,0,0
2019-04-30,US,lefun-cam-wired,quorum_only,0,0,0,0,0
2019-04-30,US,lgtv-wired,quorum_only,0,0,0,0,0
2019-04-30,US,lightify-hub,quorum_only,1,0,0,0,0
2019-04-30,US,luohe-spycam,quorum_only,0,0,0,0,0
2019-04-30,US,magichome-strip,quorum_only,0,0,0,0,0
2019-04-30,US,microseven-camera,quorum_only,0,0,0,0,0
2019-04-30,US,microwave,quorum_only,0,0,0,0,0
2019-04-30,US,nest-tstat,quorum_only,18,0,0,0,14
2019-04-30,US,philips-hue,quorum_only,30,0,0,0,23
2019-04-30,US,ring-doorbell,quorum_only,8,0,0,0,5
2019-04-30,US,roku-tv,quorum_only,61,0,0,0,55
2019-04-30,US,samsungtv-wired,quorum_only,52,0,0,0,46
2019-04-30,US,sengled-hub,quorum_only,0,0,0,0,0
2019-04-30,US,smartthings,quorum_only,9,0,0,0,7
2019-04-30,US,sousvide,quorum_only,1,0,0,0,0
2019-04-30,US,t-echodot,quorum_only,0,0,0,0,0
2019-04-30,US,t-smartthings-hub,quorum_only,0,0,0,0,0
2019-04-30,US,t-wemo-plug,quorum_only,34,1,0,0,6
2019-04-30,US,tp-link-plug,quorum_only,25,0,0,0,21
2019-04-30,US,tplink-bulb,quorum_only,23,0,0,0,8
2019-04-30,US,wansview-cam-wired,quorum_only,23,1,0,0,11
2019-04-30,US,washer,quorum_only,0,0,0,0,0
2019-04-30,US,wink-hub2,quorum_only,0,0,0,0,0
2019-04-30,US,xiaomi-cleaner,quorum_only,1,0,0,0,0
2019-04-30,US,xiaomi-hub,quorum_only,35,1,0,0,4
2019-04-30,US,xiaomi-ricecooker,quorum_only,0,0,0,0,0
2019-04-30,US,xiaomi-strip,quorum_only,0,0,0,0,0
2019-04-30,US,yi-camera,quorum_only,5,0,0,0,0
2019-04-30,US,zmodo-doorbell,quorum_only,0,0,0,0,0
2019-04-30,US,amcrest-cam-wired,majority,16898,0,0,0,12
2019-04-30,US,appletv,majority,150,2,0,0,117
2019-04-30,US,blink-camera,majority,27,0,0,0,8
2019-04-30,US,blink-security-hub,majority,59,0,0,0,16
2019-04-30,US,brewer,majority,8,1,0,0,5
2019-04-30,US,bulb1,majority,11,1,0,0,4
2019-04-30,US,cloudcam,majority,54,3,0,0,35
2019-04-30,US,dlink-mov,majority,23,1,0,0,17
2019-04-30,US,dryer,majority,45,0,0,0,32
2019-04-30,US,echodot,majority,191,9,0,0,57
2019-04-30,US,echoplus,majority,368,4,0,0,56
2019-04-30,US,echospot,majority,331,20,0,0,90
2019-04-30,US,firetv,majority,244,6,0,0,181
2019-04-30,US,fridge,majority,248,2,0,0,78
2019-04-30,US,google-home-mini,majority,124,6,0,0,53
2019-04-30,US,google-home-mini2,majority,49,3,0,0,43
2019-04-30,US,ikettle,majority,7,4,0,0,6
2019-04-30,US,insteon-hub,majority,14,0,0,0,9
2019-04-30,US,invoke,majority,55,2,0,0,37
2019-04-30,US,lefun-cam-wired,majority,308,1,0,0,1
2019-04-30,US,lgtv-wired,majority,80,0,0,0,45
2019-04-30,US,lightify-hub,majority,24,2,0,0,10
2019-04-30,US,luohe-spycam,majority,116,0,0,0,8
2019-04-30,US,magichome-strip,majority,7,0,0,0,4
2019-04-30,US,microseven-camera,majority,6,0,0,0,5
2019-04-30,US,microwave,majority,5,0,0,0,4
2019-04-30,US,nest-tstat,majority,108,9,0,0,73
2019-04-30,US,philips-hue,majority,79,2,0,0,32
2019-04-30,US,ring-doorbell,majority,583,6,0,0,12
2019-04-30,US,roku-tv,majority,157,5,0,0,95
2019-04-30,US,samsungtv-wired,majority,487,20,0,0,323
2019-04-30,US,sengled-hub,majority,26,1,0,0,12
2019-04-30,US,smartthings,majority,39,0,0,0,16
2019-04-30,US,sousvide,majority,1,0,0,0,0
2019-04-30,US,t-echodot,majority,52,4,0,0,35
2019-04-30,US,t-smartthings-hub,majority,8,2,0,0,6
2019-04-30,US,t-wemo-plug,majority,79,1,0,0,10
2019-04-30,US,tp-link-plug,majority,38,1,0,0,25
2019-04-30,US,tplink-bulb,majority,100,2,0,0,21
2019-04-30,US,wansview-cam-wired,majority,795,107,0,0,15
2019-04-30,US,washer,majority,42,0,0,0,28
2019-04-30,US,wink-hub2,majority,46,1,0,0,12
2019-04-30,US,xiaomi-cleaner,majority,29,0,0,0,17
2019-04-30,US,xiaomi-hub,majority,49,0,0,0,4
2019-04-30,US,xiaomi-ricecooker,majority,8,2,0,0,4
2019-04-30,US,xiaomi-strip,majority,40,0,0,0,4
2019-04-30,US,yi-camera,majority,633,180,0,0,12
2019-04-30,US,zmodo-doorbell,majority,46,6,0,0,36
2019-04-30,US,amcrest-cam-wired,dib_without_portability_gate,0,0,0,0,0
2019-04-30,US,appletv,dib_without_portability_gate,69,0,0,0,66
2019-04-30,US,blink-camera,dib_without_portability_gate,0,0,0,0,0
2019-04-30,US,blink-security-hub,dib_without_portability_gate,8,0,0,0,7
2019-04-30,US,brewer,dib_without_portability_gate,0,0,0,0,0
2019-04-30,US,bulb1,dib_without_portability_gate,0,0,0,0,0
2019-04-30,US,cloudcam,dib_without_portability_gate,0,0,0,0,0
2019-04-30,US,dlink-mov,dib_without_portability_gate,0,0,0,0,0
2019-04-30,US,dryer,dib_without_portability_gate,0,0,0,0,0
2019-04-30,US,echodot,dib_without_portability_gate,34,1,0,0,29
2019-04-30,US,echoplus,dib_without_portability_gate,70,4,12,12,34
2019-04-30,US,echospot,dib_without_portability_gate,96,7,2,2,55
2019-04-30,US,firetv,dib_without_portability_gate,87,0,1,1,80
2019-04-30,US,fridge,dib_without_portability_gate,0,0,0,0,0
2019-04-30,US,google-home-mini,dib_without_portability_gate,46,3,2,2,29
2019-04-30,US,google-home-mini2,dib_without_portability_gate,0,0,0,0,0
2019-04-30,US,ikettle,dib_without_portability_gate,0,0,0,0,0
2019-04-30,US,insteon-hub,dib_without_portability_gate,1,0,0,0,1
2019-04-30,US,invoke,dib_without_portability_gate,0,0,0,0,0
2019-04-30,US,lefun-cam-wired,dib_without_portability_gate,0,0,0,0,0
2019-04-30,US,lgtv-wired,dib_without_portability_gate,0,0,0,0,0
2019-04-30,US,lightify-hub,dib_without_portability_gate,1,0,0,0,0
2019-04-30,US,luohe-spycam,dib_without_portability_gate,0,0,0,0,0
2019-04-30,US,magichome-strip,dib_without_portability_gate,0,0,0,0,0
2019-04-30,US,microseven-camera,dib_without_portability_gate,0,0,0,0,0
2019-04-30,US,microwave,dib_without_portability_gate,0,0,0,0,0
2019-04-30,US,nest-tstat,dib_without_portability_gate,18,0,0,0,14
2019-04-30,US,philips-hue,dib_without_portability_gate,14,1,2,2,7
2019-04-30,US,ring-doorbell,dib_without_portability_gate,8,0,0,0,5
2019-04-30,US,roku-tv,dib_without_portability_gate,61,0,0,0,55
2019-04-30,US,samsungtv-wired,dib_without_portability_gate,52,0,0,0,46
2019-04-30,US,sengled-hub,dib_without_portability_gate,0,0,0,0,0
2019-04-30,US,smartthings,dib_without_portability_gate,5,0,0,0,4
2019-04-30,US,sousvide,dib_without_portability_gate,1,0,0,0,0
2019-04-30,US,t-echodot,dib_without_portability_gate,0,0,0,0,0
2019-04-30,US,t-smartthings-hub,dib_without_portability_gate,0,0,0,0,0
2019-04-30,US,t-wemo-plug,dib_without_portability_gate,33,1,1,1,6
2019-04-30,US,tp-link-plug,dib_without_portability_gate,25,0,0,0,21
2019-04-30,US,tplink-bulb,dib_without_portability_gate,23,0,0,0,8
2019-04-30,US,wansview-cam-wired,dib_without_portability_gate,13,0,0,0,11
2019-04-30,US,washer,dib_without_portability_gate,0,0,0,0,0
2019-04-30,US,wink-hub2,dib_without_portability_gate,0,0,0,0,0
2019-04-30,US,xiaomi-cleaner,dib_without_portability_gate,1,0,0,0,0
2019-04-30,US,xiaomi-hub,dib_without_portability_gate,33,1,2,2,4
2019-04-30,US,xiaomi-ricecooker,dib_without_portability_gate,0,0,0,0,0
2019-04-30,US,xiaomi-strip,dib_without_portability_gate,0,0,0,0,0
2019-04-30,US,yi-camera,dib_without_portability_gate,5,0,0,0,0
2019-04-30,US,zmodo-doorbell,dib_without_portability_gate,0,0,0,0,0
2019-04-30,UK,allure-speaker,dib,0,0,0,0,0
2019-04-30,UK,appletv,dib,66,0,0,0,66
2019-04-30,UK,blink-camera,dib,0,0,0,0,0
2019-04-30,UK,blink-security-hub,dib,8,0,0,0,7
2019-04-30,UK,bosiwo-camera-wifi,dib,0,0,0,0,0
2019-04-30,UK,bosiwo-camera-wired,dib,0,0,0,0,0
2019-04-30,UK,charger-camera,dib,0,0,0,0,0
2019-04-30,UK,echodot,dib,29,0,0,0,29
2019-04-30,UK,echoplus,dib,34,0,0,0,34
2019-04-30,UK,echospot,dib,55,0,0,0,55
2019-04-30,UK,firetv,dib,80,0,1,1,80
2019-04-30,UK,google-home,dib,0,0,0,0,0
2019-04-30,UK,google-home-mini,dib,29,2,0,0,29
2019-04-30,UK,honeywell-thermostat,dib,0,0,0,0,0
2019-04-30,UK,insteon-hub,dib,1,0,0,0,1
2019-04-30,UK,lightify-hub,dib,0,0,0,0,0
2019-04-30,UK,magichome-strip,dib,0,0,0,0,0
2019-04-30,UK,nest-tstat,dib,15,0,0,0,14
2019-04-30,UK,netatmo-weather,dib,0,0,0,0,0
2019-04-30,UK,philips-hue,dib,11,1,2,2,7
2019-04-30,UK,ring-doorbell,dib,5,0,0,0,5
2019-04-30,UK,roku-tv,dib,56,0,0,0,55
2019-04-30,UK,samsungtv-wired,dib,46,0,0,0,46
2019-04-30,UK,sengled-hub,dib,0,0,0,0,0
2019-04-30,UK,smarter-coffee-mach,dib,0,0,0,0,0
2019-04-30,UK,smartthings,dib,4,0,0,0,4
2019-04-30,UK,sousvide,dib,0,0,0,0,0
2019-04-30,UK,t-wemo-plug,dib,7,0,0,0,6
2019-04-30,UK,tp-link-plug,dib,21,0,0,0,21
2019-04-30,UK,tplink-bulb,dib,8,0,0,0,8
2019-04-30,UK,tplink-plug2,dib,0,0,0,0,0
2019-04-30,UK,wansview-cam-wired,dib,11,0,0,0,11
2019-04-30,UK,xiaomi-cam2,dib,0,0,0,0,0
2019-04-30,UK,xiaomi-cleaner,dib,0,0,0,0,0
2019-04-30,UK,xiaomi-hub,dib,4,0,0,0,4
2019-04-30,UK,xiaomi-plug,dib,0,0,0,0,0
2019-04-30,UK,yi-camera,dib,0,0,0,0,0
2019-04-30,UK,allure-speaker,pooled_union,44,0,0,0,33
2019-04-30,UK,appletv,pooled_union,150,2,0,0,117
2019-04-30,UK,blink-camera,pooled_union,27,0,0,0,8
2019-04-30,UK,blink-security-hub,pooled_union,59,0,0,0,16
2019-04-30,UK,bosiwo-camera-wifi,pooled_union,3,0,0,0,0
2019-04-30,UK,bosiwo-camera-wired,pooled_union,162,0,0,0,0
2019-04-30,UK,charger-camera,pooled_union,14,0,0,0,4
2019-04-30,UK,echodot,pooled_union,191,9,0,0,57
2019-04-30,UK,echoplus,pooled_union,368,4,0,0,56
2019-04-30,UK,echospot,pooled_union,331,20,0,0,90
2019-04-30,UK,firetv,pooled_union,244,6,0,0,181
2019-04-30,UK,google-home,pooled_union,88,3,0,0,38
2019-04-30,UK,google-home-mini,pooled_union,124,6,0,0,53
2019-04-30,UK,honeywell-thermostat,pooled_union,8,0,0,0,6
2019-04-30,UK,insteon-hub,pooled_union,14,0,0,0,9
2019-04-30,UK,lightify-hub,pooled_union,24,2,0,0,10
2019-04-30,UK,magichome-strip,pooled_union,7,0,0,0,4
2019-04-30,UK,nest-tstat,pooled_union,108,9,0,0,73
2019-04-30,UK,netatmo-weather,pooled_union,3,0,0,0,2
2019-04-30,UK,philips-hue,pooled_union,79,2,0,0,32
2019-04-30,UK,ring-doorbell,pooled_union,583,6,0,0,12
2019-04-30,UK,roku-tv,pooled_union,157,5,0,0,95
2019-04-30,UK,samsungtv-wired,pooled_union,487,20,0,0,323
2019-04-30,UK,sengled-hub,pooled_union,26,1,0,0,12
2019-04-30,UK,smarter-coffee-mach,pooled_union,4,1,0,0,2
2019-04-30,UK,smartthings,pooled_union,39,0,0,0,16
2019-04-30,UK,sousvide,pooled_union,1,0,0,0,0
2019-04-30,UK,t-wemo-plug,pooled_union,79,1,0,0,10
2019-04-30,UK,tp-link-plug,pooled_union,38,1,0,0,25
2019-04-30,UK,tplink-bulb,pooled_union,100,2,0,0,21
2019-04-30,UK,tplink-plug2,pooled_union,10,1,0,0,5
2019-04-30,UK,wansview-cam-wired,pooled_union,795,107,0,0,15
2019-04-30,UK,xiaomi-cam2,pooled_union,140,5,0,0,12
2019-04-30,UK,xiaomi-cleaner,pooled_union,29,0,0,0,17
2019-04-30,UK,xiaomi-hub,pooled_union,49,0,0,0,4
2019-04-30,UK,xiaomi-plug,pooled_union,14,6,0,0,3
2019-04-30,UK,yi-camera,pooled_union,633,180,0,0,12
2019-04-30,UK,allure-speaker,quorum_only,0,0,0,0,0
2019-04-30,UK,appletv,quorum_only,69,0,0,0,66
2019-04-30,UK,blink-camera,quorum_only,0,0,0,0,0
2019-04-30,UK,blink-security-hub,quorum_only,8,0,0,0,7
2019-04-30,UK,bosiwo-camera-wifi,quorum_only,0,0,0,0,0
2019-04-30,UK,bosiwo-camera-wired,quorum_only,0,0,0,0,0
2019-04-30,UK,charger-camera,quorum_only,0,0,0,0,0
2019-04-30,UK,echodot,quorum_only,34,1,0,0,29
2019-04-30,UK,echoplus,quorum_only,82,4,0,0,34
2019-04-30,UK,echospot,quorum_only,98,7,0,0,55
2019-04-30,UK,firetv,quorum_only,88,0,0,0,81
2019-04-30,UK,google-home,quorum_only,0,0,0,0,0
2019-04-30,UK,google-home-mini,quorum_only,48,3,0,0,29
2019-04-30,UK,honeywell-thermostat,quorum_only,0,0,0,0,0
2019-04-30,UK,insteon-hub,quorum_only,1,0,0,0,1
2019-04-30,UK,lightify-hub,quorum_only,1,0,0,0,0
2019-04-30,UK,magichome-strip,quorum_only,0,0,0,0,0
2019-04-30,UK,nest-tstat,quorum_only,18,0,0,0,14
2019-04-30,UK,netatmo-weather,quorum_only,0,0,0,0,0
2019-04-30,UK,philips-hue,quorum_only,30,0,0,0,23
2019-04-30,UK,ring-doorbell,quorum_only,8,0,0,0,5
2019-04-30,UK,roku-tv,quorum_only,61,0,0,0,55
2019-04-30,UK,samsungtv-wired,quorum_only,52,0,0,0,46
2019-04-30,UK,sengled-hub,quorum_only,0,0,0,0,0
2019-04-30,UK,smarter-coffee-mach,quorum_only,0,0,0,0,0
2019-04-30,UK,smartthings,quorum_only,9,0,0,0,7
2019-04-30,UK,sousvide,quorum_only,1,0,0,0,0
2019-04-30,UK,t-wemo-plug,quorum_only,34,1,0,0,6
2019-04-30,UK,tp-link-plug,quorum_only,25,0,0,0,21
2019-04-30,UK,tplink-bulb,quorum_only,23,0,0,0,8
2019-04-30,UK,tplink-plug2,quorum_only,0,0,0,0,0
2019-04-30,UK,wansview-cam-wired,quorum_only,23,1,0,0,11
2019-04-30,UK,xiaomi-cam2,quorum_only,0,0,0,0,0
2019-04-30,UK,xiaomi-cleaner,quorum_only,1,0,0,0,0
2019-04-30,UK,xiaomi-hub,quorum_only,35,1,0,0,4
2019-04-30,UK,xiaomi-plug,quorum_only,0,0,0,0,0
2019-04-30,UK,yi-camera,quorum_only,5,0,0,0,0
2019-04-30,UK,allure-speaker,majority,44,0,0,0,33
2019-04-30,UK,appletv,majority,150,2,0,0,117
2019-04-30,UK,blink-camera,majority,27,0,0,0,8
2019-04-30,UK,blink-security-hub,majority,59,0,0,0,16
2019-04-30,UK,bosiwo-camera-wifi,majority,3,0,0,0,0
2019-04-30,UK,bosiwo-camera-wired,majority,162,0,0,0,0
2019-04-30,UK,charger-camera,majority,14,0,0,0,4
2019-04-30,UK,echodot,majority,191,9,0,0,57
2019-04-30,UK,echoplus,majority,368,4,0,0,56
2019-04-30,UK,echospot,majority,331,20,0,0,90
2019-04-30,UK,firetv,majority,244,6,0,0,181
2019-04-30,UK,google-home,majority,88,3,0,0,38
2019-04-30,UK,google-home-mini,majority,124,6,0,0,53
2019-04-30,UK,honeywell-thermostat,majority,8,0,0,0,6
2019-04-30,UK,insteon-hub,majority,14,0,0,0,9
2019-04-30,UK,lightify-hub,majority,24,2,0,0,10
2019-04-30,UK,magichome-strip,majority,7,0,0,0,4
2019-04-30,UK,nest-tstat,majority,108,9,0,0,73
2019-04-30,UK,netatmo-weather,majority,3,0,0,0,2
2019-04-30,UK,philips-hue,majority,79,2,0,0,32
2019-04-30,UK,ring-doorbell,majority,583,6,0,0,12
2019-04-30,UK,roku-tv,majority,157,5,0,0,95
2019-04-30,UK,samsungtv-wired,majority,487,20,0,0,323
2019-04-30,UK,sengled-hub,majority,26,1,0,0,12
2019-04-30,UK,smarter-coffee-mach,majority,4,1,0,0,2
2019-04-30,UK,smartthings,majority,39,0,0,0,16
2019-04-30,UK,sousvide,majority,1,0,0,0,0
2019-04-30,UK,t-wemo-plug,majority,79,1,0,0,10
2019-04-30,UK,tp-link-plug,majority,38,1,0,0,25
2019-04-30,UK,tplink-bulb,majority,100,2,0,0,21
2019-04-30,UK,tplink-plug2,majority,10,1,0,0,5
2019-04-30,UK,wansview-cam-wired,majority,795,107,0,0,15
2019-04-30,UK,xiaomi-cam2,majority,140,5,0,0,12
2019-04-30,UK,xiaomi-cleaner,majority,29,0,0,0,17
2019-04-30,UK,xiaomi-hub,majority,49,0,0,0,4
2019-04-30,UK,xiaomi-plug,majority,14,6,0,0,3
2019-04-30,UK,yi-camera,majority,633,180,0,0,12
2019-04-30,UK,allure-speaker,dib_without_portability_gate,0,0,0,0,0
2019-04-30,UK,appletv,dib_without_portability_gate,69,0,0,0,66
2019-04-30,UK,blink-camera,dib_without_portability_gate,0,0,0,0,0
2019-04-30,UK,blink-security-hub,dib_without_portability_gate,8,0,0,0,7
2019-04-30,UK,bosiwo-camera-wifi,dib_without_portability_gate,0,0,0,0,0
2019-04-30,UK,bosiwo-camera-wired,dib_without_portability_gate,0,0,0,0,0
2019-04-30,UK,charger-camera,dib_without_portability_gate,0,0,0,0,0
2019-04-30,UK,echodot,dib_without_portability_gate,34,1,0,0,29
2019-04-30,UK,echoplus,dib_without_portability_gate,70,4,12,12,34
2019-04-30,UK,echospot,dib_without_portability_gate,96,7,2,2,55
2019-04-30,UK,firetv,dib_without_portability_gate,87,0,1,1,80
2019-04-30,UK,google-home,dib_without_portability_gate,0,0,0,0,0
2019-04-30,UK,google-home-mini,dib_without_portability_gate,46,3,2,2,29
2019-04-30,UK,honeywell-thermostat,dib_without_portability_gate,0,0,0,0,0
2019-04-30,UK,insteon-hub,dib_without_portability_gate,1,0,0,0,1
2019-04-30,UK,lightify-hub,dib_without_portability_gate,1,0,0,0,0
2019-04-30,UK,magichome-strip,dib_without_portability_gate,0,0,0,0,0
2019-04-30,UK,nest-tstat,dib_without_portability_gate,18,0,0,0,14
2019-04-30,UK,netatmo-weather,dib_without_portability_gate,0,0,0,0,0
2019-04-30,UK,philips-hue,dib_without_portability_gate,14,1,2,2,7
2019-04-30,UK,ring-doorbell,dib_without_portability_gate,8,0,0,0,5
2019-04-30,UK,roku-tv,dib_without_portability_gate,61,0,0,0,55
2019-04-30,UK,samsungtv-wired,dib_without_portability_gate,52,0,0,0,46
2019-04-30,UK,sengled-hub,dib_without_portability_gate,0,0,0,0,0
2019-04-30,UK,smarter-coffee-mach,dib_without_portability_gate,0,0,0,0,0
2019-04-30,UK,smartthings,dib_without_portability_gate,5,0,0,0,4
2019-04-30,UK,sousvide,dib_without_portability_gate,1,0,0,0,0
2019-04-30,UK,t-wemo-plug,dib_without_portability_gate,33,1,1,1,6
2019-04-30,UK,tp-link-plug,dib_without_portability_gate,25,0,0,0,21
2019-04-30,UK,tplink-bulb,dib_without_portability_gate,23,0,0,0,8
2019-04-30,UK,tplink-plug2,dib_without_portability_gate,0,0,0,0,0
2019-04-30,UK,wansview-cam-wired,dib_without_portability_gate,13,0,0,0,11
2019-04-30,UK,xiaomi-cam2,dib_without_portability_gate,0,0,0,0,0
2019-04-30,UK,xiaomi-cleaner,dib_without_portability_gate,1,0,0,0,0
2019-04-30,UK,xiaomi-hub,dib_without_portability_gate,33,1,2,2,4
2019-04-30,UK,xiaomi-plug,dib_without_portability_gate,0,0,0,0,0
2019-04-30,UK,yi-camera,dib_without_portability_gate,5,0,0,0,0
2019-05-01,US,amcrest-cam-wired,dib,0,0,0,0,0
2019-05-01,US,appletv,dib,55,0,11,11,55
2019-05-01,US,blink-camera,dib,0,0,0,0,0
2019-05-01,US,blink-security-hub,dib,8,0,0,0,7
2019-05-01,US,brewer,dib,0,0,0,0,0
2019-05-01,US,bulb1,dib,0,0,0,0,0
2019-05-01,US,cloudcam,dib,0,0,0,0,0
2019-05-01,US,dlink-mov,dib,0,0,0,0,0
2019-05-01,US,dryer,dib,0,0,0,0,0
2019-05-01,US,echodot,dib,29,0,0,0,29
2019-05-01,US,echoplus,dib,36,2,0,0,36
2019-05-01,US,echospot,dib,55,0,0,0,55
2019-05-01,US,firetv,dib,80,0,0,0,80
2019-05-01,US,fridge,dib,0,0,0,0,0
2019-05-01,US,google-home-mini,dib,29,0,0,0,29
2019-05-01,US,google-home-mini2,dib,0,0,0,0,0
2019-05-01,US,ikettle,dib,0,0,0,0,0
2019-05-01,US,insteon-hub,dib,1,0,0,0,1
2019-05-01,US,invoke,dib,0,0,0,0,0
2019-05-01,US,lefun-cam-wired,dib,0,0,0,0,0
2019-05-01,US,lgtv-wired,dib,0,0,0,0,0
2019-05-01,US,lightify-hub,dib,0,0,0,0,0
2019-05-01,US,luohe-spycam,dib,0,0,0,0,0
2019-05-01,US,magichome-strip,dib,0,0,0,0,0
2019-05-01,US,microseven-camera,dib,0,0,0,0,0
2019-05-01,US,microwave,dib,0,0,0,0,0
2019-05-01,US,nest-tstat,dib,15,0,0,0,14
2019-05-01,US,philips-hue,dib,11,0,0,0,7
2019-05-01,US,ring-doorbell,dib,5,0,0,0,5
2019-05-01,US,roku-tv,dib,58,2,0,0,57
2019-05-01,US,samsungtv-wired,dib,46,0,0,0,46
2019-05-01,US,sengled-hub,dib,0,0,0,0,0
2019-05-01,US,smartthings,dib,4,0,0,0,4
2019-05-01,US,sousvide,dib,0,0,0,0,0
2019-05-01,US,t-echodot,dib,0,0,0,0,0
2019-05-01,US,t-smartthings-hub,dib,0,0,0,0,0
2019-05-01,US,t-wemo-plug,dib,7,0,0,0,6
2019-05-01,US,tp-link-plug,dib,21,0,0,0,21
2019-05-01,US,tplink-bulb,dib,8,0,0,0,8
2019-05-01,US,wansview-cam-wired,dib,11,0,0,0,11
2019-05-01,US,washer,dib,0,0,0,0,0
2019-05-01,US,wink-hub2,dib,0,0,0,0,0
2019-05-01,US,xiaomi-cleaner,dib,0,0,0,0,0
2019-05-01,US,xiaomi-hub,dib,4,0,0,0,4
2019-05-01,US,xiaomi-ricecooker,dib,0,0,0,0,0
2019-05-01,US,xiaomi-strip,dib,0,0,0,0,0
2019-05-01,US,yi-camera,dib,0,0,0,0,0
2019-05-01,US,zmodo-doorbell,dib,0,0,0,0,0
2019-05-01,US,amcrest-cam-wired,pooled_union,16898,0,0,0,12
2019-05-01,US,appletv,pooled_union,153,3,0,0,119
2019-05-01,US,blink-camera,pooled_union,27,0,0,0,8
2019-05-01,US,blink-security-hub,pooled_union,60,1,0,0,16
2019-05-01,US,brewer,pooled_union,8,0,0,0,5
2019-05-01,US,bulb1,pooled_union,11,0,0,0,4
2019-05-01,US,cloudcam,pooled_union,55,1,0,0,35
2019-05-01,US,dlink-mov,pooled_union,23,0,0,0,17
2019-05-01,US,dryer,pooled_union,45,0,0,0,32
2019-05-01,US,echodot,pooled_union,209,18,0,0,57
2019-05-01,US,echoplus,pooled_union,383,15,0,0,56
2019-05-01,US,echospot,pooled_union,344,13,0,0,92
2019-05-01,US,firetv,pooled_union,245,1,0,0,181
2019-05-01,US,fridge,pooled_union,249,1,0,0,78
2019-05-01,US,google-home-mini,pooled_union,134,10,0,0,54
2019-05-01,US,google-home-mini2,pooled_union,52,3,0,0,45
2019-05-01,US,ikettle,pooled_union,8,1,0,0,6
2019-05-01,US,insteon-hub,pooled_union,14,0,0,0,9
2019-05-01,US,invoke,pooled_union,56,1,0,0,37
2019-05-01,US,lefun-cam-wired,pooled_union,308,0,0,0,1
2019-05-01,US,lgtv-wired,pooled_union,81,1,0,0,46
2019-05-01,US,lightify-hub,pooled_union,24,0,0,0,10
2019-05-01,US,luohe-spycam,pooled_union,116,0,0,0,8
2019-05-01,US,magichome-strip,pooled_union,9,2,0,0,6
2019-05-01,US,microseven-camera,pooled_union,6,0,0,0,5
2019-05-01,US,microwave,pooled_union,5,0,0,0,4
2019-05-01,US,nest-tstat,pooled_union,120,12,0,0,79
2019-05-01,US,philips-hue,pooled_union,79,0,0,0,32
2019-05-01,US,ring-doorbell,pooled_union,644,61,0,0,12
2019-05-01,US,roku-tv,pooled_union,163,6,0,0,98
2019-05-01,US,samsungtv-wired,pooled_union,502,15,0,0,333
2019-05-01,US,sengled-hub,pooled_union,26,0,0,0,12
2019-05-01,US,smartthings,pooled_union,41,2,0,0,16
2019-05-01,US,sousvide,pooled_union,1,0,0,0,0
2019-05-01,US,t-echodot,pooled_union,57,5,0,0,37
2019-05-01,US,t-smartthings-hub,pooled_union,8,0,0,0,6
2019-05-01,US,t-wemo-plug,pooled_union,80,1,0,0,10
2019-05-01,US,tp-link-plug,pooled_union,38,0,0,0,25
2019-05-01,US,tplink-bulb,pooled_union,102,2,0,0,21
2019-05-01,US,wansview-cam-wired,pooled_union,795,0,0,0,15
2019-05-01,US,washer,pooled_union,42,0,0,0,28
2019-05-01,US,wink-hub2,pooled_union,47,1,0,0,12
2019-05-01,US,xiaomi-cleaner,pooled_union,29,0,0,0,17
2019-05-01,US,xiaomi-hub,pooled_union,49,0,0,0,4
2019-05-01,US,xiaomi-ricecooker,pooled_union,9,1,0,0,4
2019-05-01,US,xiaomi-strip,pooled_union,40,0,0,0,4
2019-05-01,US,yi-camera,pooled_union,633,0,0,0,12
2019-05-01,US,zmodo-doorbell,pooled_union,46,0,0,0,36
2019-05-01,US,amcrest-cam-wired,quorum_only,0,0,0,0,0
2019-05-01,US,appletv,quorum_only,69,0,0,0,66
2019-05-01,US,blink-camera,quorum_only,0,0,0,0,0
2019-05-01,US,blink-security-hub,quorum_only,8,0,0,0,7
2019-05-01,US,brewer,quorum_only,0,0,0,0,0
2019-05-01,US,bulb1,quorum_only,0,0,0,0,0
2019-05-01,US,cloudcam,quorum_only,0,0,0,0,0
2019-05-01,US,dlink-mov,quorum_only,0,0,0,0,0
2019-05-01,US,dryer,quorum_only,0,0,0,0,0
2019-05-01,US,echodot,quorum_only,35,1,0,0,29
2019-05-01,US,echoplus,quorum_only,85,3,0,0,36
2019-05-01,US,echospot,quorum_only,98,0,0,0,55
2019-05-01,US,firetv,quorum_only,88,0,0,0,81
2019-05-01,US,fridge,quorum_only,0,0,0,0,0
2019-05-01,US,google-home-mini,quorum_only,53,5,0,0,29
2019-05-01,US,google-home-mini2,quorum_only,0,0,0,0,0
2019-05-01,US,ikettle,quorum_only,0,0,0,0,0
2019-05-01,US,insteon-hub,quorum_only,1,0,0,0,1
2019-05-01,US,invoke,quorum_only,0,0,0,0,0
2019-05-01,US,lefun-cam-wired,quorum_only,0,0,0,0,0
2019-05-01,US,lgtv-wired,quorum_only,0,0,0,0,0
2019-05-01,US,lightify-hub,quorum_only,1,0,0,0,0
2019-05-01,US,luohe-spycam,quorum_only,0,0,0,0,0
2019-05-01,US,magichome-strip,quorum_only,0,0,0,0,0
2019-05-01,US,microseven-camera,quorum_only,0,0,0,0,0
2019-05-01,US,microwave,quorum_only,0,0,0,0,0
2019-05-01,US,nest-tstat,quorum_only,18,0,0,0,14
2019-05-01,US,philips-hue,quorum_only,30,0,0,0,23
2019-05-01,US,ring-doorbell,quorum_only,9,1,0,0,5
2019-05-01,US,roku-tv,quorum_only,64,3,0,0,57
2019-05-01,US,samsungtv-wired,quorum_only,52,0,0,0,46
2019-05-01,US,sengled-hub,quorum_only,0,0,0,0,0
2019-05-01,US,smartthings,quorum_only,9,0,0,0,7
2019-05-01,US,sousvide,quorum_only,1,0,0,0,0
2019-05-01,US,t-echodot,quorum_only,0,0,0,0,0
2019-05-01,US,t-smartthings-hub,quorum_only,0,0,0,0,0
2019-05-01,US,t-wemo-plug,quorum_only,34,0,0,0,6
2019-05-01,US,tp-link-plug,quorum_only,25,0,0,0,21
2019-05-01,US,tplink-bulb,quorum_only,23,0,0,0,8
2019-05-01,US,wansview-cam-wired,quorum_only,23,0,0,0,11
2019-05-01,US,washer,quorum_only,0,0,0,0,0
2019-05-01,US,wink-hub2,quorum_only,0,0,0,0,0
2019-05-01,US,xiaomi-cleaner,quorum_only,1,0,0,0,0
2019-05-01,US,xiaomi-hub,quorum_only,37,2,0,0,4
2019-05-01,US,xiaomi-ricecooker,quorum_only,0,0,0,0,0
2019-05-01,US,xiaomi-strip,quorum_only,0,0,0,0,0
2019-05-01,US,yi-camera,quorum_only,5,0,0,0,0
2019-05-01,US,zmodo-doorbell,quorum_only,0,0,0,0,0
2019-05-01,US,amcrest-cam-wired,majority,16898,0,0,0,12
2019-05-01,US,appletv,majority,153,3,0,0,119
2019-05-01,US,blink-camera,majority,27,0,0,0,8
2019-05-01,US,blink-security-hub,majority,60,1,0,0,16
2019-05-01,US,brewer,majority,8,0,0,0,5
2019-05-01,US,bulb1,majority,11,0,0,0,4
2019-05-01,US,cloudcam,majority,55,1,0,0,35
2019-05-01,US,dlink-mov,majority,23,0,0,0,17
2019-05-01,US,dryer,majority,45,0,0,0,32
2019-05-01,US,echodot,majority,209,18,0,0,57
2019-05-01,US,echoplus,majority,383,15,0,0,56
2019-05-01,US,echospot,majority,344,13,0,0,92
2019-05-01,US,firetv,majority,245,1,0,0,181
2019-05-01,US,fridge,majority,249,1,0,0,78
2019-05-01,US,google-home-mini,majority,134,10,0,0,54
2019-05-01,US,google-home-mini2,majority,52,3,0,0,45
2019-05-01,US,ikettle,majority,8,1,0,0,6
2019-05-01,US,insteon-hub,majority,14,0,0,0,9
2019-05-01,US,invoke,majority,56,1,0,0,37
2019-05-01,US,lefun-cam-wired,majority,308,0,0,0,1
2019-05-01,US,lgtv-wired,majority,81,1,0,0,46
2019-05-01,US,lightify-hub,majority,24,0,0,0,10
2019-05-01,US,luohe-spycam,majority,116,0,0,0,8
2019-05-01,US,magichome-strip,majority,9,2,0,0,6
2019-05-01,US,microseven-camera,majority,6,0,0,0,5
2019-05-01,US,microwave,majority,5,0,0,0,4
2019-05-01,US,nest-tstat,majority,120,12,0,0,79
2019-05-01,US,philips-hue,majority,79,0,0,0,32
2019-05-01,US,ring-doorbell,majority,644,61,0,0,12
2019-05-01,US,roku-tv,majority,163,6,0,0,98
2019-05-01,US,samsungtv-wired,majority,502,15,0,0,333
2019-05-01,US,sengled-hub,majority,26,0,0,0,12
2019-05-01,US,smartthings,majority,41,2,0,0,16
2019-05-01,US,sousvide,majority,1,0,0,0,0
2019-05-01,US,t-echodot,majority,57,5,0,0,37
2019-05-01,US,t-smartthings-hub,majority,8,0,0,0,6
2019-05-01,US,t-wemo-plug,majority,80,1,0,0,10
2019-05-01,US,tp-link-plug,majority,38,0,0,0,25
2019-05-01,US,tplink-bulb,majority,102,2,0,0,21
2019-05-01,US,wansview-cam-wired,majority,795,0,0,0,15
2019-05-01,US,washer,majority,42,0,0,0,28
2019-05-01,US,wink-hub2,majority,47,1,0,0,12
2019-05-01,US,xiaomi-cleaner,majority,29,0,0,0,17
2019-05-01,US,xiaomi-hub,majority,49,0,0,0,4
2019-05-01,US,xiaomi-ricecooker,majority,9,1,0,0,4
2019-05-01,US,xiaomi-strip,majority,40,0,0,0,4
2019-05-01,US,yi-camera,majority,633,0,0,0,12
2019-05-01,US,zmodo-doorbell,majority,46,0,0,0,36
2019-05-01,US,amcrest-cam-wired,dib_without_portability_gate,0,0,0,0,0
2019-05-01,US,appletv,dib_without_portability_gate,56,0,13,13,55
2019-05-01,US,blink-camera,dib_without_portability_gate,0,0,0,0,0
2019-05-01,US,blink-security-hub,dib_without_portability_gate,8,0,0,0,7
2019-05-01,US,brewer,dib_without_portability_gate,0,0,0,0,0
2019-05-01,US,bulb1,dib_without_portability_gate,0,0,0,0,0
2019-05-01,US,cloudcam,dib_without_portability_gate,0,0,0,0,0
2019-05-01,US,dlink-mov,dib_without_portability_gate,0,0,0,0,0
2019-05-01,US,dryer,dib_without_portability_gate,0,0,0,0,0
2019-05-01,US,echodot,dib_without_portability_gate,35,1,0,0,29
2019-05-01,US,echoplus,dib_without_portability_gate,73,3,0,0,36
2019-05-01,US,echospot,dib_without_portability_gate,96,0,0,0,55
2019-05-01,US,firetv,dib_without_portability_gate,87,0,0,0,80
2019-05-01,US,fridge,dib_without_portability_gate,0,0,0,0,0
2019-05-01,US,google-home-mini,dib_without_portability_gate,53,7,0,0,29
2019-05-01,US,google-home-mini2,dib_without_portability_gate,0,0,0,0,0
2019-05-01,US,ikettle,dib_without_portability_gate,0,0,0,0,0
2019-05-01,US,insteon-hub,dib_without_portability_gate,1,0,0,0,1
2019-05-01,US,invoke,dib_without_portability_gate,0,0,0,0,0
2019-05-01,US,lefun-cam-wired,dib_without_portability_gate,0,0,0,0,0
2019-05-01,US,lgtv-wired,dib_without_portability_gate,0,0,0,0,0
2019-05-01,US,lightify-hub,dib_without_portability_gate,1,0,0,0,0
2019-05-01,US,luohe-spycam,dib_without_portability_gate,0,0,0,0,0
2019-05-01,US,magichome-strip,dib_without_portability_gate,0,0,0,0,0
2019-05-01,US,microseven-camera,dib_without_portability_gate,0,0,0,0,0
2019-05-01,US,microwave,dib_without_portability_gate,0,0,0,0,0
2019-05-01,US,nest-tstat,dib_without_portability_gate,18,0,0,0,14
2019-05-01,US,philips-hue,dib_without_portability_gate,14,0,0,0,7
2019-05-01,US,ring-doorbell,dib_without_portability_gate,9,1,0,0,5
2019-05-01,US,roku-tv,dib_without_portability_gate,64,3,0,0,57
2019-05-01,US,samsungtv-wired,dib_without_portability_gate,52,0,0,0,46
2019-05-01,US,sengled-hub,dib_without_portability_gate,0,0,0,0,0
2019-05-01,US,smartthings,dib_without_portability_gate,5,0,0,0,4
2019-05-01,US,sousvide,dib_without_portability_gate,1,0,0,0,0
2019-05-01,US,t-echodot,dib_without_portability_gate,0,0,0,0,0
2019-05-01,US,t-smartthings-hub,dib_without_portability_gate,0,0,0,0,0
2019-05-01,US,t-wemo-plug,dib_without_portability_gate,33,0,0,0,6
2019-05-01,US,tp-link-plug,dib_without_portability_gate,25,0,0,0,21
2019-05-01,US,tplink-bulb,dib_without_portability_gate,23,0,0,0,8
2019-05-01,US,wansview-cam-wired,dib_without_portability_gate,13,0,0,0,11
2019-05-01,US,washer,dib_without_portability_gate,0,0,0,0,0
2019-05-01,US,wink-hub2,dib_without_portability_gate,0,0,0,0,0
2019-05-01,US,xiaomi-cleaner,dib_without_portability_gate,1,0,0,0,0
2019-05-01,US,xiaomi-hub,dib_without_portability_gate,37,4,0,0,4
2019-05-01,US,xiaomi-ricecooker,dib_without_portability_gate,0,0,0,0,0
2019-05-01,US,xiaomi-strip,dib_without_portability_gate,0,0,0,0,0
2019-05-01,US,yi-camera,dib_without_portability_gate,5,0,0,0,0
2019-05-01,US,zmodo-doorbell,dib_without_portability_gate,0,0,0,0,0
2019-05-01,UK,allure-speaker,dib,0,0,0,0,0
2019-05-01,UK,appletv,dib,55,0,11,11,55
2019-05-01,UK,blink-camera,dib,0,0,0,0,0
2019-05-01,UK,blink-security-hub,dib,8,0,0,0,7
2019-05-01,UK,bosiwo-camera-wifi,dib,0,0,0,0,0
2019-05-01,UK,bosiwo-camera-wired,dib,0,0,0,0,0
2019-05-01,UK,charger-camera,dib,0,0,0,0,0
2019-05-01,UK,echodot,dib,29,0,0,0,29
2019-05-01,UK,echoplus,dib,36,2,0,0,36
2019-05-01,UK,echospot,dib,55,0,0,0,55
2019-05-01,UK,firetv,dib,80,0,0,0,80
2019-05-01,UK,google-home,dib,0,0,0,0,0
2019-05-01,UK,google-home-mini,dib,29,0,0,0,29
2019-05-01,UK,honeywell-thermostat,dib,0,0,0,0,0
2019-05-01,UK,insteon-hub,dib,1,0,0,0,1
2019-05-01,UK,lightify-hub,dib,0,0,0,0,0
2019-05-01,UK,magichome-strip,dib,0,0,0,0,0
2019-05-01,UK,nest-tstat,dib,15,0,0,0,14
2019-05-01,UK,netatmo-weather,dib,0,0,0,0,0
2019-05-01,UK,philips-hue,dib,11,0,0,0,7
2019-05-01,UK,ring-doorbell,dib,5,0,0,0,5
2019-05-01,UK,roku-tv,dib,58,2,0,0,57
2019-05-01,UK,samsungtv-wired,dib,46,0,0,0,46
2019-05-01,UK,sengled-hub,dib,0,0,0,0,0
2019-05-01,UK,smarter-coffee-mach,dib,0,0,0,0,0
2019-05-01,UK,smartthings,dib,4,0,0,0,4
2019-05-01,UK,sousvide,dib,0,0,0,0,0
2019-05-01,UK,t-wemo-plug,dib,7,0,0,0,6
2019-05-01,UK,tp-link-plug,dib,21,0,0,0,21
2019-05-01,UK,tplink-bulb,dib,8,0,0,0,8
2019-05-01,UK,tplink-plug2,dib,0,0,0,0,0
2019-05-01,UK,wansview-cam-wired,dib,11,0,0,0,11
2019-05-01,UK,xiaomi-cam2,dib,0,0,0,0,0
2019-05-01,UK,xiaomi-cleaner,dib,0,0,0,0,0
2019-05-01,UK,xiaomi-hub,dib,4,0,0,0,4
2019-05-01,UK,xiaomi-plug,dib,0,0,0,0,0
2019-05-01,UK,yi-camera,dib,0,0,0,0,0
2019-05-01,UK,allure-speaker,pooled_union,46,2,0,0,33
2019-05-01,UK,appletv,pooled_union,153,3,0,0,119
2019-05-01,UK,blink-camera,pooled_union,27,0,0,0,8
2019-05-01,UK,blink-security-hub,pooled_union,60,1,0,0,16
2019-05-01,UK,bosiwo-camera-wifi,pooled_union,3,0,0,0,0
2019-05-01,UK,bosiwo-camera-wired,pooled_union,162,0,0,0,0
2019-05-01,UK,charger-camera,pooled_union,16,2,0,0,4
2019-05-01,UK,echodot,pooled_union,209,18,0,0,57
2019-05-01,UK,echoplus,pooled_union,383,15,0,0,56
2019-05-01,UK,echospot,pooled_union,344,13,0,0,92
2019-05-01,UK,firetv,pooled_union,245,1,0,0,181
2019-05-01,UK,google-home,pooled_union,103,15,0,0,38
2019-05-01,UK,google-home-mini,pooled_union,134,10,0,0,54
2019-05-01,UK,honeywell-thermostat,pooled_union,8,0,0,0,6
2019-05-01,UK,insteon-hub,pooled_union,14,0,0,0,9
2019-05-01,UK,lightify-hub,pooled_union,24,0,0,0,10
2019-05-01,UK,magichome-strip,pooled_union,9,2,0,0,6
2019-05-01,UK,nest-tstat,pooled_union,120,12,0,0,79
2019-05-01,UK,netatmo-weather,pooled_union,3,0,0,0,2
2019-05-01,UK,philips-hue,pooled_union,79,0,0,0,32
2019-05-01,UK,ring-doorbell,pooled_union,644,61,0,0,12
2019-05-01,UK,roku-tv,pooled_union,163,6,0,0,98
2019-05-01,UK,samsungtv-wired,pooled_union,502,15,0,0,333
2019-05-01,UK,sengled-hub,pooled_union,26,0,0,0,12
2019-05-01,UK,smarter-coffee-mach,pooled_union,4,0,0,0,2
2019-05-01,UK,smartthings,pooled_union,41,2,0,0,16
2019-05-01,UK,sousvide,pooled_union,1,0,0,0,0
2019-05-01,UK,t-wemo-plug,pooled_union,80,1,0,0,10
2019-05-01,UK,tp-link-plug,pooled_union,38,0,0,0,25
2019-05-01,UK,tplink-bulb,pooled_union,102,2,0,0,21
2019-05-01,UK,tplink-plug2,pooled_union,12,2,0,0,7
2019-05-01,UK,wansview-cam-wired,pooled_union,795,0,0,0,15
2019-05-01,UK,xiaomi-cam2,pooled_union,194,54,0,0,12
2019-05-01,UK,xiaomi-cleaner,pooled_union,29,0,0,0,17
2019-05-01,UK,xiaomi-hub,pooled_union,49,0,0,0,4
2019-05-01,UK,xiaomi-plug,pooled_union,14,0,0,0,3
2019-05-01,UK,yi-camera,pooled_union,633,0,0,0,12
2019-05-01,UK,allure-speaker,quorum_only,0,0,0,0,0
2019-05-01,UK,appletv,quorum_only,69,0,0,0,66
2019-05-01,UK,blink-camera,quorum_only,0,0,0,0,0
2019-05-01,UK,blink-security-hub,quorum_only,8,0,0,0,7
2019-05-01,UK,bosiwo-camera-wifi,quorum_only,0,0,0,0,0
2019-05-01,UK,bosiwo-camera-wired,quorum_only,0,0,0,0,0
2019-05-01,UK,charger-camera,quorum_only,0,0,0,0,0
2019-05-01,UK,echodot,quorum_only,35,1,0,0,29
2019-05-01,UK,echoplus,quorum_only,85,3,0,0,36
2019-05-01,UK,echospot,quorum_only,98,0,0,0,55
2019-05-01,UK,firetv,quorum_only,88,0,0,0,81
2019-05-01,UK,google-home,quorum_only,0,0,0,0,0
2019-05-01,UK,google-home-mini,quorum_only,53,5,0,0,29
2019-05-01,UK,honeywell-thermostat,quorum_only,0,0,0,0,0
2019-05-01,UK,insteon-hub,quorum_only,1,0,0,0,1
2019-05-01,UK,lightify-hub,quorum_only,1,0,0,0,0
2019-05-01,UK,magichome-strip,quorum_only,0,0,0,0,0
2019-05-01,UK,nest-tstat,quorum_only,18,0,0,0,14
2019-05-01,UK,netatmo-weather,quorum_only,0,0,0,0,0
2019-05-01,UK,philips-hue,quorum_only,30,0,0,0,23
2019-05-01,UK,ring-doorbell,quorum_only,9,1,0,0,5
2019-05-01,UK,roku-tv,quorum_only,64,3,0,0,57
2019-05-01,UK,samsungtv-wired,quorum_only,52,0,0,0,46
2019-05-01,UK,sengled-hub,quorum_only,0,0,0,0,0
2019-05-01,UK,smarter-coffee-mach,quorum_only,0,0,0,0,0
2019-05-01,UK,smartthings,quorum_only,9,0,0,0,7
2019-05-01,UK,sousvide,quorum_only,1,0,0,0,0
2019-05-01,UK,t-wemo-plug,quorum_only,34,0,0,0,6
2019-05-01,UK,tp-link-plug,quorum_only,25,0,0,0,21
2019-05-01,UK,tplink-bulb,quorum_only,23,0,0,0,8
2019-05-01,UK,tplink-plug2,quorum_only,0,0,0,0,0
2019-05-01,UK,wansview-cam-wired,quorum_only,23,0,0,0,11
2019-05-01,UK,xiaomi-cam2,quorum_only,0,0,0,0,0
2019-05-01,UK,xiaomi-cleaner,quorum_only,1,0,0,0,0
2019-05-01,UK,xiaomi-hub,quorum_only,37,2,0,0,4
2019-05-01,UK,xiaomi-plug,quorum_only,0,0,0,0,0
2019-05-01,UK,yi-camera,quorum_only,5,0,0,0,0
2019-05-01,UK,allure-speaker,majority,46,2,0,0,33
2019-05-01,UK,appletv,majority,153,3,0,0,119
2019-05-01,UK,blink-camera,majority,27,0,0,0,8
2019-05-01,UK,blink-security-hub,majority,60,1,0,0,16
2019-05-01,UK,bosiwo-camera-wifi,majority,3,0,0,0,0
2019-05-01,UK,bosiwo-camera-wired,majority,162,0,0,0,0
2019-05-01,UK,charger-camera,majority,16,2,0,0,4
2019-05-01,UK,echodot,majority,209,18,0,0,57
2019-05-01,UK,echoplus,majority,383,15,0,0,56
2019-05-01,UK,echospot,majority,344,13,0,0,92
2019-05-01,UK,firetv,majority,245,1,0,0,181
2019-05-01,UK,google-home,majority,103,15,0,0,38
2019-05-01,UK,google-home-mini,majority,134,10,0,0,54
2019-05-01,UK,honeywell-thermostat,majority,8,0,0,0,6
2019-05-01,UK,insteon-hub,majority,14,0,0,0,9
2019-05-01,UK,lightify-hub,majority,24,0,0,0,10
2019-05-01,UK,magichome-strip,majority,9,2,0,0,6
2019-05-01,UK,nest-tstat,majority,120,12,0,0,79
2019-05-01,UK,netatmo-weather,majority,3,0,0,0,2
2019-05-01,UK,philips-hue,majority,79,0,0,0,32
2019-05-01,UK,ring-doorbell,majority,644,61,0,0,12
2019-05-01,UK,roku-tv,majority,163,6,0,0,98
2019-05-01,UK,samsungtv-wired,majority,502,15,0,0,333
2019-05-01,UK,sengled-hub,majority,26,0,0,0,12
2019-05-01,UK,smarter-coffee-mach,majority,4,0,0,0,2
2019-05-01,UK,smartthings,majority,41,2,0,0,16
2019-05-01,UK,sousvide,majority,1,0,0,0,0
2019-05-01,UK,t-wemo-plug,majority,80,1,0,0,10
2019-05-01,UK,tp-link-plug,majority,38,0,0,0,25
2019-05-01,UK,tplink-bulb,majority,102,2,0,0,21
2019-05-01,UK,tplink-plug2,majority,12,2,0,0,7
2019-05-01,UK,wansview-cam-wired,majority,795,0,0,0,15
2019-05-01,UK,xiaomi-cam2,majority,194,54,0,0,12
2019-05-01,UK,xiaomi-cleaner,majority,29,0,0,0,17
2019-05-01,UK,xiaomi-hub,majority,49,0,0,0,4
2019-05-01,UK,xiaomi-plug,majority,14,0,0,0,3
2019-05-01,UK,yi-camera,majority,633,0,0,0,12
2019-05-01,UK,allure-speaker,dib_without_portability_gate,0,0,0,0,0
2019-05-01,UK,appletv,dib_without_portability_gate,56,0,13,13,55
2019-05-01,UK,blink-camera,dib_without_portability_gate,0,0,0,0,0
2019-05-01,UK,blink-security-hub,dib_without_portability_gate,8,0,0,0,7
2019-05-01,UK,bosiwo-camera-wifi,dib_without_portability_gate,0,0,0,0,0
2019-05-01,UK,bosiwo-camera-wired,dib_without_portability_gate,0,0,0,0,0
2019-05-01,UK,charger-camera,dib_without_portability_gate,0,0,0,0,0
2019-05-01,UK,echodot,dib_without_portability_gate,35,1,0,0,29
2019-05-01,UK,echoplus,dib_without_portability_gate,73,3,0,0,36
2019-05-01,UK,echospot,dib_without_portability_gate,96,0,0,0,55
2019-05-01,UK,firetv,dib_without_portability_gate,87,0,0,0,80
2019-05-01,UK,google-home,dib_without_portability_gate,0,0,0,0,0
2019-05-01,UK,google-home-mini,dib_without_portability_gate,53,7,0,0,29
2019-05-01,UK,honeywell-thermostat,dib_without_portability_gate,0,0,0,0,0
2019-05-01,UK,insteon-hub,dib_without_portability_gate,1,0,0,0,1
2019-05-01,UK,lightify-hub,dib_without_portability_gate,1,0,0,0,0
2019-05-01,UK,magichome-strip,dib_without_portability_gate,0,0,0,0,0
2019-05-01,UK,nest-tstat,dib_without_portability_gate,18,0,0,0,14
2019-05-01,UK,netatmo-weather,dib_without_portability_gate,0,0,0,0,0
2019-05-01,UK,philips-hue,dib_without_portability_gate,14,0,0,0,7
2019-05-01,UK,ring-doorbell,dib_without_portability_gate,9,1,0,0,5
2019-05-01,UK,roku-tv,dib_without_portability_gate,64,3,0,0,57
2019-05-01,UK,samsungtv-wired,dib_without_portability_gate,52,0,0,0,46
2019-05-01,UK,sengled-hub,dib_without_portability_gate,0,0,0,0,0
2019-05-01,UK,smarter-coffee-mach,dib_without_portability_gate,0,0,0,0,0
2019-05-01,UK,smartthings,dib_without_portability_gate,5,0,0,0,4
2019-05-01,UK,sousvide,dib_without_portability_gate,1,0,0,0,0
2019-05-01,UK,t-wemo-plug,dib_without_portability_gate,33,0,0,0,6
2019-05-01,UK,tp-link-plug,dib_without_portability_gate,25,0,0,0,21
2019-05-01,UK,tplink-bulb,dib_without_portability_gate,23,0,0,0,8
2019-05-01,UK,tplink-plug2,dib_without_portability_gate,0,0,0,0,0
2019-05-01,UK,wansview-cam-wired,dib_without_portability_gate,13,0,0,0,11
2019-05-01,UK,xiaomi-cam2,dib_without_portability_gate,0,0,0,0,0
2019-05-01,UK,xiaomi-cleaner,dib_without_portability_gate,1,0,0,0,0
2019-05-01,UK,xiaomi-hub,dib_without_portability_gate,37,4,0,0,4
2019-05-01,UK,xiaomi-plug,dib_without_portability_gate,0,0,0,0,0
2019-05-01,UK,yi-camera,dib_without_portability_gate,5,0,0,0,0
2019-05-02,US,amcrest-cam-wired,dib,0,0,0,0,0
2019-05-02,US,appletv,dib,55,0,0,0,55
2019-05-02,US,blink-camera,dib,0,0,0,0,0
2019-05-02,US,blink-security-hub,dib,8,0,0,0,7
2019-05-02,US,brewer,dib,0,0,0,0,0
2019-05-02,US,bulb1,dib,0,0,0,0,0
2019-05-02,US,cloudcam,dib,0,0,0,0,0
2019-05-02,US,dlink-mov,dib,0,0,0,0,0
2019-05-02,US,dryer,dib,0,0,0,0,0
2019-05-02,US,echodot,dib,29,0,0,0,29
2019-05-02,US,echoplus,dib,36,0,0,0,36
2019-05-02,US,echospot,dib,55,0,0,0,55
2019-05-02,US,firetv,dib,80,0,0,0,80
2019-05-02,US,fridge,dib,0,0,0,0,0
2019-05-02,US,google-home-mini,dib,30,1,0,0,30
2019-05-02,US,google-home-mini2,dib,0,0,0,0,0
2019-05-02,US,ikettle,dib,0,0,0,0,0
2019-05-02,US,insteon-hub,dib,1,0,0,0,1
2019-05-02,US,invoke,dib,0,0,0,0,0
2019-05-02,US,lefun-cam-wired,dib,0,0,0,0,0
2019-05-02,US,lgtv-wired,dib,0,0,0,0,0
2019-05-02,US,lightify-hub,dib,0,0,0,0,0
2019-05-02,US,luohe-spycam,dib,0,0,0,0,0
2019-05-02,US,magichome-strip,dib,0,0,0,0,0
2019-05-02,US,microseven-camera,dib,0,0,0,0,0
2019-05-02,US,microwave,dib,0,0,0,0,0
2019-05-02,US,nest-tstat,dib,15,0,0,0,14
2019-05-02,US,philips-hue,dib,10,0,1,1,6
2019-05-02,US,ring-doorbell,dib,5,0,0,0,5
2019-05-02,US,roku-tv,dib,59,1,0,0,58
2019-05-02,US,samsungtv-wired,dib,36,0,10,10,36
2019-05-02,US,sengled-hub,dib,0,0,0,0,0
2019-05-02,US,smartthings,dib,4,0,0,0,4
2019-05-02,US,sousvide,dib,0,0,0,0,0
2019-05-02,US,t-echodot,dib,0,0,0,0,0
2019-05-02,US,t-smartthings-hub,dib,0,0,0,0,0
2019-05-02,US,t-wemo-plug,dib,7,0,0,0,6
2019-05-02,US,tp-link-plug,dib,21,0,0,0,21
2019-05-02,US,tplink-bulb,dib,8,0,0,0,8
2019-05-02,US,wansview-cam-wired,dib,11,0,0,0,11
2019-05-02,US,washer,dib,0,0,0,0,0
2019-05-02,US,wink-hub2,dib,0,0,0,0,0
2019-05-02,US,xiaomi-cleaner,dib,0,0,0,0,0
2019-05-02,US,xiaomi-hub,dib,4,0,0,0,4
2019-05-02,US,xiaomi-ricecooker,dib,0,0,0,0,0
2019-05-02,US,xiaomi-strip,dib,0,0,0,0,0
2019-05-02,US,yi-camera,dib,0,0,0,0,0
2019-05-02,US,zmodo-doorbell,dib,0,0,0,0,0
2019-05-02,US,amcrest-cam-wired,pooled_union,16898,0,0,0,12
2019-05-02,US,appletv,pooled_union,154,1,0,0,120
2019-05-02,US,blink-camera,pooled_union,27,0,0,0,8
2019-05-02,US,blink-security-hub,pooled_union,60,0,0,0,16
2019-05-02,US,brewer,pooled_union,8,0,0,0,5
2019-05-02,US,bulb1,pooled_union,11,0,0,0,4
2019-05-02,US,cloudcam,pooled_union,55,0,0,0,35
2019-05-02,US,dlink-mov,pooled_union,23,0,0,0,17
2019-05-02,US,dryer,pooled_union,45,0,0,0,32
2019-05-02,US,echodot,pooled_union,212,3,0,0,57
2019-05-02,US,echoplus,pooled_union,383,0,0,0,56
2019-05-02,US,echospot,pooled_union,347,3,0,0,94
2019-05-02,US,firetv,pooled_union,245,0,0,0,181
2019-05-02,US,fridge,pooled_union,252,3,0,0,78
2019-05-02,US,google-home-mini,pooled_union,136,2,0,0,54
2019-05-02,US,google-home-mini2,pooled_union,55,3,0,0,47
2019-05-02,US,ikettle,pooled_union,8,0,0,0,6
2019-05-02,US,insteon-hub,pooled_union,14,0,0,0,9
2019-05-02,US,invoke,pooled_union,58,2,0,0,39
2019-05-02,US,lefun-cam-wired,pooled_union,308,0,0,0,1
2019-05-02,US,lgtv-wired,pooled_union,81,0,0,0,46
2019-05-02,US,lightify-hub,pooled_union,24,0,0,0,10
2019-05-02,US,luohe-spycam,pooled_union,116,0,0,0,8
2019-05-02,US,magichome-strip,pooled_union,9,0,0,0,6
2019-05-02,US,microseven-camera,pooled_union,6,0,0,0,5
2019-05-02,US,microwave,pooled_union,5,0,0,0,4
2019-05-02,US,nest-tstat,pooled_union,122,2,0,0,81
2019-05-02,US,philips-hue,pooled_union,79,0,0,0,32
2019-05-02,US,ring-doorbell,pooled_union,645,1,0,0,12
2019-05-02,US,roku-tv,pooled_union,163,0,0,0,98
2019-05-02,US,samsungtv-wired,pooled_union,513,11,0,0,344
2019-05-02,US,sengled-hub,pooled_union,26,0,0,0,12
2019-05-02,US,smartthings,pooled_union,41,0,0,0,16
2019-05-02,US,sousvide,pooled_union,1,0,0,0,0
2019-05-02,US,t-echodot,pooled_union,58,1,0,0,37
2019-05-02,US,t-smartthings-hub,pooled_union,8,0,0,0,6
2019-05-02,US,t-wemo-plug,pooled_union,81,1,0,0,10
2019-05-02,US,tp-link-plug,pooled_union,38,0,0,0,25
2019-05-02,US,tplink-bulb,pooled_union,102,0,0,0,21
2019-05-02,US,wansview-cam-wired,pooled_union,795,0,0,0,15
2019-05-02,US,washer,pooled_union,42,0,0,0,28
2019-05-02,US,wink-hub2,pooled_union,47,0,0,0,12
2019-05-02,US,xiaomi-cleaner,pooled_union,29,0,0,0,17
2019-05-02,US,xiaomi-hub,pooled_union,49,0,0,0,4
2019-05-02,US,xiaomi-ricecooker,pooled_union,9,0,0,0,4
2019-05-02,US,xiaomi-strip,pooled_union,40,0,0,0,4
2019-05-02,US,yi-camera,pooled_union,633,0,0,0,12
2019-05-02,US,zmodo-doorbell,pooled_union,46,0,0,0,36
2019-05-02,US,amcrest-cam-wired,quorum_only,0,0,0,0,0
2019-05-02,US,appletv,quorum_only,70,1,0,0,67
2019-05-02,US,blink-camera,quorum_only,0,0,0,0,0
2019-05-02,US,blink-security-hub,quorum_only,8,0,0,0,7
2019-05-02,US,brewer,quorum_only,0,0,0,0,0
2019-05-02,US,bulb1,quorum_only,0,0,0,0,0
2019-05-02,US,cloudcam,quorum_only,0,0,0,0,0
2019-05-02,US,dlink-mov,quorum_only,0,0,0,0,0
2019-05-02,US,dryer,quorum_only,0,0,0,0,0
2019-05-02,US,echodot,quorum_only,35,0,0,0,29
2019-05-02,US,echoplus,quorum_only,85,0,0,0,36
2019-05-02,US,echospot,quorum_only,98,0,0,0,55
2019-05-02,US,firetv,quorum_only,88,0,0,0,81
2019-05-02,US,fridge,quorum_only,0,0,0,0,0
2019-05-02,US,google-home-mini,quorum_only,54,1,0,0,30
2019-05-02,US,google-home-mini2,quorum_only,0,0,0,0,0
2019-05-02,US,ikettle,quorum_only,0,0,0,0,0
2019-05-02,US,insteon-hub,quorum_only,1,0,0,0,1
2019-05-02,US,invoke,quorum_only,0,0,0,0,0
2019-05-02,US,lefun-cam-wired,quorum_only,0,0,0,0,0
2019-05-02,US,lgtv-wired,quorum_only,0,0,0,0,0
2019-05-02,US,lightify-hub,quorum_only,1,0,0,0,0
2019-05-02,US,luohe-spycam,quorum_only,0,0,0,0,0
2019-05-02,US,magichome-strip,quorum_only,0,0,0,0,0
2019-05-02,US,microseven-camera,quorum_only,0,0,0,0,0
2019-05-02,US,microwave,quorum_only,0,0,0,0,0
2019-05-02,US,nest-tstat,quorum_only,18,0,0,0,14
2019-05-02,US,philips-hue,quorum_only,30,0,0,0,23
2019-05-02,US,ring-doorbell,quorum_only,10,1,0,0,5
2019-05-02,US,roku-tv,quorum_only,65,1,0,0,58
2019-05-02,US,samsungtv-wired,quorum_only,52,0,0,0,46
2019-05-02,US,sengled-hub,quorum_only,0,0,0,0,0
2019-05-02,US,smartthings,quorum_only,9,0,0,0,7
2019-05-02,US,sousvide,quorum_only,1,0,0,0,0
2019-05-02,US,t-echodot,quorum_only,0,0,0,0,0
2019-05-02,US,t-smartthings-hub,quorum_only,0,0,0,0,0
2019-05-02,US,t-wemo-plug,quorum_only,34,0,0,0,6
2019-05-02,US,tp-link-plug,quorum_only,25,0,0,0,21
2019-05-02,US,tplink-bulb,quorum_only,23,0,0,0,8
2019-05-02,US,wansview-cam-wired,quorum_only,23,0,0,0,11
2019-05-02,US,washer,quorum_only,0,0,0,0,0
2019-05-02,US,wink-hub2,quorum_only,0,0,0,0,0
2019-05-02,US,xiaomi-cleaner,quorum_only,1,0,0,0,0
2019-05-02,US,xiaomi-hub,quorum_only,37,0,0,0,4
2019-05-02,US,xiaomi-ricecooker,quorum_only,0,0,0,0,0
2019-05-02,US,xiaomi-strip,quorum_only,0,0,0,0,0
2019-05-02,US,yi-camera,quorum_only,5,0,0,0,0
2019-05-02,US,zmodo-doorbell,quorum_only,0,0,0,0,0
2019-05-02,US,amcrest-cam-wired,majority,16898,0,0,0,12
2019-05-02,US,appletv,majority,154,1,0,0,120
2019-05-02,US,blink-camera,majority,27,0,0,0,8
2019-05-02,US,blink-security-hub,majority,60,0,0,0,16
2019-05-02,US,brewer,majority,8,0,0,0,5
2019-05-02,US,bulb1,majority,11,0,0,0,4
2019-05-02,US,cloudcam,majority,55,0,0,0,35
2019-05-02,US,dlink-mov,majority,23,0,0,0,17
2019-05-02,US,dryer,majority,45,0,0,0,32
2019-05-02,US,echodot,majority,212,3,0,0,57
2019-05-02,US,echoplus,majority,383,0,0,0,56
2019-05-02,US,echospot,majority,347,3,0,0,94
2019-05-02,US,firetv,majority,245,0,0,0,181
2019-05-02,US,fridge,majority,252,3,0,0,78
2019-05-02,US,google-home-mini,majority,136,2,0,0,54
2019-05-02,US,google-home-mini2,majority,55,3,0,0,47
2019-05-02,US,ikettle,majority,8,0,0,0,6
2019-05-02,US,insteon-hub,majority,14,0,0,0,9
2019-05-02,US,invoke,majority,58,2,0,0,39
2019-05-02,US,lefun-cam-wired,majority,308,0,0,0,1
2019-05-02,US,lgtv-wired,majority,81,0,0,0,46
2019-05-02,US,lightify-hub,majority,24,0,0,0,10
2019-05-02,US,luohe-spycam,majority,116,0,0,0,8
2019-05-02,US,magichome-strip,majority,9,0,0,0,6
2019-05-02,US,microseven-camera,majority,6,0,0,0,5
2019-05-02,US,microwave,majority,5,0,0,0,4
2019-05-02,US,nest-tstat,majority,122,2,0,0,81
2019-05-02,US,philips-hue,majority,79,0,0,0,32
2019-05-02,US,ring-doorbell,majority,645,1,0,0,12
2019-05-02,US,roku-tv,majority,163,0,0,0,98
2019-05-02,US,samsungtv-wired,majority,513,11,0,0,344
2019-05-02,US,sengled-hub,majority,26,0,0,0,12
2019-05-02,US,smartthings,majority,41,0,0,0,16
2019-05-02,US,sousvide,majority,1,0,0,0,0
2019-05-02,US,t-echodot,majority,58,1,0,0,37
2019-05-02,US,t-smartthings-hub,majority,8,0,0,0,6
2019-05-02,US,t-wemo-plug,majority,81,1,0,0,10
2019-05-02,US,tp-link-plug,majority,38,0,0,0,25
2019-05-02,US,tplink-bulb,majority,102,0,0,0,21
2019-05-02,US,wansview-cam-wired,majority,795,0,0,0,15
2019-05-02,US,washer,majority,42,0,0,0,28
2019-05-02,US,wink-hub2,majority,47,0,0,0,12
2019-05-02,US,xiaomi-cleaner,majority,29,0,0,0,17
2019-05-02,US,xiaomi-hub,majority,49,0,0,0,4
2019-05-02,US,xiaomi-ricecooker,majority,9,0,0,0,4
2019-05-02,US,xiaomi-strip,majority,40,0,0,0,4
2019-05-02,US,yi-camera,majority,633,0,0,0,12
2019-05-02,US,zmodo-doorbell,majority,46,0,0,0,36
2019-05-02,US,amcrest-cam-wired,dib_without_portability_gate,0,0,0,0,0
2019-05-02,US,appletv,dib_without_portability_gate,56,0,0,0,55
2019-05-02,US,blink-camera,dib_without_portability_gate,0,0,0,0,0
2019-05-02,US,blink-security-hub,dib_without_portability_gate,8,0,0,0,7
2019-05-02,US,brewer,dib_without_portability_gate,0,0,0,0,0
2019-05-02,US,bulb1,dib_without_portability_gate,0,0,0,0,0
2019-05-02,US,cloudcam,dib_without_portability_gate,0,0,0,0,0
2019-05-02,US,dlink-mov,dib_without_portability_gate,0,0,0,0,0
2019-05-02,US,dryer,dib_without_portability_gate,0,0,0,0,0
2019-05-02,US,echodot,dib_without_portability_gate,35,0,0,0,29
2019-05-02,US,echoplus,dib_without_portability_gate,73,0,0,0,36
2019-05-02,US,echospot,dib_without_portability_gate,96,0,0,0,55
2019-05-02,US,firetv,dib_without_portability_gate,87,0,0,0,80
2019-05-02,US,fridge,dib_without_portability_gate,0,0,0,0,0
2019-05-02,US,google-home-mini,dib_without_portability_gate,54,1,0,0,30
2019-05-02,US,google-home-mini2,dib_without_portability_gate,0,0,0,0,0
2019-05-02,US,ikettle,dib_without_portability_gate,0,0,0,0,0
2019-05-02,US,insteon-hub,dib_without_portability_gate,1,0,0,0,1
2019-05-02,US,invoke,dib_without_portability_gate,0,0,0,0,0
2019-05-02,US,lefun-cam-wired,dib_without_portability_gate,0,0,0,0,0
2019-05-02,US,lgtv-wired,dib_without_portability_gate,0,0,0,0,0
2019-05-02,US,lightify-hub,dib_without_portability_gate,1,0,0,0,0
2019-05-02,US,luohe-spycam,dib_without_portability_gate,0,0,0,0,0
2019-05-02,US,magichome-strip,dib_without_portability_gate,0,0,0,0,0
2019-05-02,US,microseven-camera,dib_without_portability_gate,0,0,0,0,0
2019-05-02,US,microwave,dib_without_portability_gate,0,0,0,0,0
2019-05-02,US,nest-tstat,dib_without_portability_gate,18,0,0,0,14
2019-05-02,US,philips-hue,dib_without_portability_gate,13,0,1,1,6
2019-05-02,US,ring-doorbell,dib_without_portability_gate,10,1,0,0,5
2019-05-02,US,roku-tv,dib_without_portability_gate,65,1,0,0,58
2019-05-02,US,samsungtv-wired,dib_without_portability_gate,40,0,12,12,36
2019-05-02,US,sengled-hub,dib_without_portability_gate,0,0,0,0,0
2019-05-02,US,smartthings,dib_without_portability_gate,5,0,0,0,4
2019-05-02,US,sousvide,dib_without_portability_gate,1,0,0,0,0
2019-05-02,US,t-echodot,dib_without_portability_gate,0,0,0,0,0
2019-05-02,US,t-smartthings-hub,dib_without_portability_gate,0,0,0,0,0
2019-05-02,US,t-wemo-plug,dib_without_portability_gate,33,0,0,0,6
2019-05-02,US,tp-link-plug,dib_without_portability_gate,25,0,0,0,21
2019-05-02,US,tplink-bulb,dib_without_portability_gate,23,0,0,0,8
2019-05-02,US,wansview-cam-wired,dib_without_portability_gate,13,0,0,0,11
2019-05-02,US,washer,dib_without_portability_gate,0,0,0,0,0
2019-05-02,US,wink-hub2,dib_without_portability_gate,0,0,0,0,0
2019-05-02,US,xiaomi-cleaner,dib_without_portability_gate,1,0,0,0,0
2019-05-02,US,xiaomi-hub,dib_without_portability_gate,37,0,0,0,4
2019-05-02,US,xiaomi-ricecooker,dib_without_portability_gate,0,0,0,0,0
2019-05-02,US,xiaomi-strip,dib_without_portability_gate,0,0,0,0,0
2019-05-02,US,yi-camera,dib_without_portability_gate,5,0,0,0,0
2019-05-02,US,zmodo-doorbell,dib_without_portability_gate,0,0,0,0,0
2019-05-02,UK,allure-speaker,dib,0,0,0,0,0
2019-05-02,UK,appletv,dib,55,0,0,0,55
2019-05-02,UK,blink-camera,dib,0,0,0,0,0
2019-05-02,UK,blink-security-hub,dib,8,0,0,0,7
2019-05-02,UK,bosiwo-camera-wifi,dib,0,0,0,0,0
2019-05-02,UK,bosiwo-camera-wired,dib,0,0,0,0,0
2019-05-02,UK,charger-camera,dib,0,0,0,0,0
2019-05-02,UK,echodot,dib,29,0,0,0,29
2019-05-02,UK,echoplus,dib,36,0,0,0,36
2019-05-02,UK,echospot,dib,55,0,0,0,55
2019-05-02,UK,firetv,dib,80,0,0,0,80
2019-05-02,UK,google-home,dib,0,0,0,0,0
2019-05-02,UK,google-home-mini,dib,30,1,0,0,30
2019-05-02,UK,honeywell-thermostat,dib,0,0,0,0,0
2019-05-02,UK,insteon-hub,dib,1,0,0,0,1
2019-05-02,UK,lightify-hub,dib,0,0,0,0,0
2019-05-02,UK,magichome-strip,dib,0,0,0,0,0
2019-05-02,UK,nest-tstat,dib,15,0,0,0,14
2019-05-02,UK,netatmo-weather,dib,0,0,0,0,0
2019-05-02,UK,philips-hue,dib,10,0,1,1,6
2019-05-02,UK,ring-doorbell,dib,5,0,0,0,5
2019-05-02,UK,roku-tv,dib,59,1,0,0,58
2019-05-02,UK,samsungtv-wired,dib,36,0,10,10,36
2019-05-02,UK,sengled-hub,dib,0,0,0,0,0
2019-05-02,UK,smarter-coffee-mach,dib,0,0,0,0,0
2019-05-02,UK,smartthings,dib,4,0,0,0,4
2019-05-02,UK,sousvide,dib,0,0,0,0,0
2019-05-02,UK,t-wemo-plug,dib,7,0,0,0,6
2019-05-02,UK,tp-link-plug,dib,21,0,0,0,21
2019-05-02,UK,tplink-bulb,dib,8,0,0,0,8
2019-05-02,UK,tplink-plug2,dib,0,0,0,0,0
2019-05-02,UK,wansview-cam-wired,dib,11,0,0,0,11
2019-05-02,UK,xiaomi-cam2,dib,0,0,0,0,0
2019-05-02,UK,xiaomi-cleaner,dib,0,0,0,0,0
2019-05-02,UK,xiaomi-hub,dib,4,0,0,0,4
2019-05-02,UK,xiaomi-plug,dib,0,0,0,0,0
2019-05-02,UK,yi-camera,dib,0,0,0,0,0
2019-05-02,UK,allure-speaker,pooled_union,46,0,0,0,33
2019-05-02,UK,appletv,pooled_union,154,1,0,0,120
2019-05-02,UK,blink-camera,pooled_union,27,0,0,0,8
2019-05-02,UK,blink-security-hub,pooled_union,60,0,0,0,16
2019-05-02,UK,bosiwo-camera-wifi,pooled_union,3,0,0,0,0
2019-05-02,UK,bosiwo-camera-wired,pooled_union,162,0,0,0,0
2019-05-02,UK,charger-camera,pooled_union,16,0,0,0,4
2019-05-02,UK,echodot,pooled_union,212,3,0,0,57
2019-05-02,UK,echoplus,pooled_union,383,0,0,0,56
2019-05-02,UK,echospot,pooled_union,347,3,0,0,94
2019-05-02,UK,firetv,pooled_union,245,0,0,0,181
2019-05-02,UK,google-home,pooled_union,103,0,0,0,38
2019-05-02,UK,google-home-mini,pooled_union,136,2,0,0,54
2019-05-02,UK,honeywell-thermostat,pooled_union,8,0,0,0,6
2019-05-02,UK,insteon-hub,pooled_union,14,0,0,0,9
2019-05-02,UK,lightify-hub,pooled_union,24,0,0,0,10
2019-05-02,UK,magichome-strip,pooled_union,9,0,0,0,6
2019-05-02,UK,nest-tstat,pooled_union,122,2,0,0,81
2019-05-02,UK,netatmo-weather,pooled_union,3,0,0,0,2
2019-05-02,UK,philips-hue,pooled_union,79,0,0,0,32
2019-05-02,UK,ring-doorbell,pooled_union,645,1,0,0,12
2019-05-02,UK,roku-tv,pooled_union,163,0,0,0,98
2019-05-02,UK,samsungtv-wired,pooled_union,513,11,0,0,344
2019-05-02,UK,sengled-hub,pooled_union,26,0,0,0,12
2019-05-02,UK,smarter-coffee-mach,pooled_union,4,0,0,0,2
2019-05-02,UK,smartthings,pooled_union,41,0,0,0,16
2019-05-02,UK,sousvide,pooled_union,1,0,0,0,0
2019-05-02,UK,t-wemo-plug,pooled_union,81,1,0,0,10
2019-05-02,UK,tp-link-plug,pooled_union,38,0,0,0,25
2019-05-02,UK,tplink-bulb,pooled_union,102,0,0,0,21
2019-05-02,UK,tplink-plug2,pooled_union,12,0,0,0,7
2019-05-02,UK,wansview-cam-wired,pooled_union,795,0,0,0,15
2019-05-02,UK,xiaomi-cam2,pooled_union,194,0,0,0,12
2019-05-02,UK,xiaomi-cleaner,pooled_union,29,0,0,0,17
2019-05-02,UK,xiaomi-hub,pooled_union,49,0,0,0,4
2019-05-02,UK,xiaomi-plug,pooled_union,14,0,0,0,3
2019-05-02,UK,yi-camera,pooled_union,633,0,0,0,12
2019-05-02,UK,allure-speaker,quorum_only,0,0,0,0,0
2019-05-02,UK,appletv,quorum_only,70,1,0,0,67
2019-05-02,UK,blink-camera,quorum_only,0,0,0,0,0
2019-05-02,UK,blink-security-hub,quorum_only,8,0,0,0,7
2019-05-02,UK,bosiwo-camera-wifi,quorum_only,0,0,0,0,0
2019-05-02,UK,bosiwo-camera-wired,quorum_only,0,0,0,0,0
2019-05-02,UK,charger-camera,quorum_only,0,0,0,0,0
2019-05-02,UK,echodot,quorum_only,35,0,0,0,29
2019-05-02,UK,echoplus,quorum_only,85,0,0,0,36
2019-05-02,UK,echospot,quorum_only,98,0,0,0,55
2019-05-02,UK,firetv,quorum_only,88,0,0,0,81
2019-05-02,UK,google-home,quorum_only,0,0,0,0,0
2019-05-02,UK,google-home-mini,quorum_only,54,1,0,0,30
2019-05-02,UK,honeywell-thermostat,quorum_only,0,0,0,0,0
2019-05-02,UK,insteon-hub,quorum_only,1,0,0,0,1
2019-05-02,UK,lightify-hub,quorum_only,1,0,0,0,0
2019-05-02,UK,magichome-strip,quorum_only,0,0,0,0,0
2019-05-02,UK,nest-tstat,quorum_only,18,0,0,0,14
2019-05-02,UK,netatmo-weather,quorum_only,0,0,0,0,0
2019-05-02,UK,philips-hue,quorum_only,30,0,0,0,23
2019-05-02,UK,ring-doorbell,quorum_only,10,1,0,0,5
2019-05-02,UK,roku-tv,quorum_only,65,1,0,0,58
2019-05-02,UK,samsungtv-wired,quorum_only,52,0,0,0,46
2019-05-02,UK,sengled-hub,quorum_only,0,0,0,0,0
2019-05-02,UK,smarter-coffee-mach,quorum_only,0,0,0,0,0
2019-05-02,UK,smartthings,quorum_only,9,0,0,0,7
2019-05-02,UK,sousvide,quorum_only,1,0,0,0,0
2019-05-02,UK,t-wemo-plug,quorum_only,34,0,0,0,6
2019-05-02,UK,tp-link-plug,quorum_only,25,0,0,0,21
2019-05-02,UK,tplink-bulb,quorum_only,23,0,0,0,8
2019-05-02,UK,tplink-plug2,quorum_only,0,0,0,0,0
2019-05-02,UK,wansview-cam-wired,quorum_only,23,0,0,0,11
2019-05-02,UK,xiaomi-cam2,quorum_only,0,0,0,0,0
2019-05-02,UK,xiaomi-cleaner,quorum_only,1,0,0,0,0
2019-05-02,UK,xiaomi-hub,quorum_only,37,0,0,0,4
2019-05-02,UK,xiaomi-plug,quorum_only,0,0,0,0,0
2019-05-02,UK,yi-camera,quorum_only,5,0,0,0,0
2019-05-02,UK,allure-speaker,majority,46,0,0,0,33
2019-05-02,UK,appletv,majority,154,1,0,0,120
2019-05-02,UK,blink-camera,majority,27,0,0,0,8
2019-05-02,UK,blink-security-hub,majority,60,0,0,0,16
2019-05-02,UK,bosiwo-camera-wifi,majority,3,0,0,0,0
2019-05-02,UK,bosiwo-camera-wired,majority,162,0,0,0,0
2019-05-02,UK,charger-camera,majority,16,0,0,0,4
2019-05-02,UK,echodot,majority,212,3,0,0,57
2019-05-02,UK,echoplus,majority,383,0,0,0,56
2019-05-02,UK,echospot,majority,347,3,0,0,94
2019-05-02,UK,firetv,majority,245,0,0,0,181
2019-05-02,UK,google-home,majority,103,0,0,0,38
2019-05-02,UK,google-home-mini,majority,136,2,0,0,54
2019-05-02,UK,honeywell-thermostat,majority,8,0,0,0,6
2019-05-02,UK,insteon-hub,majority,14,0,0,0,9
2019-05-02,UK,lightify-hub,majority,24,0,0,0,10
2019-05-02,UK,magichome-strip,majority,9,0,0,0,6
2019-05-02,UK,nest-tstat,majority,122,2,0,0,81
2019-05-02,UK,netatmo-weather,majority,3,0,0,0,2
2019-05-02,UK,philips-hue,majority,79,0,0,0,32
2019-05-02,UK,ring-doorbell,majority,645,1,0,0,12
2019-05-02,UK,roku-tv,majority,163,0,0,0,98
2019-05-02,UK,samsungtv-wired,majority,513,11,0,0,344
2019-05-02,UK,sengled-hub,majority,26,0,0,0,12
2019-05-02,UK,smarter-coffee-mach,majority,4,0,0,0,2
2019-05-02,UK,smartthings,majority,41,0,0,0,16
2019-05-02,UK,sousvide,majority,1,0,0,0,0
2019-05-02,UK,t-wemo-plug,majority,81,1,0,0,10
2019-05-02,UK,tp-link-plug,majority,38,0,0,0,25
2019-05-02,UK,tplink-bulb,majority,102,0,0,0,21
2019-05-02,UK,tplink-plug2,majority,12,0,0,0,7
2019-05-02,UK,wansview-cam-wired,majority,795,0,0,0,15
2019-05-02,UK,xiaomi-cam2,majority,194,0,0,0,12
2019-05-02,UK,xiaomi-cleaner,majority,29,0,0,0,17
2019-05-02,UK,xiaomi-hub,majority,49,0,0,0,4
2019-05-02,UK,xiaomi-plug,majority,14,0,0,0,3
2019-05-02,UK,yi-camera,majority,633,0,0,0,12
2019-05-02,UK,allure-speaker,dib_without_portability_gate,0,0,0,0,0
2019-05-02,UK,appletv,dib_without_portability_gate,56,0,0,0,55
2019-05-02,UK,blink-camera,dib_without_portability_gate,0,0,0,0,0
2019-05-02,UK,blink-security-hub,dib_without_portability_gate,8,0,0,0,7
2019-05-02,UK,bosiwo-camera-wifi,dib_without_portability_gate,0,0,0,0,0
2019-05-02,UK,bosiwo-camera-wired,dib_without_portability_gate,0,0,0,0,0
2019-05-02,UK,charger-camera,dib_without_portability_gate,0,0,0,0,0
2019-05-02,UK,echodot,dib_without_portability_gate,35,0,0,0,29
2019-05-02,UK,echoplus,dib_without_portability_gate,73,0,0,0,36
2019-05-02,UK,echospot,dib_without_portability_gate,96,0,0,0,55
2019-05-02,UK,firetv,dib_without_portability_gate,87,0,0,0,80
2019-05-02,UK,google-home,dib_without_portability_gate,0,0,0,0,0
2019-05-02,UK,google-home-mini,dib_without_portability_gate,54,1,0,0,30
2019-05-02,UK,honeywell-thermostat,dib_without_portability_gate,0,0,0,0,0
2019-05-02,UK,insteon-hub,dib_without_portability_gate,1,0,0,0,1
2019-05-02,UK,lightify-hub,dib_without_portability_gate,1,0,0,0,0
2019-05-02,UK,magichome-strip,dib_without_portability_gate,0,0,0,0,0
2019-05-02,UK,nest-tstat,dib_without_portability_gate,18,0,0,0,14
2019-05-02,UK,netatmo-weather,dib_without_portability_gate,0,0,0,0,0
2019-05-02,UK,philips-hue,dib_without_portability_gate,13,0,1,1,6
2019-05-02,UK,ring-doorbell,dib_without_portability_gate,10,1,0,0,5
2019-05-02,UK,roku-tv,dib_without_portability_gate,65,1,0,0,58
2019-05-02,UK,samsungtv-wired,dib_without_portability_gate,40,0,12,12,36
2019-05-02,UK,sengled-hub,dib_without_portability_gate,0,0,0,0,0
2019-05-02,UK,smarter-coffee-mach,dib_without_portability_gate,0,0,0,0,0
2019-05-02,UK,smartthings,dib_without_portability_gate,5,0,0,0,4
2019-05-02,UK,sousvide,dib_without_portability_gate,1,0,0,0,0
2019-05-02,UK,t-wemo-plug,dib_without_portability_gate,33,0,0,0,6
2019-05-02,UK,tp-link-plug,dib_without_portability_gate,25,0,0,0,21
2019-05-02,UK,tplink-bulb,dib_without_portability_gate,23,0,0,0,8
2019-05-02,UK,tplink-plug2,dib_without_portability_gate,0,0,0,0,0
2019-05-02,UK,wansview-cam-wired,dib_without_portability_gate,13,0,0,0,11
2019-05-02,UK,xiaomi-cam2,dib_without_portability_gate,0,0,0,0,0
2019-05-02,UK,xiaomi-cleaner,dib_without_portability_gate,1,0,0,0,0
2019-05-02,UK,xiaomi-hub,dib_without_portability_gate,37,0,0,0,4
2019-05-02,UK,xiaomi-plug,dib_without_portability_gate,0,0,0,0,0
2019-05-02,UK,yi-camera,dib_without_portability_gate,5,0,0,0,0
2019-05-03,US,amcrest-cam-wired,dib,0,0,0,0,0
2019-05-03,US,appletv,dib,55,0,0,0,55
2019-05-03,US,blink-camera,dib,0,0,0,0,0
2019-05-03,US,blink-security-hub,dib,8,0,0,0,7
2019-05-03,US,brewer,dib,0,0,0,0,0
2019-05-03,US,bulb1,dib,0,0,0,0,0
2019-05-03,US,cloudcam,dib,0,0,0,0,0
2019-05-03,US,dlink-mov,dib,0,0,0,0,0
2019-05-03,US,dryer,dib,0,0,0,0,0
2019-05-03,US,echodot,dib,29,0,0,0,29
2019-05-03,US,echoplus,dib,36,0,0,0,36
2019-05-03,US,echospot,dib,55,0,0,0,55
2019-05-03,US,firetv,dib,80,0,0,0,80
2019-05-03,US,fridge,dib,0,0,0,0,0
2019-05-03,US,google-home-mini,dib,30,0,0,0,30
2019-05-03,US,google-home-mini2,dib,0,0,0,0,0
2019-05-03,US,ikettle,dib,0,0,0,0,0
2019-05-03,US,insteon-hub,dib,1,0,0,0,1
2019-05-03,US,invoke,dib,0,0,0,0,0
2019-05-03,US,lefun-cam-wired,dib,0,0,0,0,0
2019-05-03,US,lgtv-wired,dib,0,0,0,0,0
2019-05-03,US,lightify-hub,dib,0,0,0,0,0
2019-05-03,US,luohe-spycam,dib,0,0,0,0,0
2019-05-03,US,magichome-strip,dib,0,0,0,0,0
2019-05-03,US,microseven-camera,dib,0,0,0,0,0
2019-05-03,US,microwave,dib,0,0,0,0,0
2019-05-03,US,nest-tstat,dib,15,0,0,0,14
2019-05-03,US,philips-hue,dib,10,0,0,0,6
2019-05-03,US,ring-doorbell,dib,5,0,0,0,5
2019-05-03,US,roku-tv,dib,59,0,0,0,58
2019-05-03,US,samsungtv-wired,dib,36,0,0,0,36
2019-05-03,US,sengled-hub,dib,0,0,0,0,0
2019-05-03,US,smartthings,dib,4,0,0,0,4
2019-05-03,US,sousvide,dib,0,0,0,0,0
2019-05-03,US,t-echodot,dib,0,0,0,0,0
2019-05-03,US,t-smartthings-hub,dib,0,0,0,0,0
2019-05-03,US,t-wemo-plug,dib,7,0,0,0,6
2019-05-03,US,tp-link-plug,dib,21,0,0,0,21
2019-05-03,US,tplink-bulb,dib,8,0,0,0,8
2019-05-03,US,wansview-cam-wired,dib,11,0,0,0,11
2019-05-03,US,washer,dib,0,0,0,0,0
2019-05-03,US,wink-hub2,dib,0,0,0,0,0
2019-05-03,US,xiaomi-cleaner,dib,0,0,0,0,0
2019-05-03,US,xiaomi-hub,dib,4,0,0,0,4
2019-05-03,US,xiaomi-ricecooker,dib,0,0,0,0,0
2019-05-03,US,xiaomi-strip,dib,0,0,0,0,0
2019-05-03,US,yi-camera,dib,0,0,0,0,0
2019-05-03,US,zmodo-doorbell,dib,0,0,0,0,0
2019-05-03,US,amcrest-cam-wired,pooled_union,16898,0,0,0,12
2019-05-03,US,appletv,pooled_union,154,0,0,0,120
2019-05-03,US,blink-camera,pooled_union,27,0,0,0,8
2019-05-03,US,blink-security-hub,pooled_union,60,0,0,0,16
2019-05-03,US,brewer,pooled_union,8,0,0,0,5
2019-05-03,US,bulb1,pooled_union,11,0,0,0,4
2019-05-03,US,cloudcam,pooled_union,55,0,0,0,35
2019-05-03,US,dlink-mov,pooled_union,23,0,0,0,17
2019-05-03,US,dryer,pooled_union,45,0,0,0,32
2019-05-03,US,echodot,pooled_union,254,42,0,0,57
2019-05-03,US,echoplus,pooled_union,427,44,0,0,56
2019-05-03,US,echospot,pooled_union,411,64,0,0,96
2019-05-03,US,firetv,pooled_union,245,0,0,0,181
2019-05-03,US,fridge,pooled_union,252,0,0,0,78
2019-05-03,US,google-home-mini,pooled_union,151,15,0,0,54
2019-05-03,US,google-home-mini2,pooled_union,55,0,0,0,47
2019-05-03,US,ikettle,pooled_union,8,0,0,0,6
2019-05-03,US,insteon-hub,pooled_union,14,0,0,0,9
2019-05-03,US,invoke,pooled_union,58,0,0,0,39
2019-05-03,US,lefun-cam-wired,pooled_union,308,0,0,0,1
2019-05-03,US,lgtv-wired,pooled_union,81,0,0,0,46
2019-05-03,US,lightify-hub,pooled_union,24,0,0,0,10
2019-05-03,US,luohe-spycam,pooled_union,116,0,0,0,8
2019-05-03,US,magichome-strip,pooled_union,9,0,0,0,6
2019-05-03,US,microseven-camera,pooled_union,6,0,0,0,5
2019-05-03,US,microwave,pooled_union,5,0,0,0,4
2019-05-03,US,nest-tstat,pooled_union,128,6,0,0,83
2019-05-03,US,philips-hue,pooled_union,79,0,0,0,32
2019-05-03,US,ring-doorbell,pooled_union,755,110,0,0,12
2019-05-03,US,roku-tv,pooled_union,168,5,0,0,98
2019-05-03,US,samsungtv-wired,pooled_union,513,0,0,0,344
2019-05-03,US,sengled-hub,pooled_union,26,0,0,0,12
2019-05-03,US,smartthings,pooled_union,41,0,0,0,16
2019-05-03,US,sousvide,pooled_union,1,0,0,0,0
2019-05-03,US,t-echodot,pooled_union,58,0,0,0,37
2019-05-03,US,t-smartthings-hub,pooled_union,8,0,0,0,6
2019-05-03,US,t-wemo-plug,pooled_union,82,1,0,0,10
2019-05-03,US,tp-link-plug,pooled_union,38,0,0,0,25
2019-05-03,US,tplink-bulb,pooled_union,102,0,0,0,21
2019-05-03,US,wansview-cam-wired,pooled_union,795,0,0,0,15
2019-05-03,US,washer,pooled_union,42,0,0,0,28
2019-05-03,US,wink-hub2,pooled_union,47,0,0,0,12
2019-05-03,US,xiaomi-cleaner,pooled_union,29,0,0,0,17
2019-05-03,US,xiaomi-hub,pooled_union,49,0,0,0,4
2019-05-03,US,xiaomi-ricecooker,pooled_union,9,0,0,0,4
2019-05-03,US,xiaomi-strip,pooled_union,40,0,0,0,4
2019-05-03,US,yi-camera,pooled_union,716,83,0,0,12
2019-05-03,US,zmodo-doorbell,pooled_union,46,0,0,0,36
2019-05-03,US,amcrest-cam-wired,quorum_only,0,0,0,0,0
2019-05-03,US,appletv,quorum_only,70,0,0,0,67
2019-05-03,US,blink-camera,quorum_only,0,0,0,0,0
2019-05-03,US,blink-security-hub,quorum_only,8,0,0,0,7
2019-05-03,US,brewer,quorum_only,0,0,0,0,0
2019-05-03,US,bulb1,quorum_only,0,0,0,0,0
2019-05-03,US,cloudcam,quorum_only,0,0,0,0,0
2019-05-03,US,dlink-mov,quorum_only,0,0,0,0,0
2019-05-03,US,dryer,quorum_only,0,0,0,0,0
2019-05-03,US,echodot,quorum_only,37,2,0,0,29
2019-05-03,US,echoplus,quorum_only,88,3,0,0,36
2019-05-03,US,echospot,quorum_only,102,4,0,0,55
2019-05-03,US,firetv,quorum_only,88,0,0,0,81
2019-05-03,US,fridge,quorum_only,0,0,0,0,0
2019-05-03,US,google-home-mini,quorum_only,58,4,0,0,30
2019-05-03,US,google-home-mini2,quorum_only,0,0,0,0,0
2019-05-03,US,ikettle,quorum_only,0,0,0,0,0
2019-05-03,US,insteon-hub,quorum_only,1,0,0,0,1
2019-05-03,US,invoke,quorum_only,0,0,0,0,0
2019-05-03,US,lefun-cam-wired,quorum_only,0,0,0,0,0
2019-05-03,US,lgtv-wired,quorum_only,0,0,0,0,0
2019-05-03,US,lightify-hub,quorum_only,1,0,0,0,0
2019-05-03,US,luohe-spycam,quorum_only,0,0,0,0,0
2019-05-03,US,magichome-strip,quorum_only,0,0,0,0,0
2019-05-03,US,microseven-camera,quorum_only,0,0,0,0,0
2019-05-03,US,microwave,quorum_only,0,0,0,0,0
2019-05-03,US,nest-tstat,quorum_only,18,0,0,0,14
2019-05-03,US,philips-hue,quorum_only,30,0,0,0,23
2019-05-03,US,ring-doorbell,quorum_only,10,0,0,0,5
2019-05-03,US,roku-tv,quorum_only,66,1,0,0,58
2019-05-03,US,samsungtv-wired,quorum_only,52,0,0,0,46
2019-05-03,US,sengled-hub,quorum_only,0,0,0,0,0
2019-05-03,US,smartthings,quorum_only,10,1,0,0,7
2019-05-03,US,sousvide,quorum_only,1,0,0,0,0
2019-05-03,US,t-echodot,quorum_only,0,0,0,0,0
2019-05-03,US,t-smartthings-hub,quorum_only,0,0,0,0,0
2019-05-03,US,t-wemo-plug,quorum_only,35,1,0,0,6
2019-05-03,US,tp-link-plug,quorum_only,25,0,0,0,21
2019-05-03,US,tplink-bulb,quorum_only,23,0,0,0,8
2019-05-03,US,wansview-cam-wired,quorum_only,23,0,0,0,11
2019-05-03,US,washer,quorum_only,0,0,0,0,0
2019-05-03,US,wink-hub2,quorum_only,0,0,0,0,0
2019-05-03,US,xiaomi-cleaner,quorum_only,1,0,0,0,0
2019-05-03,US,xiaomi-hub,quorum_only,37,0,0,0,4
2019-05-03,US,xiaomi-ricecooker,quorum_only,0,0,0,0,0
2019-05-03,US,xiaomi-strip,quorum_only,0,0,0,0,0
2019-05-03,US,yi-camera,quorum_only,6,1,0,0,0
2019-05-03,US,zmodo-doorbell,quorum_only,0,0,0,0,0
2019-05-03,US,amcrest-cam-wired,majority,16898,0,0,0,12
2019-05-03,US,appletv,majority,154,0,0,0,120
2019-05-03,US,blink-camera,majority,27,0,0,0,8
2019-05-03,US,blink-security-hub,majority,60,0,0,0,16
2019-05-03,US,brewer,majority,8,0,0,0,5
2019-05-03,US,bulb1,majority,11,0,0,0,4
2019-05-03,US,cloudcam,majority,55,0,0,0,35
2019-05-03,US,dlink-mov,majority,23,0,0,0,17
2019-05-03,US,dryer,majority,45,0,0,0,32
2019-05-03,US,echodot,majority,254,42,0,0,57
2019-05-03,US,echoplus,majority,427,44,0,0,56
2019-05-03,US,echospot,majority,411,64,0,0,96
2019-05-03,US,firetv,majority,245,0,0,0,181
2019-05-03,US,fridge,majority,252,0,0,0,78
2019-05-03,US,google-home-mini,majority,151,15,0,0,54
2019-05-03,US,google-home-mini2,majority,55,0,0,0,47
2019-05-03,US,ikettle,majority,8,0,0,0,6
2019-05-03,US,insteon-hub,majority,14,0,0,0,9
2019-05-03,US,invoke,majority,58,0,0,0,39
2019-05-03,US,lefun-cam-wired,majority,308,0,0,0,1
2019-05-03,US,lgtv-wired,majority,81,0,0,0,46
2019-05-03,US,lightify-hub,majority,24,0,0,0,10
2019-05-03,US,luohe-spycam,majority,116,0,0,0,8
2019-05-03,US,magichome-strip,majority,9,0,0,0,6
2019-05-03,US,microseven-camera,majority,6,0,0,0,5
2019-05-03,US,microwave,majority,5,0,0,0,4
2019-05-03,US,nest-tstat,majority,128,6,0,0,83
2019-05-03,US,philips-hue,majority,79,0,0,0,32
2019-05-03,US,ring-doorbell,majority,755,110,0,0,12
2019-05-03,US,roku-tv,majority,168,5,0,0,98
2019-05-03,US,samsungtv-wired,majority,513,0,0,0,344
2019-05-03,US,sengled-hub,majority,26,0,0,0,12
2019-05-03,US,smartthings,majority,41,0,0,0,16
2019-05-03,US,sousvide,majority,1,0,0,0,0
2019-05-03,US,t-echodot,majority,58,0,0,0,37
2019-05-03,US,t-smartthings-hub,majority,8,0,0,0,6
2019-05-03,US,t-wemo-plug,majority,82,1,0,0,10
2019-05-03,US,tp-link-plug,majority,38,0,0,0,25
2019-05-03,US,tplink-bulb,majority,102,0,0,0,21
2019-05-03,US,wansview-cam-wired,majority,795,0,0,0,15
2019-05-03,US,washer,majority,42,0,0,0,28
2019-05-03,US,wink-hub2,majority,47,0,0,0,12
2019-05-03,US,xiaomi-cleaner,majority,29,0,0,0,17
2019-05-03,US,xiaomi-hub,majority,49,0,0,0,4
2019-05-03,US,xiaomi-ricecooker,majority,9,0,0,0,4
2019-05-03,US,xiaomi-strip,majority,40,0,0,0,4
2019-05-03,US,yi-camera,majority,716,83,0,0,12
2019-05-03,US,zmodo-doorbell,majority,46,0,0,0,36
2019-05-03,US,amcrest-cam-wired,dib_without_portability_gate,0,0,0,0,0
2019-05-03,US,appletv,dib_without_portability_gate,56,0,0,0,55
2019-05-03,US,blink-camera,dib_without_portability_gate,0,0,0,0,0
2019-05-03,US,blink-security-hub,dib_without_portability_gate,8,0,0,0,7
2019-05-03,US,brewer,dib_without_portability_gate,0,0,0,0,0
2019-05-03,US,bulb1,dib_without_portability_gate,0,0,0,0,0
2019-05-03,US,cloudcam,dib_without_portability_gate,0,0,0,0,0
2019-05-03,US,dlink-mov,dib_without_portability_gate,0,0,0,0,0
2019-05-03,US,dryer,dib_without_portability_gate,0,0,0,0,0
2019-05-03,US,echodot,dib_without_portability_gate,37,2,0,0,29
2019-05-03,US,echoplus,dib_without_portability_gate,76,3,0,0,36
2019-05-03,US,echospot,dib_without_portability_gate,101,5,0,0,55
2019-05-03,US,firetv,dib_without_portability_gate,87,0,0,0,80
2019-05-03,US,fridge,dib_without_portability_gate,0,0,0,0,0
2019-05-03,US,google-home-mini,dib_without_portability_gate,58,4,0,0,30
2019-05-03,US,google-home-mini2,dib_without_portability_gate,0,0,0,0,0
2019-05-03,US,ikettle,dib_without_portability_gate,0,0,0,0,0
2019-05-03,US,insteon-hub,dib_without_portability_gate,1,0,0,0,1
2019-05-03,US,invoke,dib_without_portability_gate,0,0,0,0,0
2019-05-03,US,lefun-cam-wired,dib_without_portability_gate,0,0,0,0,0
2019-05-03,US,lgtv-wired,dib_without_portability_gate,0,0,0,0,0
2019-05-03,US,lightify-hub,dib_without_portability_gate,1,0,0,0,0
2019-05-03,US,luohe-spycam,dib_without_portability_gate,0,0,0,0,0
2019-05-03,US,magichome-strip,dib_without_portability_gate,0,0,0,0,0
2019-05-03,US,microseven-camera,dib_without_portability_gate,0,0,0,0,0
2019-05-03,US,microwave,dib_without_portability_gate,0,0,0,0,0
2019-05-03,US,nest-tstat,dib_without_portability_gate,18,0,0,0,14
2019-05-03,US,philips-hue,dib_without_portability_gate,13,0,0,0,6
2019-05-03,US,ring-doorbell,dib_without_portability_gate,10,0,0,0,5
2019-05-03,US,roku-tv,dib_without_portability_gate,66,1,0,0,58
2019-05-03,US,samsungtv-wired,dib_without_portability_gate,40,0,0,0,36
2019-05-03,US,sengled-hub,dib_without_portability_gate,0,0,0,0,0
2019-05-03,US,smartthings,dib_without_portability_gate,6,1,0,0,4
2019-05-03,US,sousvide,dib_without_portability_gate,1,0,0,0,0
2019-05-03,US,t-echodot,dib_without_portability_gate,0,0,0,0,0
2019-05-03,US,t-smartthings-hub,dib_without_portability_gate,0,0,0,0,0
2019-05-03,US,t-wemo-plug,dib_without_portability_gate,35,2,0,0,6
2019-05-03,US,tp-link-plug,dib_without_portability_gate,25,0,0,0,21
2019-05-03,US,tplink-bulb,dib_without_portability_gate,23,0,0,0,8
2019-05-03,US,wansview-cam-wired,dib_without_portability_gate,13,0,0,0,11
2019-05-03,US,washer,dib_without_portability_gate,0,0,0,0,0
2019-05-03,US,wink-hub2,dib_without_portability_gate,0,0,0,0,0
2019-05-03,US,xiaomi-cleaner,dib_without_portability_gate,1,0,0,0,0
2019-05-03,US,xiaomi-hub,dib_without_portability_gate,37,0,0,0,4
2019-05-03,US,xiaomi-ricecooker,dib_without_portability_gate,0,0,0,0,0
2019-05-03,US,xiaomi-strip,dib_without_portability_gate,0,0,0,0,0
2019-05-03,US,yi-camera,dib_without_portability_gate,6,1,0,0,0
2019-05-03,US,zmodo-doorbell,dib_without_portability_gate,0,0,0,0,0
2019-05-03,UK,allure-speaker,dib,0,0,0,0,0
2019-05-03,UK,appletv,dib,55,0,0,0,55
2019-05-03,UK,blink-camera,dib,0,0,0,0,0
2019-05-03,UK,blink-security-hub,dib,8,0,0,0,7
2019-05-03,UK,bosiwo-camera-wifi,dib,0,0,0,0,0
2019-05-03,UK,bosiwo-camera-wired,dib,0,0,0,0,0
2019-05-03,UK,charger-camera,dib,0,0,0,0,0
2019-05-03,UK,echodot,dib,29,0,0,0,29
2019-05-03,UK,echoplus,dib,36,0,0,0,36
2019-05-03,UK,echospot,dib,55,0,0,0,55
2019-05-03,UK,firetv,dib,80,0,0,0,80
2019-05-03,UK,google-home,dib,0,0,0,0,0
2019-05-03,UK,google-home-mini,dib,30,0,0,0,30
2019-05-03,UK,honeywell-thermostat,dib,0,0,0,0,0
2019-05-03,UK,insteon-hub,dib,1,0,0,0,1
2019-05-03,UK,lightify-hub,dib,0,0,0,0,0
2019-05-03,UK,magichome-strip,dib,0,0,0,0,0
2019-05-03,UK,nest-tstat,dib,15,0,0,0,14
2019-05-03,UK,netatmo-weather,dib,0,0,0,0,0
2019-05-03,UK,philips-hue,dib,10,0,0,0,6
2019-05-03,UK,ring-doorbell,dib,5,0,0,0,5
2019-05-03,UK,roku-tv,dib,59,0,0,0,58
2019-05-03,UK,samsungtv-wired,dib,36,0,0,0,36
2019-05-03,UK,sengled-hub,dib,0,0,0,0,0
2019-05-03,UK,smarter-coffee-mach,dib,0,0,0,0,0
2019-05-03,UK,smartthings,dib,4,0,0,0,4
2019-05-03,UK,sousvide,dib,0,0,0,0,0
2019-05-03,UK,t-wemo-plug,dib,7,0,0,0,6
2019-05-03,UK,tp-link-plug,dib,21,0,0,0,21
2019-05-03,UK,tplink-bulb,dib,8,0,0,0,8
2019-05-03,UK,tplink-plug2,dib,0,0,0,0,0
2019-05-03,UK,wansview-cam-wired,dib,11,0,0,0,11
2019-05-03,UK,xiaomi-cam2,dib,0,0,0,0,0
2019-05-03,UK,xiaomi-cleaner,dib,0,0,0,0,0
2019-05-03,UK,xiaomi-hub,dib,4,0,0,0,4
2019-05-03,UK,xiaomi-plug,dib,0,0,0,0,0
2019-05-03,UK,yi-camera,dib,0,0,0,0,0
2019-05-03,UK,allure-speaker,pooled_union,46,0,0,0,33
2019-05-03,UK,appletv,pooled_union,154,0,0,0,120
2019-05-03,UK,blink-camera,pooled_union,27,0,0,0,8
2019-05-03,UK,blink-security-hub,pooled_union,60,0,0,0,16
2019-05-03,UK,bosiwo-camera-wifi,pooled_union,3,0,0,0,0
2019-05-03,UK,bosiwo-camera-wired,pooled_union,162,0,0,0,0
2019-05-03,UK,charger-camera,pooled_union,16,0,0,0,4
2019-05-03,UK,echodot,pooled_union,254,42,0,0,57
2019-05-03,UK,echoplus,pooled_union,427,44,0,0,56
2019-05-03,UK,echospot,pooled_union,411,64,0,0,96
2019-05-03,UK,firetv,pooled_union,245,0,0,0,181
2019-05-03,UK,google-home,pooled_union,121,18,0,0,38
2019-05-03,UK,google-home-mini,pooled_union,151,15,0,0,54
2019-05-03,UK,honeywell-thermostat,pooled_union,8,0,0,0,6
2019-05-03,UK,insteon-hub,pooled_union,14,0,0,0,9
2019-05-03,UK,lightify-hub,pooled_union,24,0,0,0,10
2019-05-03,UK,magichome-strip,pooled_union,9,0,0,0,6
2019-05-03,UK,nest-tstat,pooled_union,128,6,0,0,83
2019-05-03,UK,netatmo-weather,pooled_union,4,1,0,0,2
2019-05-03,UK,philips-hue,pooled_union,79,0,0,0,32
2019-05-03,UK,ring-doorbell,pooled_union,755,110,0,0,12
2019-05-03,UK,roku-tv,pooled_union,168,5,0,0,98
2019-05-03,UK,samsungtv-wired,pooled_union,513,0,0,0,344
2019-05-03,UK,sengled-hub,pooled_union,26,0,0,0,12
2019-05-03,UK,smarter-coffee-mach,pooled_union,4,0,0,0,2
2019-05-03,UK,smartthings,pooled_union,41,0,0,0,16
2019-05-03,UK,sousvide,pooled_union,1,0,0,0,0
2019-05-03,UK,t-wemo-plug,pooled_union,82,1,0,0,10
2019-05-03,UK,tp-link-plug,pooled_union,38,0,0,0,25
2019-05-03,UK,tplink-bulb,pooled_union,102,0,0,0,21
2019-05-03,UK,tplink-plug2,pooled_union,12,0,0,0,7
2019-05-03,UK,wansview-cam-wired,pooled_union,795,0,0,0,15
2019-05-03,UK,xiaomi-cam2,pooled_union,194,0,0,0,12
2019-05-03,UK,xiaomi-cleaner,pooled_union,29,0,0,0,17
2019-05-03,UK,xiaomi-hub,pooled_union,49,0,0,0,4
2019-05-03,UK,xiaomi-plug,pooled_union,14,0,0,0,3
2019-05-03,UK,yi-camera,pooled_union,716,83,0,0,12
2019-05-03,UK,allure-speaker,quorum_only,0,0,0,0,0
2019-05-03,UK,appletv,quorum_only,70,0,0,0,67
2019-05-03,UK,blink-camera,quorum_only,0,0,0,0,0
2019-05-03,UK,blink-security-hub,quorum_only,8,0,0,0,7
2019-05-03,UK,bosiwo-camera-wifi,quorum_only,0,0,0,0,0
2019-05-03,UK,bosiwo-camera-wired,quorum_only,0,0,0,0,0
2019-05-03,UK,charger-camera,quorum_only,0,0,0,0,0
2019-05-03,UK,echodot,quorum_only,37,2,0,0,29
2019-05-03,UK,echoplus,quorum_only,88,3,0,0,36
2019-05-03,UK,echospot,quorum_only,102,4,0,0,55
2019-05-03,UK,firetv,quorum_only,88,0,0,0,81
2019-05-03,UK,google-home,quorum_only,0,0,0,0,0
2019-05-03,UK,google-home-mini,quorum_only,58,4,0,0,30
2019-05-03,UK,honeywell-thermostat,quorum_only,0,0,0,0,0
2019-05-03,UK,insteon-hub,quorum_only,1,0,0,0,1
2019-05-03,UK,lightify-hub,quorum_only,1,0,0,0,0
2019-05-03,UK,magichome-strip,quorum_only,0,0,0,0,0
2019-05-03,UK,nest-tstat,quorum_only,18,0,0,0,14
2019-05-03,UK,netatmo-weather,quorum_only,0,0,0,0,0
2019-05-03,UK,philips-hue,quorum_only,30,0,0,0,23
2019-05-03,UK,ring-doorbell,quorum_only,10,0,0,0,5
2019-05-03,UK,roku-tv,quorum_only,66,1,0,0,58
2019-05-03,UK,samsungtv-wired,quorum_only,52,0,0,0,46
2019-05-03,UK,sengled-hub,quorum_only,0,0,0,0,0
2019-05-03,UK,smarter-coffee-mach,quorum_only,0,0,0,0,0
2019-05-03,UK,smartthings,quorum_only,10,1,0,0,7
2019-05-03,UK,sousvide,quorum_only,1,0,0,0,0
2019-05-03,UK,t-wemo-plug,quorum_only,35,1,0,0,6
2019-05-03,UK,tp-link-plug,quorum_only,25,0,0,0,21
2019-05-03,UK,tplink-bulb,quorum_only,23,0,0,0,8
2019-05-03,UK,tplink-plug2,quorum_only,0,0,0,0,0
2019-05-03,UK,wansview-cam-wired,quorum_only,23,0,0,0,11
2019-05-03,UK,xiaomi-cam2,quorum_only,0,0,0,0,0
2019-05-03,UK,xiaomi-cleaner,quorum_only,1,0,0,0,0
2019-05-03,UK,xiaomi-hub,quorum_only,37,0,0,0,4
2019-05-03,UK,xiaomi-plug,quorum_only,0,0,0,0,0
2019-05-03,UK,yi-camera,quorum_only,6,1,0,0,0
2019-05-03,UK,allure-speaker,majority,46,0,0,0,33
2019-05-03,UK,appletv,majority,154,0,0,0,120
2019-05-03,UK,blink-camera,majority,27,0,0,0,8
2019-05-03,UK,blink-security-hub,majority,60,0,0,0,16
2019-05-03,UK,bosiwo-camera-wifi,majority,3,0,0,0,0
2019-05-03,UK,bosiwo-camera-wired,majority,162,0,0,0,0
2019-05-03,UK,charger-camera,majority,16,0,0,0,4
2019-05-03,UK,echodot,majority,254,42,0,0,57
2019-05-03,UK,echoplus,majority,427,44,0,0,56
2019-05-03,UK,echospot,majority,411,64,0,0,96
2019-05-03,UK,firetv,majority,245,0,0,0,181
2019-05-03,UK,google-home,majority,121,18,0,0,38
2019-05-03,UK,google-home-mini,majority,151,15,0,0,54
2019-05-03,UK,honeywell-thermostat,majority,8,0,0,0,6
2019-05-03,UK,insteon-hub,majority,14,0,0,0,9
2019-05-03,UK,lightify-hub,majority,24,0,0,0,10
2019-05-03,UK,magichome-strip,majority,9,0,0,0,6
2019-05-03,UK,nest-tstat,majority,128,6,0,0,83
2019-05-03,UK,netatmo-weather,majority,4,1,0,0,2
2019-05-03,UK,philips-hue,majority,79,0,0,0,32
2019-05-03,UK,ring-doorbell,majority,755,110,0,0,12
2019-05-03,UK,roku-tv,majority,168,5,0,0,98
2019-05-03,UK,samsungtv-wired,majority,513,0,0,0,344
2019-05-03,UK,sengled-hub,majority,26,0,0,0,12
2019-05-03,UK,smarter-coffee-mach,majority,4,0,0,0,2
2019-05-03,UK,smartthings,majority,41,0,0,0,16
2019-05-03,UK,sousvide,majority,1,0,0,0,0
2019-05-03,UK,t-wemo-plug,majority,82,1,0,0,10
2019-05-03,UK,tp-link-plug,majority,38,0,0,0,25
2019-05-03,UK,tplink-bulb,majority,102,0,0,0,21
2019-05-03,UK,tplink-plug2,majority,12,0,0,0,7
2019-05-03,UK,wansview-cam-wired,majority,795,0,0,0,15
2019-05-03,UK,xiaomi-cam2,majority,194,0,0,0,12
2019-05-03,UK,xiaomi-cleaner,majority,29,0,0,0,17
2019-05-03,UK,xiaomi-hub,majority,49,0,0,0,4
2019-05-03,UK,xiaomi-plug,majority,14,0,0,0,3
2019-05-03,UK,yi-camera,majority,716,83,0,0,12
2019-05-03,UK,allure-speaker,dib_without_portability_gate,0,0,0,0,0
2019-05-03,UK,appletv,dib_without_portability_gate,56,0,0,0,55
2019-05-03,UK,blink-camera,dib_without_portability_gate,0,0,0,0,0
2019-05-03,UK,blink-security-hub,dib_without_portability_gate,8,0,0,0,7
2019-05-03,UK,bosiwo-camera-wifi,dib_without_portability_gate,0,0,0,0,0
2019-05-03,UK,bosiwo-camera-wired,dib_without_portability_gate,0,0,0,0,0
2019-05-03,UK,charger-camera,dib_without_portability_gate,0,0,0,0,0
2019-05-03,UK,echodot,dib_without_portability_gate,37,2,0,0,29
2019-05-03,UK,echoplus,dib_without_portability_gate,76,3,0,0,36
2019-05-03,UK,echospot,dib_without_portability_gate,101,5,0,0,55
2019-05-03,UK,firetv,dib_without_portability_gate,87,0,0,0,80
2019-05-03,UK,google-home,dib_without_portability_gate,0,0,0,0,0
2019-05-03,UK,google-home-mini,dib_without_portability_gate,58,4,0,0,30
2019-05-03,UK,honeywell-thermostat,dib_without_portability_gate,0,0,0,0,0
2019-05-03,UK,insteon-hub,dib_without_portability_gate,1,0,0,0,1
2019-05-03,UK,lightify-hub,dib_without_portability_gate,1,0,0,0,0
2019-05-03,UK,magichome-strip,dib_without_portability_gate,0,0,0,0,0
2019-05-03,UK,nest-tstat,dib_without_portability_gate,18,0,0,0,14
2019-05-03,UK,netatmo-weather,dib_without_portability_gate,0,0,0,0,0
2019-05-03,UK,philips-hue,dib_without_portability_gate,13,0,0,0,6
2019-05-03,UK,ring-doorbell,dib_without_portability_gate,10,0,0,0,5
2019-05-03,UK,roku-tv,dib_without_portability_gate,66,1,0,0,58
2019-05-03,UK,samsungtv-wired,dib_without_portability_gate,40,0,0,0,36
2019-05-03,UK,sengled-hub,dib_without_portability_gate,0,0,0,0,0
2019-05-03,UK,smarter-coffee-mach,dib_without_portability_gate,0,0,0,0,0
2019-05-03,UK,smartthings,dib_without_portability_gate,6,1,0,0,4
2019-05-03,UK,sousvide,dib_without_portability_gate,1,0,0,0,0
2019-05-03,UK,t-wemo-plug,dib_without_portability_gate,35,2,0,0,6
2019-05-03,UK,tp-link-plug,dib_without_portability_gate,25,0,0,0,21
2019-05-03,UK,tplink-bulb,dib_without_portability_gate,23,0,0,0,8
2019-05-03,UK,tplink-plug2,dib_without_portability_gate,0,0,0,0,0
2019-05-03,UK,wansview-cam-wired,dib_without_portability_gate,13,0,0,0,11
2019-05-03,UK,xiaomi-cam2,dib_without_portability_gate,0,0,0,0,0
2019-05-03,UK,xiaomi-cleaner,dib_without_portability_gate,1,0,0,0,0
2019-05-03,UK,xiaomi-hub,dib_without_portability_gate,37,0,0,0,4
2019-05-03,UK,xiaomi-plug,dib_without_portability_gate,0,0,0,0,0
2019-05-03,UK,yi-camera,dib_without_portability_gate,6,1,0,0,0
2019-05-04,US,amcrest-cam-wired,dib,0,0,0,0,0
2019-05-04,US,appletv,dib,55,0,0,0,55
2019-05-04,US,blink-camera,dib,0,0,0,0,0
2019-05-04,US,blink-security-hub,dib,8,0,0,0,7
2019-05-04,US,brewer,dib,0,0,0,0,0
2019-05-04,US,bulb1,dib,0,0,0,0,0
2019-05-04,US,cloudcam,dib,0,0,0,0,0
2019-05-04,US,dlink-mov,dib,0,0,0,0,0
2019-05-04,US,dryer,dib,0,0,0,0,0
2019-05-04,US,echodot,dib,29,0,0,0,29
2019-05-04,US,echoplus,dib,36,0,0,0,36
2019-05-04,US,echospot,dib,56,1,0,0,56
2019-05-04,US,firetv,dib,80,0,0,0,80
2019-05-04,US,fridge,dib,0,0,0,0,0
2019-05-04,US,google-home-mini,dib,30,0,0,0,30
2019-05-04,US,google-home-mini2,dib,0,0,0,0,0
2019-05-04,US,ikettle,dib,0,0,0,0,0
2019-05-04,US,insteon-hub,dib,1,0,0,0,1
2019-05-04,US,invoke,dib,0,0,0,0,0
2019-05-04,US,lefun-cam-wired,dib,0,0,0,0,0
2019-05-04,US,lgtv-wired,dib,0,0,0,0,0
2019-05-04,US,lightify-hub,dib,0,0,0,0,0
2019-05-04,US,luohe-spycam,dib,0,0,0,0,0
2019-05-04,US,magichome-strip,dib,0,0,0,0,0
2019-05-04,US,microseven-camera,dib,0,0,0,0,0
2019-05-04,US,microwave,dib,0,0,0,0,0
2019-05-04,US,nest-tstat,dib,15,0,0,0,14
2019-05-04,US,philips-hue,dib,10,0,0,0,6
2019-05-04,US,ring-doorbell,dib,5,0,0,0,5
2019-05-04,US,roku-tv,dib,59,0,0,0,58
2019-05-04,US,samsungtv-wired,dib,36,0,0,0,36
2019-05-04,US,sengled-hub,dib,0,0,0,0,0
2019-05-04,US,smartthings,dib,4,0,0,0,4
2019-05-04,US,sousvide,dib,0,0,0,0,0
2019-05-04,US,t-echodot,dib,0,0,0,0,0
2019-05-04,US,t-smartthings-hub,dib,0,0,0,0,0
2019-05-04,US,t-wemo-plug,dib,8,1,0,0,6
2019-05-04,US,tp-link-plug,dib,21,0,0,0,21
2019-05-04,US,tplink-bulb,dib,8,0,0,0,8
2019-05-04,US,wansview-cam-wired,dib,11,0,0,0,11
2019-05-04,US,washer,dib,0,0,0,0,0
2019-05-04,US,wink-hub2,dib,0,0,0,0,0
2019-05-04,US,xiaomi-cleaner,dib,0,0,0,0,0
2019-05-04,US,xiaomi-hub,dib,4,0,0,0,4
2019-05-04,US,xiaomi-ricecooker,dib,0,0,0,0,0
2019-05-04,US,xiaomi-strip,dib,0,0,0,0,0
2019-05-04,US,yi-camera,dib,0,0,0,0,0
2019-05-04,US,zmodo-doorbell,dib,0,0,0,0,0
2019-05-04,US,amcrest-cam-wired,pooled_union,16898,0,0,0,12
2019-05-04,US,appletv,pooled_union,154,0,0,0,120
2019-05-04,US,blink-camera,pooled_union,27,0,0,0,8
2019-05-04,US,blink-security-hub,pooled_union,63,3,0,0,16
2019-05-04,US,brewer,pooled_union,8,0,0,0,5
2019-05-04,US,bulb1,pooled_union,11,0,0,0,4
2019-05-04,US,cloudcam,pooled_union,55,0,0,0,35
2019-05-04,US,dlink-mov,pooled_union,23,0,0,0,17
2019-05-04,US,dryer,pooled_union,45,0,0,0,32
2019-05-04,US,echodot,pooled_union,285,31,0,0,58
2019-05-04,US,echoplus,pooled_union,460,33,0,0,56
2019-05-04,US,echospot,pooled_union,452,41,0,0,96
2019-05-04,US,firetv,pooled_union,245,0,0,0,181
2019-05-04,US,fridge,pooled_union,252,0,0,0,78
2019-05-04,US,google-home-mini,pooled_union,164,13,0,0,55
2019-05-04,US,google-home-mini2,pooled_union,55,0,0,0,47
2019-05-04,US,ikettle,pooled_union,8,0,0,0,6
2019-05-04,US,insteon-hub,pooled_union,14,0,0,0,9
2019-05-04,US,invoke,pooled_union,58,0,0,0,39
2019-05-04,US,lefun-cam-wired,pooled_union,308,0,0,0,1
2019-05-04,US,lgtv-wired,pooled_union,81,0,0,0,46
2019-05-04,US,lightify-hub,pooled_union,24,0,0,0,10
2019-05-04,US,luohe-spycam,pooled_union,116,0,0,0,8
2019-05-04,US,magichome-strip,pooled_union,9,0,0,0,6
2019-05-04,US,microseven-camera,pooled_union,6,0,0,0,5
2019-05-04,US,microwave,pooled_union,5,0,0,0,4
2019-05-04,US,nest-tstat,pooled_union,134,6,0,0,87
2019-05-04,US,philips-hue,pooled_union,79,0,0,0,32
2019-05-04,US,ring-doorbell,pooled_union,756,1,0,0,12
2019-05-04,US,roku-tv,pooled_union,176,8,0,0,98
2019-05-04,US,samsungtv-wired,pooled_union,513,0,0,0,344
2019-05-04,US,sengled-hub,pooled_union,26,0,0,0,12
2019-05-04,US,smartthings,pooled_union,41,0,0,0,16
2019-05-04,US,sousvide,pooled_union,1,0,0,0,0
2019-05-04,US,t-echodot,pooled_union,58,0,0,0,37
2019-05-04,US,t-smartthings-hub,pooled_union,8,0,0,0,6
2019-05-04,US,t-wemo-plug,pooled_union,83,1,0,0,10
2019-05-04,US,tp-link-plug,pooled_union,39,1,0,0,25
2019-05-04,US,tplink-bulb,pooled_union,109,7,0,0,21
2019-05-04,US,wansview-cam-wired,pooled_union,795,0,0,0,15
2019-05-04,US,washer,pooled_union,42,0,0,0,28
2019-05-04,US,wink-hub2,pooled_union,47,0,0,0,12
2019-05-04,US,xiaomi-cleaner,pooled_union,29,0,0,0,17
2019-05-04,US,xiaomi-hub,pooled_union,49,0,0,0,4
2019-05-04,US,xiaomi-ricecooker,pooled_union,9,0,0,0,4
2019-05-04,US,xiaomi-strip,pooled_union,40,0,0,0,4
2019-05-04,US,yi-camera,pooled_union,716,0,0,0,12
2019-05-04,US,zmodo-doorbell,pooled_union,46,0,0,0,36
2019-05-04,US,amcrest-cam-wired,quorum_only,0,0,0,0,0
2019-05-04,US,appletv,quorum_only,70,0,0,0,67
2019-05-04,US,blink-camera,quorum_only,0,0,0,0,0
2019-05-04,US,blink-security-hub,quorum_only,8,0,0,0,7
2019-05-04,US,brewer,quorum_only,0,0,0,0,0
2019-05-04,US,bulb1,quorum_only,0,0,0,0,0
2019-05-04,US,cloudcam,quorum_only,0,0,0,0,0
2019-05-04,US,dlink-mov,quorum_only,0,0,0,0,0
2019-05-04,US,dryer,quorum_only,0,0,0,0,0
2019-05-04,US,echodot,quorum_only,37,0,0,0,29
2019-05-04,US,echoplus,quorum_only,88,0,0,0,36
2019-05-04,US,echospot,quorum_only,105,3,0,0,56
2019-05-04,US,firetv,quorum_only,88,0,0,0,81
2019-05-04,US,fridge,quorum_only,0,0,0,0,0
2019-05-04,US,google-home-mini,quorum_only,60,2,0,0,30
2019-05-04,US,google-home-mini2,quorum_only,0,0,0,0,0
2019-05-04,US,ikettle,quorum_only,0,0,0,0,0
2019-05-04,US,insteon-hub,quorum_only,1,0,0,0,1
2019-05-04,US,invoke,quorum_only,0,0,0,0,0
2019-05-04,US,lefun-cam-wired,quorum_only,0,0,0,0,0
2019-05-04,US,lgtv-wired,quorum_only,0,0,0,0,0
2019-05-04,US,lightify-hub,quorum_only,1,0,0,0,0
2019-05-04,US,luohe-spycam,quorum_only,0,0,0,0,0
2019-05-04,US,magichome-strip,quorum_only,0,0,0,0,0
2019-05-04,US,microseven-camera,quorum_only,0,0,0,0,0
2019-05-04,US,microwave,quorum_only,0,0,0,0,0
2019-05-04,US,nest-tstat,quorum_only,18,0,0,0,14
2019-05-04,US,philips-hue,quorum_only,30,0,0,0,23
2019-05-04,US,ring-doorbell,quorum_only,10,0,0,0,5
2019-05-04,US,roku-tv,quorum_only,66,0,0,0,58
2019-05-04,US,samsungtv-wired,quorum_only,52,0,0,0,46
2019-05-04,US,sengled-hub,quorum_only,0,0,0,0,0
2019-05-04,US,smartthings,quorum_only,10,0,0,0,7
2019-05-04,US,sousvide,quorum_only,1,0,0,0,0
2019-05-04,US,t-echodot,quorum_only,0,0,0,0,0
2019-05-04,US,t-smartthings-hub,quorum_only,0,0,0,0,0
2019-05-04,US,t-wemo-plug,quorum_only,36,1,0,0,6
2019-05-04,US,tp-link-plug,quorum_only,25,0,0,0,21
2019-05-04,US,tplink-bulb,quorum_only,37,14,0,0,8
2019-05-04,US,wansview-cam-wired,quorum_only,23,0,0,0,11
2019-05-04,US,washer,quorum_only,0,0,0,0,0
2019-05-04,US,wink-hub2,quorum_only,0,0,0,0,0
2019-05-04,US,xiaomi-cleaner,quorum_only,1,0,0,0,0
2019-05-04,US,xiaomi-hub,quorum_only,37,0,0,0,4
2019-05-04,US,xiaomi-ricecooker,quorum_only,0,0,0,0,0
2019-05-04,US,xiaomi-strip,quorum_only,0,0,0,0,0
2019-05-04,US,yi-camera,quorum_only,6,0,0,0,0
2019-05-04,US,zmodo-doorbell,quorum_only,0,0,0,0,0
2019-05-04,US,amcrest-cam-wired,majority,16898,0,0,0,12
2019-05-04,US,appletv,majority,154,0,0,0,120
2019-05-04,US,blink-camera,majority,27,0,0,0,8
2019-05-04,US,blink-security-hub,majority,63,3,0,0,16
2019-05-04,US,brewer,majority,8,0,0,0,5
2019-05-04,US,bulb1,majority,11,0,0,0,4
2019-05-04,US,cloudcam,majority,55,0,0,0,35
2019-05-04,US,dlink-mov,majority,23,0,0,0,17
2019-05-04,US,dryer,majority,45,0,0,0,32
2019-05-04,US,echodot,majority,285,31,0,0,58
2019-05-04,US,echoplus,majority,460,33,0,0,56
2019-05-04,US,echospot,majority,452,41,0,0,96
2019-05-04,US,firetv,majority,245,0,0,0,181
2019-05-04,US,fridge,majority,252,0,0,0,78
2019-05-04,US,google-home-mini,majority,164,13,0,0,55
2019-05-04,US,google-home-mini2,majority,55,0,0,0,47
2019-05-04,US,ikettle,majority,8,0,0,0,6
2019-05-04,US,insteon-hub,majority,14,0,0,0,9
2019-05-04,US,invoke,majority,58,0,0,0,39
2019-05-04,US,lefun-cam-wired,majority,308,0,0,0,1
2019-05-04,US,lgtv-wired,majority,81,0,0,0,46
2019-05-04,US,lightify-hub,majority,24,0,0,0,10
2019-05-04,US,luohe-spycam,majority,116,0,0,0,8
2019-05-04,US,magichome-strip,majority,9,0,0,0,6
2019-05-04,US,microseven-camera,majority,6,0,0,0,5
2019-05-04,US,microwave,majority,5,0,0,0,4
2019-05-04,US,nest-tstat,majority,134,6,0,0,87
2019-05-04,US,philips-hue,majority,79,0,0,0,32
2019-05-04,US,ring-doorbell,majority,756,1,0,0,12
2019-05-04,US,roku-tv,majority,176,8,0,0,98
2019-05-04,US,samsungtv-wired,majority,513,0,0,0,344
2019-05-04,US,sengled-hub,majority,26,0,0,0,12
2019-05-04,US,smartthings,majority,41,0,0,0,16
2019-05-04,US,sousvide,majority,1,0,0,0,0
2019-05-04,US,t-echodot,majority,58,0,0,0,37
2019-05-04,US,t-smartthings-hub,majority,8,0,0,0,6
2019-05-04,US,t-wemo-plug,majority,83,1,0,0,10
2019-05-04,US,tp-link-plug,majority,39,1,0,0,25
2019-05-04,US,tplink-bulb,majority,109,7,0,0,21
2019-05-04,US,wansview-cam-wired,majority,795,0,0,0,15
2019-05-04,US,washer,majority,42,0,0,0,28
2019-05-04,US,wink-hub2,majority,47,0,0,0,12
2019-05-04,US,xiaomi-cleaner,majority,29,0,0,0,17
2019-05-04,US,xiaomi-hub,majority,49,0,0,0,4
2019-05-04,US,xiaomi-ricecooker,majority,9,0,0,0,4
2019-05-04,US,xiaomi-strip,majority,40,0,0,0,4
2019-05-04,US,yi-camera,majority,716,0,0,0,12
2019-05-04,US,zmodo-doorbell,majority,46,0,0,0,36
2019-05-04,US,amcrest-cam-wired,dib_without_portability_gate,0,0,0,0,0
2019-05-04,US,appletv,dib_without_portability_gate,56,0,0,0,55
2019-05-04,US,blink-camera,dib_without_portability_gate,0,0,0,0,0
2019-05-04,US,blink-security-hub,dib_without_portability_gate,8,0,0,0,7
2019-05-04,US,brewer,dib_without_portability_gate,0,0,0,0,0
2019-05-04,US,bulb1,dib_without_portability_gate,0,0,0,0,0
2019-05-04,US,cloudcam,dib_without_portability_gate,0,0,0,0,0
2019-05-04,US,dlink-mov,dib_without_portability_gate,0,0,0,0,0
2019-05-04,US,dryer,dib_without_portability_gate,0,0,0,0,0
2019-05-04,US,echodot,dib_without_portability_gate,37,0,0,0,29
2019-05-04,US,echoplus,dib_without_portability_gate,79,3,0,0,36
2019-05-04,US,echospot,dib_without_portability_gate,104,3,0,0,56
2019-05-04,US,firetv,dib_without_portability_gate,87,0,0,0,80
2019-05-04,US,fridge,dib_without_portability_gate,0,0,0,0,0
2019-05-04,US,google-home-mini,dib_without_portability_gate,60,2,0,0,30
2019-05-04,US,google-home-mini2,dib_without_portability_gate,0,0,0,0,0
2019-05-04,US,ikettle,dib_without_portability_gate,0,0,0,0,0
2019-05-04,US,insteon-hub,dib_without_portability_gate,1,0,0,0,1
2019-05-04,US,invoke,dib_without_portability_gate,0,0,0,0,0
2019-05-04,US,lefun-cam-wired,dib_without_portability_gate,0,0,0,0,0
2019-05-04,US,lgtv-wired,dib_without_portability_gate,0,0,0,0,0
2019-05-04,US,lightify-hub,dib_without_portability_gate,1,0,0,0,0
2019-05-04,US,luohe-spycam,dib_without_portability_gate,0,0,0,0,0
2019-05-04,US,magichome-strip,dib_without_portability_gate,0,0,0,0,0
2019-05-04,US,microseven-camera,dib_without_portability_gate,0,0,0,0,0
2019-05-04,US,microwave,dib_without_portability_gate,0,0,0,0,0
2019-05-04,US,nest-tstat,dib_without_portability_gate,18,0,0,0,14
2019-05-04,US,philips-hue,dib_without_portability_gate,13,0,0,0,6
2019-05-04,US,ring-doorbell,dib_without_portability_gate,10,0,0,0,5
2019-05-04,US,roku-tv,dib_without_portability_gate,66,0,0,0,58
2019-05-04,US,samsungtv-wired,dib_without_portability_gate,40,0,0,0,36
2019-05-04,US,sengled-hub,dib_without_portability_gate,0,0,0,0,0
2019-05-04,US,smartthings,dib_without_portability_gate,5,0,1,1,4
2019-05-04,US,sousvide,dib_without_portability_gate,1,0,0,0,0
2019-05-04,US,t-echodot,dib_without_portability_gate,0,0,0,0,0
2019-05-04,US,t-smartthings-hub,dib_without_portability_gate,0,0,0,0,0
2019-05-04,US,t-wemo-plug,dib_without_portability_gate,36,1,0,0,6
2019-05-04,US,tp-link-plug,dib_without_portability_gate,25,0,0,0,21
2019-05-04,US,tplink-bulb,dib_without_portability_gate,37,14,0,0,8
2019-05-04,US,wansview-cam-wired,dib_without_portability_gate,13,0,0,0,11
2019-05-04,US,washer,dib_without_portability_gate,0,0,0,0,0
2019-05-04,US,wink-hub2,dib_without_portability_gate,0,0,0,0,0
2019-05-04,US,xiaomi-cleaner,dib_without_portability_gate,1,0,0,0,0
2019-05-04,US,xiaomi-hub,dib_without_portability_gate,37,0,0,0,4
2019-05-04,US,xiaomi-ricecooker,dib_without_portability_gate,0,0,0,0,0
2019-05-04,US,xiaomi-strip,dib_without_portability_gate,0,0,0,0,0
2019-05-04,US,yi-camera,dib_without_portability_gate,6,0,0,0,0
2019-05-04,US,zmodo-doorbell,dib_without_portability_gate,0,0,0,0,0
2019-05-04,UK,allure-speaker,dib,0,0,0,0,0
2019-05-04,UK,appletv,dib,55,0,0,0,55
2019-05-04,UK,blink-camera,dib,0,0,0,0,0
2019-05-04,UK,blink-security-hub,dib,8,0,0,0,7
2019-05-04,UK,bosiwo-camera-wifi,dib,0,0,0,0,0
2019-05-04,UK,bosiwo-camera-wired,dib,0,0,0,0,0
2019-05-04,UK,charger-camera,dib,0,0,0,0,0
2019-05-04,UK,echodot,dib,29,0,0,0,29
2019-05-04,UK,echoplus,dib,36,0,0,0,36
2019-05-04,UK,echospot,dib,56,1,0,0,56
2019-05-04,UK,firetv,dib,80,0,0,0,80
2019-05-04,UK,google-home,dib,0,0,0,0,0
2019-05-04,UK,google-home-mini,dib,30,0,0,0,30
2019-05-04,UK,honeywell-thermostat,dib,0,0,0,0,0
2019-05-04,UK,insteon-hub,dib,1,0,0,0,1
2019-05-04,UK,lightify-hub,dib,0,0,0,0,0
2019-05-04,UK,magichome-strip,dib,0,0,0,0,0
2019-05-04,UK,nest-tstat,dib,15,0,0,0,14
2019-05-04,UK,netatmo-weather,dib,0,0,0,0,0
2019-05-04,UK,philips-hue,dib,10,0,0,0,6
2019-05-04,UK,ring-doorbell,dib,5,0,0,0,5
2019-05-04,UK,roku-tv,dib,59,0,0,0,58
2019-05-04,UK,samsungtv-wired,dib,36,0,0,0,36
2019-05-04,UK,sengled-hub,dib,0,0,0,0,0
2019-05-04,UK,smarter-coffee-mach,dib,0,0,0,0,0
2019-05-04,UK,smartthings,dib,4,0,0,0,4
2019-05-04,UK,sousvide,dib,0,0,0,0,0
2019-05-04,UK,t-wemo-plug,dib,8,1,0,0,6
2019-05-04,UK,tp-link-plug,dib,21,0,0,0,21
2019-05-04,UK,tplink-bulb,dib,8,0,0,0,8
2019-05-04,UK,tplink-plug2,dib,0,0,0,0,0
2019-05-04,UK,wansview-cam-wired,dib,11,0,0,0,11
2019-05-04,UK,xiaomi-cam2,dib,0,0,0,0,0
2019-05-04,UK,xiaomi-cleaner,dib,0,0,0,0,0
2019-05-04,UK,xiaomi-hub,dib,4,0,0,0,4
2019-05-04,UK,xiaomi-plug,dib,0,0,0,0,0
2019-05-04,UK,yi-camera,dib,0,0,0,0,0
2019-05-04,UK,allure-speaker,pooled_union,46,0,0,0,33
2019-05-04,UK,appletv,pooled_union,154,0,0,0,120
2019-05-04,UK,blink-camera,pooled_union,27,0,0,0,8
2019-05-04,UK,blink-security-hub,pooled_union,63,3,0,0,16
2019-05-04,UK,bosiwo-camera-wifi,pooled_union,3,0,0,0,0
2019-05-04,UK,bosiwo-camera-wired,pooled_union,162,0,0,0,0
2019-05-04,UK,charger-camera,pooled_union,16,0,0,0,4
2019-05-04,UK,echodot,pooled_union,285,31,0,0,58
2019-05-04,UK,echoplus,pooled_union,460,33,0,0,56
2019-05-04,UK,echospot,pooled_union,452,41,0,0,96
2019-05-04,UK,firetv,pooled_union,245,0,0,0,181
2019-05-04,UK,google-home,pooled_union,140,19,0,0,38
2019-05-04,UK,google-home-mini,pooled_union,164,13,0,0,55
2019-05-04,UK,honeywell-thermostat,pooled_union,8,0,0,0,6
2019-05-04,UK,insteon-hub,pooled_union,14,0,0,0,9
2019-05-04,UK,lightify-hub,pooled_union,24,0,0,0,10
2019-05-04,UK,magichome-strip,pooled_union,9,0,0,0,6
2019-05-04,UK,nest-tstat,pooled_union,134,6,0,0,87
2019-05-04,UK,netatmo-weather,pooled_union,4,0,0,0,2
2019-05-04,UK,philips-hue,pooled_union,79,0,0,0,32
2019-05-04,UK,ring-doorbell,pooled_union,756,1,0,0,12
2019-05-04,UK,roku-tv,pooled_union,176,8,0,0,98
2019-05-04,UK,samsungtv-wired,pooled_union,513,0,0,0,344
2019-05-04,UK,sengled-hub,pooled_union,26,0,0,0,12
2019-05-04,UK,smarter-coffee-mach,pooled_union,4,0,0,0,2
2019-05-04,UK,smartthings,pooled_union,41,0,0,0,16
2019-05-04,UK,sousvide,pooled_union,1,0,0,0,0
2019-05-04,UK,t-wemo-plug,pooled_union,83,1,0,0,10
2019-05-04,UK,tp-link-plug,pooled_union,39,1,0,0,25
2019-05-04,UK,tplink-bulb,pooled_union,109,7,0,0,21
2019-05-04,UK,tplink-plug2,pooled_union,12,0,0,0,7
2019-05-04,UK,wansview-cam-wired,pooled_union,795,0,0,0,15
2019-05-04,UK,xiaomi-cam2,pooled_union,233,39,0,0,12
2019-05-04,UK,xiaomi-cleaner,pooled_union,29,0,0,0,17
2019-05-04,UK,xiaomi-hub,pooled_union,49,0,0,0,4
2019-05-04,UK,xiaomi-plug,pooled_union,14,0,0,0,3
2019-05-04,UK,yi-camera,pooled_union,716,0,0,0,12
2019-05-04,UK,allure-speaker,quorum_only,0,0,0,0,0
2019-05-04,UK,appletv,quorum_only,70,0,0,0,67
2019-05-04,UK,blink-camera,quorum_only,0,0,0,0,0
2019-05-04,UK,blink-security-hub,quorum_only,8,0,0,0,7
2019-05-04,UK,bosiwo-camera-wifi,quorum_only,0,0,0,0,0
2019-05-04,UK,bosiwo-camera-wired,quorum_only,0,0,0,0,0
2019-05-04,UK,charger-camera,quorum_only,0,0,0,0,0
2019-05-04,UK,echodot,quorum_only,37,0,0,0,29
2019-05-04,UK,echoplus,quorum_only,88,0,0,0,36
2019-05-04,UK,echospot,quorum_only,105,3,0,0,56
2019-05-04,UK,firetv,quorum_only,88,0,0,0,81
2019-05-04,UK,google-home,quorum_only,0,0,0,0,0
2019-05-04,UK,google-home-mini,quorum_only,60,2,0,0,30
2019-05-04,UK,honeywell-thermostat,quorum_only,0,0,0,0,0
2019-05-04,UK,insteon-hub,quorum_only,1,0,0,0,1
2019-05-04,UK,lightify-hub,quorum_only,1,0,0,0,0
2019-05-04,UK,magichome-strip,quorum_only,0,0,0,0,0
2019-05-04,UK,nest-tstat,quorum_only,18,0,0,0,14
2019-05-04,UK,netatmo-weather,quorum_only,0,0,0,0,0
2019-05-04,UK,philips-hue,quorum_only,30,0,0,0,23
2019-05-04,UK,ring-doorbell,quorum_only,10,0,0,0,5
2019-05-04,UK,roku-tv,quorum_only,66,0,0,0,58
2019-05-04,UK,samsungtv-wired,quorum_only,52,0,0,0,46
2019-05-04,UK,sengled-hub,quorum_only,0,0,0,0,0
2019-05-04,UK,smarter-coffee-mach,quorum_only,0,0,0,0,0
2019-05-04,UK,smartthings,quorum_only,10,0,0,0,7
2019-05-04,UK,sousvide,quorum_only,1,0,0,0,0
2019-05-04,UK,t-wemo-plug,quorum_only,36,1,0,0,6
2019-05-04,UK,tp-link-plug,quorum_only,25,0,0,0,21
2019-05-04,UK,tplink-bulb,quorum_only,37,14,0,0,8
2019-05-04,UK,tplink-plug2,quorum_only,0,0,0,0,0
2019-05-04,UK,wansview-cam-wired,quorum_only,23,0,0,0,11
2019-05-04,UK,xiaomi-cam2,quorum_only,0,0,0,0,0
2019-05-04,UK,xiaomi-cleaner,quorum_only,1,0,0,0,0
2019-05-04,UK,xiaomi-hub,quorum_only,37,0,0,0,4
2019-05-04,UK,xiaomi-plug,quorum_only,0,0,0,0,0
2019-05-04,UK,yi-camera,quorum_only,6,0,0,0,0
2019-05-04,UK,allure-speaker,majority,46,0,0,0,33
2019-05-04,UK,appletv,majority,154,0,0,0,120
2019-05-04,UK,blink-camera,majority,27,0,0,0,8
2019-05-04,UK,blink-security-hub,majority,63,3,0,0,16
2019-05-04,UK,bosiwo-camera-wifi,majority,3,0,0,0,0
2019-05-04,UK,bosiwo-camera-wired,majority,162,0,0,0,0
2019-05-04,UK,charger-camera,majority,16,0,0,0,4
2019-05-04,UK,echodot,majority,285,31,0,0,58
2019-05-04,UK,echoplus,majority,460,33,0,0,56
2019-05-04,UK,echospot,majority,452,41,0,0,96
2019-05-04,UK,firetv,majority,245,0,0,0,181
2019-05-04,UK,google-home,majority,140,19,0,0,38
2019-05-04,UK,google-home-mini,majority,164,13,0,0,55
2019-05-04,UK,honeywell-thermostat,majority,8,0,0,0,6
2019-05-04,UK,insteon-hub,majority,14,0,0,0,9
2019-05-04,UK,lightify-hub,majority,24,0,0,0,10
2019-05-04,UK,magichome-strip,majority,9,0,0,0,6
2019-05-04,UK,nest-tstat,majority,134,6,0,0,87
2019-05-04,UK,netatmo-weather,majority,4,0,0,0,2
2019-05-04,UK,philips-hue,majority,79,0,0,0,32
2019-05-04,UK,ring-doorbell,majority,756,1,0,0,12
2019-05-04,UK,roku-tv,majority,176,8,0,0,98
2019-05-04,UK,samsungtv-wired,majority,513,0,0,0,344
2019-05-04,UK,sengled-hub,majority,26,0,0,0,12
2019-05-04,UK,smarter-coffee-mach,majority,4,0,0,0,2
2019-05-04,UK,smartthings,majority,41,0,0,0,16
2019-05-04,UK,sousvide,majority,1,0,0,0,0
2019-05-04,UK,t-wemo-plug,majority,83,1,0,0,10
2019-05-04,UK,tp-link-plug,majority,39,1,0,0,25
2019-05-04,UK,tplink-bulb,majority,109,7,0,0,21
2019-05-04,UK,tplink-plug2,majority,12,0,0,0,7
2019-05-04,UK,wansview-cam-wired,majority,795,0,0,0,15
2019-05-04,UK,xiaomi-cam2,majority,233,39,0,0,12
2019-05-04,UK,xiaomi-cleaner,majority,29,0,0,0,17
2019-05-04,UK,xiaomi-hub,majority,49,0,0,0,4
2019-05-04,UK,xiaomi-plug,majority,14,0,0,0,3
2019-05-04,UK,yi-camera,majority,716,0,0,0,12
2019-05-04,UK,allure-speaker,dib_without_portability_gate,0,0,0,0,0
2019-05-04,UK,appletv,dib_without_portability_gate,56,0,0,0,55
2019-05-04,UK,blink-camera,dib_without_portability_gate,0,0,0,0,0
2019-05-04,UK,blink-security-hub,dib_without_portability_gate,8,0,0,0,7
2019-05-04,UK,bosiwo-camera-wifi,dib_without_portability_gate,0,0,0,0,0
2019-05-04,UK,bosiwo-camera-wired,dib_without_portability_gate,0,0,0,0,0
2019-05-04,UK,charger-camera,dib_without_portability_gate,0,0,0,0,0
2019-05-04,UK,echodot,dib_without_portability_gate,37,0,0,0,29
2019-05-04,UK,echoplus,dib_without_portability_gate,79,3,0,0,36
2019-05-04,UK,echospot,dib_without_portability_gate,104,3,0,0,56
2019-05-04,UK,firetv,dib_without_portability_gate,87,0,0,0,80
2019-05-04,UK,google-home,dib_without_portability_gate,0,0,0,0,0
2019-05-04,UK,google-home-mini,dib_without_portability_gate,60,2,0,0,30
2019-05-04,UK,honeywell-thermostat,dib_without_portability_gate,0,0,0,0,0
2019-05-04,UK,insteon-hub,dib_without_portability_gate,1,0,0,0,1
2019-05-04,UK,lightify-hub,dib_without_portability_gate,1,0,0,0,0
2019-05-04,UK,magichome-strip,dib_without_portability_gate,0,0,0,0,0
2019-05-04,UK,nest-tstat,dib_without_portability_gate,18,0,0,0,14
2019-05-04,UK,netatmo-weather,dib_without_portability_gate,0,0,0,0,0
2019-05-04,UK,philips-hue,dib_without_portability_gate,13,0,0,0,6
2019-05-04,UK,ring-doorbell,dib_without_portability_gate,10,0,0,0,5
2019-05-04,UK,roku-tv,dib_without_portability_gate,66,0,0,0,58
2019-05-04,UK,samsungtv-wired,dib_without_portability_gate,40,0,0,0,36
2019-05-04,UK,sengled-hub,dib_without_portability_gate,0,0,0,0,0
2019-05-04,UK,smarter-coffee-mach,dib_without_portability_gate,0,0,0,0,0
2019-05-04,UK,smartthings,dib_without_portability_gate,5,0,1,1,4
2019-05-04,UK,sousvide,dib_without_portability_gate,1,0,0,0,0
2019-05-04,UK,t-wemo-plug,dib_without_portability_gate,36,1,0,0,6
2019-05-04,UK,tp-link-plug,dib_without_portability_gate,25,0,0,0,21
2019-05-04,UK,tplink-bulb,dib_without_portability_gate,37,14,0,0,8
2019-05-04,UK,tplink-plug2,dib_without_portability_gate,0,0,0,0,0
2019-05-04,UK,wansview-cam-wired,dib_without_portability_gate,13,0,0,0,11
2019-05-04,UK,xiaomi-cam2,dib_without_portability_gate,0,0,0,0,0
2019-05-04,UK,xiaomi-cleaner,dib_without_portability_gate,1,0,0,0,0
2019-05-04,UK,xiaomi-hub,dib_without_portability_gate,37,0,0,0,4
2019-05-04,UK,xiaomi-plug,dib_without_portability_gate,0,0,0,0,0
2019-05-04,UK,yi-camera,dib_without_portability_gate,6,0,0,0,0
2019-05-05,US,amcrest-cam-wired,dib,0,0,0,0,0
2019-05-05,US,appletv,dib,55,0,0,0,55
2019-05-05,US,blink-camera,dib,0,0,0,0,0
2019-05-05,US,blink-security-hub,dib,8,0,0,0,7
2019-05-05,US,brewer,dib,0,0,0,0,0
2019-05-05,US,bulb1,dib,0,0,0,0,0
2019-05-05,US,cloudcam,dib,0,0,0,0,0
2019-05-05,US,dlink-mov,dib,0,0,0,0,0
2019-05-05,US,dryer,dib,0,0,0,0,0
2019-05-05,US,echodot,dib,29,0,0,0,29
2019-05-05,US,echoplus,dib,38,2,0,0,38
2019-05-05,US,echospot,dib,56,0,0,0,56
2019-05-05,US,firetv,dib,80,0,0,0,80
2019-05-05,US,fridge,dib,0,0,0,0,0
2019-05-05,US,google-home-mini,dib,30,0,0,0,30
2019-05-05,US,google-home-mini2,dib,0,0,0,0,0
2019-05-05,US,ikettle,dib,0,0,0,0,0
2019-05-05,US,insteon-hub,dib,1,0,0,0,1
2019-05-05,US,invoke,dib,0,0,0,0,0
2019-05-05,US,lefun-cam-wired,dib,0,0,0,0,0
2019-05-05,US,lgtv-wired,dib,0,0,0,0,0
2019-05-05,US,lightify-hub,dib,0,0,0,0,0
2019-05-05,US,luohe-spycam,dib,0,0,0,0,0
2019-05-05,US,magichome-strip,dib,0,0,0,0,0
2019-05-05,US,microseven-camera,dib,0,0,0,0,0
2019-05-05,US,microwave,dib,0,0,0,0,0
2019-05-05,US,nest-tstat,dib,15,0,0,0,14
2019-05-05,US,philips-hue,dib,10,0,0,0,6
2019-05-05,US,ring-doorbell,dib,5,0,0,0,5
2019-05-05,US,roku-tv,dib,59,0,0,0,58
2019-05-05,US,samsungtv-wired,dib,36,0,0,0,36
2019-05-05,US,sengled-hub,dib,0,0,0,0,0
2019-05-05,US,smartthings,dib,4,0,0,0,4
2019-05-05,US,sousvide,dib,0,0,0,0,0
2019-05-05,US,t-echodot,dib,0,0,0,0,0
2019-05-05,US,t-smartthings-hub,dib,0,0,0,0,0
2019-05-05,US,t-wemo-plug,dib,10,2,0,0,6
2019-05-05,US,tp-link-plug,dib,21,0,0,0,21
2019-05-05,US,tplink-bulb,dib,8,0,0,0,8
2019-05-05,US,wansview-cam-wired,dib,11,0,0,0,11
2019-05-05,US,washer,dib,0,0,0,0,0
2019-05-05,US,wink-hub2,dib,0,0,0,0,0
2019-05-05,US,xiaomi-cleaner,dib,0,0,0,0,0
2019-05-05,US,xiaomi-hub,dib,4,0,0,0,4
2019-05-05,US,xiaomi-ricecooker,dib,0,0,0,0,0
2019-05-05,US,xiaomi-strip,dib,0,0,0,0,0
2019-05-05,US,yi-camera,dib,0,0,0,0,0
2019-05-05,US,zmodo-doorbell,dib,0,0,0,0,0
2019-05-05,US,amcrest-cam-wired,pooled_union,16898,0,0,0,12
2019-05-05,US,appletv,pooled_union,154,0,0,0,120
2019-05-05,US,blink-camera,pooled_union,27,0,0,0,8
2019-05-05,US,blink-security-hub,pooled_union,66,3,0,0,16
2019-05-05,US,brewer,pooled_union,8,0,0,0,5
2019-05-05,US,bulb1,pooled_union,11,0,0,0,4
2019-05-05,US,cloudcam,pooled_union,55,0,0,0,35
2019-05-05,US,dlink-mov,pooled_union,23,0,0,0,17
2019-05-05,US,dryer,pooled_union,45,0,0,0,32
2019-05-05,US,echodot,pooled_union,311,26,0,0,58
2019-05-05,US,echoplus,pooled_union,483,23,0,0,56
2019-05-05,US,echospot,pooled_union,495,43,0,0,96
2019-05-05,US,firetv,pooled_union,245,0,0,0,181
2019-05-05,US,fridge,pooled_union,252,0,0,0,78
2019-05-05,US,google-home-mini,pooled_union,164,0,0,0,55
2019-05-05,US,google-home-mini2,pooled_union,55,0,0,0,47
2019-05-05,US,ikettle,pooled_union,8,0,0,0,6
2019-05-05,US,insteon-hub,pooled_union,14,0,0,0,9
2019-05-05,US,invoke,pooled_union,58,0,0,0,39
2019-05-05,US,lefun-cam-wired,pooled_union,308,0,0,0,1
2019-05-05,US,lgtv-wired,pooled_union,81,0,0,0,46
2019-05-05,US,lightify-hub,pooled_union,24,0,0,0,10
2019-05-05,US,luohe-spycam,pooled_union,116,0,0,0,8
2019-05-05,US,magichome-strip,pooled_union,9,0,0,0,6
2019-05-05,US,microseven-camera,pooled_union,6,0,0,0,5
2019-05-05,US,microwave,pooled_union,5,0,0,0,4
2019-05-05,US,nest-tstat,pooled_union,142,8,0,0,91
2019-05-05,US,philips-hue,pooled_union,79,0,0,0,32
2019-05-05,US,ring-doorbell,pooled_union,849,93,0,0,12
2019-05-05,US,roku-tv,pooled_union,182,6,0,0,98
2019-05-05,US,samsungtv-wired,pooled_union,513,0,0,0,344
2019-05-05,US,sengled-hub,pooled_union,26,0,0,0,12
2019-05-05,US,smartthings,pooled_union,41,0,0,0,16
2019-05-05,US,sousvide,pooled_union,1,0,0,0,0
2019-05-05,US,t-echodot,pooled_union,58,0,0,0,37
2019-05-05,US,t-smartthings-hub,pooled_union,8,0,0,0,6
2019-05-05,US,t-wemo-plug,pooled_union,90,7,0,0,10
2019-05-05,US,tp-link-plug,pooled_union,41,2,0,0,25
2019-05-05,US,tplink-bulb,pooled_union,112,3,0,0,21
2019-05-05,US,wansview-cam-wired,pooled_union,795,0,0,0,15
2019-05-05,US,washer,pooled_union,42,0,0,0,28
2019-05-05,US,wink-hub2,pooled_union,47,0,0,0,12
2019-05-05,US,xiaomi-cleaner,pooled_union,29,0,0,0,17
2019-05-05,US,xiaomi-hub,pooled_union,49,0,0,0,4
2019-05-05,US,xiaomi-ricecooker,pooled_union,9,0,0,0,4
2019-05-05,US,xiaomi-strip,pooled_union,40,0,0,0,4
2019-05-05,US,yi-camera,pooled_union,810,94,0,0,12
2019-05-05,US,zmodo-doorbell,pooled_union,46,0,0,0,36
2019-05-05,US,amcrest-cam-wired,quorum_only,0,0,0,0,0
2019-05-05,US,appletv,quorum_only,70,0,0,0,67
2019-05-05,US,blink-camera,quorum_only,0,0,0,0,0
2019-05-05,US,blink-security-hub,quorum_only,8,0,0,0,7
2019-05-05,US,brewer,quorum_only,0,0,0,0,0
2019-05-05,US,bulb1,quorum_only,0,0,0,0,0
2019-05-05,US,cloudcam,quorum_only,0,0,0,0,0
2019-05-05,US,dlink-mov,quorum_only,0,0,0,0,0
2019-05-05,US,dryer,quorum_only,0,0,0,0,0
2019-05-05,US,echodot,quorum_only,38,1,0,0,29
2019-05-05,US,echoplus,quorum_only,100,12,0,0,38
2019-05-05,US,echospot,quorum_only,108,3,0,0,56
2019-05-05,US,firetv,quorum_only,88,0,0,0,81
2019-05-05,US,fridge,quorum_only,0,0,0,0,0
2019-05-05,US,google-home-mini,quorum_only,60,0,0,0,30
2019-05-05,US,google-home-mini2,quorum_only,0,0,0,0,0
2019-05-05,US,ikettle,quorum_only,0,0,0,0,0
2019-05-05,US,insteon-hub,quorum_only,1,0,0,0,1
2019-05-05,US,invoke,quorum_only,0,0,0,0,0
2019-05-05,US,lefun-cam-wired,quorum_only,0,0,0,0,0
2019-05-05,US,lgtv-wired,quorum_only,0,0,0,0,0
2019-05-05,US,lightify-hub,quorum_only,1,0,0,0,0
2019-05-05,US,luohe-spycam,quorum_only,0,0,0,0,0
2019-05-05,US,magichome-strip,quorum_only,0,0,0,0,0
2019-05-05,US,microseven-camera,quorum_only,0,0,0,0,0
2019-05-05,US,microwave,quorum_only,0,0,0,0,0
2019-05-05,US,nest-tstat,quorum_only,18,0,0,0,14
2019-05-05,US,philips-hue,quorum_only,30,0,0,0,23
2019-05-05,US,ring-doorbell,quorum_only,10,0,0,0,5
2019-05-05,US,roku-tv,quorum_only,66,0,0,0,58
2019-05-05,US,samsungtv-wired,quorum_only,52,0,0,0,46
2019-05-05,US,sengled-hub,quorum_only,0,0,0,0,0
2019-05-05,US,smartthings,quorum_only,10,0,0,0,7
2019-05-05,US,sousvide,quorum_only,1,0,0,0,0
2019-05-05,US,t-echodot,quorum_only,0,0,0,0,0
2019-05-05,US,t-smartthings-hub,quorum_only,0,0,0,0,0
2019-05-05,US,t-wemo-plug,quorum_only,38,2,0,0,6
2019-05-05,US,tp-link-plug,quorum_only,25,0,0,0,21
2019-05-05,US,tplink-bulb,quorum_only,45,8,0,0,8
2019-05-05,US,wansview-cam-wired,quorum_only,23,0,0,0,11
2019-05-05,US,washer,quorum_only,0,0,0,0,0
2019-05-05,US,wink-hub2,quorum_only,0,0,0,0,0
2019-05-05,US,xiaomi-cleaner,quorum_only,1,0,0,0,0
2019-05-05,US,xiaomi-hub,quorum_only,38,1,0,0,4
2019-05-05,US,xiaomi-ricecooker,quorum_only,0,0,0,0,0
2019-05-05,US,xiaomi-strip,quorum_only,0,0,0,0,0
2019-05-05,US,yi-camera,quorum_only,6,0,0,0,0
2019-05-05,US,zmodo-doorbell,quorum_only,0,0,0,0,0
2019-05-05,US,amcrest-cam-wired,majority,16898,0,0,0,12
2019-05-05,US,appletv,majority,154,0,0,0,120
2019-05-05,US,blink-camera,majority,27,0,0,0,8
2019-05-05,US,blink-security-hub,majority,66,3,0,0,16
2019-05-05,US,brewer,majority,8,0,0,0,5
2019-05-05,US,bulb1,majority,11,0,0,0,4
2019-05-05,US,cloudcam,majority,55,0,0,0,35
2019-05-05,US,dlink-mov,majority,23,0,0,0,17
2019-05-05,US,dryer,majority,45,0,0,0,32
2019-05-05,US,echodot,majority,311,26,0,0,58
2019-05-05,US,echoplus,majority,483,23,0,0,56
2019-05-05,US,echospot,majority,495,43,0,0,96
2019-05-05,US,firetv,majority,245,0,0,0,181
2019-05-05,US,fridge,majority,252,0,0,0,78
2019-05-05,US,google-home-mini,majority,164,0,0,0,55
2019-05-05,US,google-home-mini2,majority,55,0,0,0,47
2019-05-05,US,ikettle,majority,8,0,0,0,6
2019-05-05,US,insteon-hub,majority,14,0,0,0,9
2019-05-05,US,invoke,majority,58,0,0,0,39
2019-05-05,US,lefun-cam-wired,majority,308,0,0,0,1
2019-05-05,US,lgtv-wired,majority,81,0,0,0,46
2019-05-05,US,lightify-hub,majority,24,0,0,0,10
2019-05-05,US,luohe-spycam,majority,116,0,0,0,8
2019-05-05,US,magichome-strip,majority,9,0,0,0,6
2019-05-05,US,microseven-camera,majority,6,0,0,0,5
2019-05-05,US,microwave,majority,5,0,0,0,4
2019-05-05,US,nest-tstat,majority,142,8,0,0,91
2019-05-05,US,philips-hue,majority,79,0,0,0,32
2019-05-05,US,ring-doorbell,majority,849,93,0,0,12
2019-05-05,US,roku-tv,majority,182,6,0,0,98
2019-05-05,US,samsungtv-wired,majority,513,0,0,0,344
2019-05-05,US,sengled-hub,majority,26,0,0,0,12
2019-05-05,US,smartthings,majority,41,0,0,0,16
2019-05-05,US,sousvide,majority,1,0,0,0,0
2019-05-05,US,t-echodot,majority,58,0,0,0,37
2019-05-05,US,t-smartthings-hub,majority,8,0,0,0,6
2019-05-05,US,t-wemo-plug,majority,90,7,0,0,10
2019-05-05,US,tp-link-plug,majority,41,2,0,0,25
2019-05-05,US,tplink-bulb,majority,112,3,0,0,21
2019-05-05,US,wansview-cam-wired,majority,795,0,0,0,15
2019-05-05,US,washer,majority,42,0,0,0,28
2019-05-05,US,wink-hub2,majority,47,0,0,0,12
2019-05-05,US,xiaomi-cleaner,majority,29,0,0,0,17
2019-05-05,US,xiaomi-hub,majority,49,0,0,0,4
2019-05-05,US,xiaomi-ricecooker,majority,9,0,0,0,4
2019-05-05,US,xiaomi-strip,majority,40,0,0,0,4
2019-05-05,US,yi-camera,majority,810,94,0,0,12
2019-05-05,US,zmodo-doorbell,majority,46,0,0,0,36
2019-05-05,US,amcrest-cam-wired,dib_without_portability_gate,0,0,0,0,0
2019-05-05,US,appletv,dib_without_portability_gate,56,0,0,0,55
2019-05-05,US,blink-camera,dib_without_portability_gate,0,0,0,0,0
2019-05-05,US,blink-security-hub,dib_without_portability_gate,8,0,0,0,7
2019-05-05,US,brewer,dib_without_portability_gate,0,0,0,0,0
2019-05-05,US,bulb1,dib_without_portability_gate,0,0,0,0,0
2019-05-05,US,cloudcam,dib_without_portability_gate,0,0,0,0,0
2019-05-05,US,dlink-mov,dib_without_portability_gate,0,0,0,0,0
2019-05-05,US,dryer,dib_without_portability_gate,0,0,0,0,0
2019-05-05,US,echodot,dib_without_portability_gate,38,1,0,0,29
2019-05-05,US,echoplus,dib_without_portability_gate,91,12,0,0,38
2019-05-05,US,echospot,dib_without_portability_gate,107,3,0,0,56
2019-05-05,US,firetv,dib_without_portability_gate,87,0,0,0,80
2019-05-05,US,fridge,dib_without_portability_gate,0,0,0,0,0
2019-05-05,US,google-home-mini,dib_without_portability_gate,60,0,0,0,30
2019-05-05,US,google-home-mini2,dib_without_portability_gate,0,0,0,0,0
2019-05-05,US,ikettle,dib_without_portability_gate,0,0,0,0,0
2019-05-05,US,insteon-hub,dib_without_portability_gate,1,0,0,0,1
2019-05-05,US,invoke,dib_without_portability_gate,0,0,0,0,0
2019-05-05,US,lefun-cam-wired,dib_without_portability_gate,0,0,0,0,0
2019-05-05,US,lgtv-wired,dib_without_portability_gate,0,0,0,0,0
2019-05-05,US,lightify-hub,dib_without_portability_gate,1,0,0,0,0
2019-05-05,US,luohe-spycam,dib_without_portability_gate,0,0,0,0,0
2019-05-05,US,magichome-strip,dib_without_portability_gate,0,0,0,0,0
2019-05-05,US,microseven-camera,dib_without_portability_gate,0,0,0,0,0
2019-05-05,US,microwave,dib_without_portability_gate,0,0,0,0,0
2019-05-05,US,nest-tstat,dib_without_portability_gate,18,0,0,0,14
2019-05-05,US,philips-hue,dib_without_portability_gate,13,0,0,0,6
2019-05-05,US,ring-doorbell,dib_without_portability_gate,10,0,0,0,5
2019-05-05,US,roku-tv,dib_without_portability_gate,66,0,0,0,58
2019-05-05,US,samsungtv-wired,dib_without_portability_gate,40,0,0,0,36
2019-05-05,US,sengled-hub,dib_without_portability_gate,0,0,0,0,0
2019-05-05,US,smartthings,dib_without_portability_gate,5,0,0,0,4
2019-05-05,US,sousvide,dib_without_portability_gate,1,0,0,0,0
2019-05-05,US,t-echodot,dib_without_portability_gate,0,0,0,0,0
2019-05-05,US,t-smartthings-hub,dib_without_portability_gate,0,0,0,0,0
2019-05-05,US,t-wemo-plug,dib_without_portability_gate,38,2,0,0,6
2019-05-05,US,tp-link-plug,dib_without_portability_gate,25,0,0,0,21
2019-05-05,US,tplink-bulb,dib_without_portability_gate,45,8,0,0,8
2019-05-05,US,wansview-cam-wired,dib_without_portability_gate,13,0,0,0,11
2019-05-05,US,washer,dib_without_portability_gate,0,0,0,0,0
2019-05-05,US,wink-hub2,dib_without_portability_gate,0,0,0,0,0
2019-05-05,US,xiaomi-cleaner,dib_without_portability_gate,1,0,0,0,0
2019-05-05,US,xiaomi-hub,dib_without_portability_gate,38,1,0,0,4
2019-05-05,US,xiaomi-ricecooker,dib_without_portability_gate,0,0,0,0,0
2019-05-05,US,xiaomi-strip,dib_without_portability_gate,0,0,0,0,0
2019-05-05,US,yi-camera,dib_without_portability_gate,6,0,0,0,0
2019-05-05,US,zmodo-doorbell,dib_without_portability_gate,0,0,0,0,0
2019-05-05,UK,allure-speaker,dib,0,0,0,0,0
2019-05-05,UK,appletv,dib,55,0,0,0,55
2019-05-05,UK,blink-camera,dib,0,0,0,0,0
2019-05-05,UK,blink-security-hub,dib,8,0,0,0,7
2019-05-05,UK,bosiwo-camera-wifi,dib,0,0,0,0,0
2019-05-05,UK,bosiwo-camera-wired,dib,0,0,0,0,0
2019-05-05,UK,charger-camera,dib,0,0,0,0,0
2019-05-05,UK,echodot,dib,29,0,0,0,29
2019-05-05,UK,echoplus,dib,38,2,0,0,38
2019-05-05,UK,echospot,dib,56,0,0,0,56
2019-05-05,UK,firetv,dib,80,0,0,0,80
2019-05-05,UK,google-home,dib,0,0,0,0,0
2019-05-05,UK,google-home-mini,dib,30,0,0,0,30
2019-05-05,UK,honeywell-thermostat,dib,0,0,0,0,0
2019-05-05,UK,insteon-hub,dib,1,0,0,0,1
2019-05-05,UK,lightify-hub,dib,0,0,0,0,0
2019-05-05,UK,magichome-strip,dib,0,0,0,0,0
2019-05-05,UK,nest-tstat,dib,15,0,0,0,14
2019-05-05,UK,netatmo-weather,dib,0,0,0,0,0
2019-05-05,UK,philips-hue,dib,10,0,0,0,6
2019-05-05,UK,ring-doorbell,dib,5,0,0,0,5
2019-05-05,UK,roku-tv,dib,59,0,0,0,58
2019-05-05,UK,samsungtv-wired,dib,36,0,0,0,36
2019-05-05,UK,sengled-hub,dib,0,0,0,0,0
2019-05-05,UK,smarter-coffee-mach,dib,0,0,0,0,0
2019-05-05,UK,smartthings,dib,4,0,0,0,4
2019-05-05,UK,sousvide,dib,0,0,0,0,0
2019-05-05,UK,t-wemo-plug,dib,10,2,0,0,6
2019-05-05,UK,tp-link-plug,dib,21,0,0,0,21
2019-05-05,UK,tplink-bulb,dib,8,0,0,0,8
2019-05-05,UK,tplink-plug2,dib,0,0,0,0,0
2019-05-05,UK,wansview-cam-wired,dib,11,0,0,0,11
2019-05-05,UK,xiaomi-cam2,dib,0,0,0,0,0
2019-05-05,UK,xiaomi-cleaner,dib,0,0,0,0,0
2019-05-05,UK,xiaomi-hub,dib,4,0,0,0,4
2019-05-05,UK,xiaomi-plug,dib,0,0,0,0,0
2019-05-05,UK,yi-camera,dib,0,0,0,0,0
2019-05-05,UK,allure-speaker,pooled_union,46,0,0,0,33
2019-05-05,UK,appletv,pooled_union,154,0,0,0,120
2019-05-05,UK,blink-camera,pooled_union,27,0,0,0,8
2019-05-05,UK,blink-security-hub,pooled_union,66,3,0,0,16
2019-05-05,UK,bosiwo-camera-wifi,pooled_union,3,0,0,0,0
2019-05-05,UK,bosiwo-camera-wired,pooled_union,162,0,0,0,0
2019-05-05,UK,charger-camera,pooled_union,16,0,0,0,4
2019-05-05,UK,echodot,pooled_union,311,26,0,0,58
2019-05-05,UK,echoplus,pooled_union,483,23,0,0,56
2019-05-05,UK,echospot,pooled_union,495,43,0,0,96
2019-05-05,UK,firetv,pooled_union,245,0,0,0,181
2019-05-05,UK,google-home,pooled_union,140,0,0,0,38
2019-05-05,UK,google-home-mini,pooled_union,164,0,0,0,55
2019-05-05,UK,honeywell-thermostat,pooled_union,8,0,0,0,6
2019-05-05,UK,insteon-hub,pooled_union,14,0,0,0,9
2019-05-05,UK,lightify-hub,pooled_union,24,0,0,0,10
2019-05-05,UK,magichome-strip,pooled_union,9,0,0,0,6
2019-05-05,UK,nest-tstat,pooled_union,142,8,0,0,91
2019-05-05,UK,netatmo-weather,pooled_union,4,0,0,0,2
2019-05-05,UK,philips-hue,pooled_union,79,0,0,0,32
2019-05-05,UK,ring-doorbell,pooled_union,849,93,0,0,12
2019-05-05,UK,roku-tv,pooled_union,182,6,0,0,98
2019-05-05,UK,samsungtv-wired,pooled_union,513,0,0,0,344
2019-05-05,UK,sengled-hub,pooled_union,26,0,0,0,12
2019-05-05,UK,smarter-coffee-mach,pooled_union,4,0,0,0,2
2019-05-05,UK,smartthings,pooled_union,41,0,0,0,16
2019-05-05,UK,sousvide,pooled_union,1,0,0,0,0
2019-05-05,UK,t-wemo-plug,pooled_union,90,7,0,0,10
2019-05-05,UK,tp-link-plug,pooled_union,41,2,0,0,25
2019-05-05,UK,tplink-bulb,pooled_union,112,3,0,0,21
2019-05-05,UK,tplink-plug2,pooled_union,12,0,0,0,7
2019-05-05,UK,wansview-cam-wired,pooled_union,795,0,0,0,15
2019-05-05,UK,xiaomi-cam2,pooled_union,324,91,0,0,12
2019-05-05,UK,xiaomi-cleaner,pooled_union,29,0,0,0,17
2019-05-05,UK,xiaomi-hub,pooled_union,49,0,0,0,4
2019-05-05,UK,xiaomi-plug,pooled_union,14,0,0,0,3
2019-05-05,UK,yi-camera,pooled_union,810,94,0,0,12
2019-05-05,UK,allure-speaker,quorum_only,0,0,0,0,0
2019-05-05,UK,appletv,quorum_only,70,0,0,0,67
2019-05-05,UK,blink-camera,quorum_only,0,0,0,0,0
2019-05-05,UK,blink-security-hub,quorum_only,8,0,0,0,7
2019-05-05,UK,bosiwo-camera-wifi,quorum_only,0,0,0,0,0
2019-05-05,UK,bosiwo-camera-wired,quorum_only,0,0,0,0,0
2019-05-05,UK,charger-camera,quorum_only,0,0,0,0,0
2019-05-05,UK,echodot,quorum_only,38,1,0,0,29
2019-05-05,UK,echoplus,quorum_only,100,12,0,0,38
2019-05-05,UK,echospot,quorum_only,108,3,0,0,56
2019-05-05,UK,firetv,quorum_only,88,0,0,0,81
2019-05-05,UK,google-home,quorum_only,0,0,0,0,0
2019-05-05,UK,google-home-mini,quorum_only,60,0,0,0,30
2019-05-05,UK,honeywell-thermostat,quorum_only,0,0,0,0,0
2019-05-05,UK,insteon-hub,quorum_only,1,0,0,0,1
2019-05-05,UK,lightify-hub,quorum_only,1,0,0,0,0
2019-05-05,UK,magichome-strip,quorum_only,0,0,0,0,0
2019-05-05,UK,nest-tstat,quorum_only,18,0,0,0,14
2019-05-05,UK,netatmo-weather,quorum_only,0,0,0,0,0
2019-05-05,UK,philips-hue,quorum_only,30,0,0,0,23
2019-05-05,UK,ring-doorbell,quorum_only,10,0,0,0,5
2019-05-05,UK,roku-tv,quorum_only,66,0,0,0,58
2019-05-05,UK,samsungtv-wired,quorum_only,52,0,0,0,46
2019-05-05,UK,sengled-hub,quorum_only,0,0,0,0,0
2019-05-05,UK,smarter-coffee-mach,quorum_only,0,0,0,0,0
2019-05-05,UK,smartthings,quorum_only,10,0,0,0,7
2019-05-05,UK,sousvide,quorum_only,1,0,0,0,0
2019-05-05,UK,t-wemo-plug,quorum_only,38,2,0,0,6
2019-05-05,UK,tp-link-plug,quorum_only,25,0,0,0,21
2019-05-05,UK,tplink-bulb,quorum_only,45,8,0,0,8
2019-05-05,UK,tplink-plug2,quorum_only,0,0,0,0,0
2019-05-05,UK,wansview-cam-wired,quorum_only,23,0,0,0,11
2019-05-05,UK,xiaomi-cam2,quorum_only,0,0,0,0,0
2019-05-05,UK,xiaomi-cleaner,quorum_only,1,0,0,0,0
2019-05-05,UK,xiaomi-hub,quorum_only,38,1,0,0,4
2019-05-05,UK,xiaomi-plug,quorum_only,0,0,0,0,0
2019-05-05,UK,yi-camera,quorum_only,6,0,0,0,0
2019-05-05,UK,allure-speaker,majority,46,0,0,0,33
2019-05-05,UK,appletv,majority,154,0,0,0,120
2019-05-05,UK,blink-camera,majority,27,0,0,0,8
2019-05-05,UK,blink-security-hub,majority,66,3,0,0,16
2019-05-05,UK,bosiwo-camera-wifi,majority,3,0,0,0,0
2019-05-05,UK,bosiwo-camera-wired,majority,162,0,0,0,0
2019-05-05,UK,charger-camera,majority,16,0,0,0,4
2019-05-05,UK,echodot,majority,311,26,0,0,58
2019-05-05,UK,echoplus,majority,483,23,0,0,56
2019-05-05,UK,echospot,majority,495,43,0,0,96
2019-05-05,UK,firetv,majority,245,0,0,0,181
2019-05-05,UK,google-home,majority,140,0,0,0,38
2019-05-05,UK,google-home-mini,majority,164,0,0,0,55
2019-05-05,UK,honeywell-thermostat,majority,8,0,0,0,6
2019-05-05,UK,insteon-hub,majority,14,0,0,0,9
2019-05-05,UK,lightify-hub,majority,24,0,0,0,10
2019-05-05,UK,magichome-strip,majority,9,0,0,0,6
2019-05-05,UK,nest-tstat,majority,142,8,0,0,91
2019-05-05,UK,netatmo-weather,majority,4,0,0,0,2
2019-05-05,UK,philips-hue,majority,79,0,0,0,32
2019-05-05,UK,ring-doorbell,majority,849,93,0,0,12
2019-05-05,UK,roku-tv,majority,182,6,0,0,98
2019-05-05,UK,samsungtv-wired,majority,513,0,0,0,344
2019-05-05,UK,sengled-hub,majority,26,0,0,0,12
2019-05-05,UK,smarter-coffee-mach,majority,4,0,0,0,2
2019-05-05,UK,smartthings,majority,41,0,0,0,16
2019-05-05,UK,sousvide,majority,1,0,0,0,0
2019-05-05,UK,t-wemo-plug,majority,90,7,0,0,10
2019-05-05,UK,tp-link-plug,majority,41,2,0,0,25
2019-05-05,UK,tplink-bulb,majority,112,3,0,0,21
2019-05-05,UK,tplink-plug2,majority,12,0,0,0,7
2019-05-05,UK,wansview-cam-wired,majority,795,0,0,0,15
2019-05-05,UK,xiaomi-cam2,majority,324,91,0,0,12
2019-05-05,UK,xiaomi-cleaner,majority,29,0,0,0,17
2019-05-05,UK,xiaomi-hub,majority,49,0,0,0,4
2019-05-05,UK,xiaomi-plug,majority,14,0,0,0,3
2019-05-05,UK,yi-camera,majority,810,94,0,0,12
2019-05-05,UK,allure-speaker,dib_without_portability_gate,0,0,0,0,0
2019-05-05,UK,appletv,dib_without_portability_gate,56,0,0,0,55
2019-05-05,UK,blink-camera,dib_without_portability_gate,0,0,0,0,0
2019-05-05,UK,blink-security-hub,dib_without_portability_gate,8,0,0,0,7
2019-05-05,UK,bosiwo-camera-wifi,dib_without_portability_gate,0,0,0,0,0
2019-05-05,UK,bosiwo-camera-wired,dib_without_portability_gate,0,0,0,0,0
2019-05-05,UK,charger-camera,dib_without_portability_gate,0,0,0,0,0
2019-05-05,UK,echodot,dib_without_portability_gate,38,1,0,0,29
2019-05-05,UK,echoplus,dib_without_portability_gate,91,12,0,0,38
2019-05-05,UK,echospot,dib_without_portability_gate,107,3,0,0,56
2019-05-05,UK,firetv,dib_without_portability_gate,87,0,0,0,80
2019-05-05,UK,google-home,dib_without_portability_gate,0,0,0,0,0
2019-05-05,UK,google-home-mini,dib_without_portability_gate,60,0,0,0,30
2019-05-05,UK,honeywell-thermostat,dib_without_portability_gate,0,0,0,0,0
2019-05-05,UK,insteon-hub,dib_without_portability_gate,1,0,0,0,1
2019-05-05,UK,lightify-hub,dib_without_portability_gate,1,0,0,0,0
2019-05-05,UK,magichome-strip,dib_without_portability_gate,0,0,0,0,0
2019-05-05,UK,nest-tstat,dib_without_portability_gate,18,0,0,0,14
2019-05-05,UK,netatmo-weather,dib_without_portability_gate,0,0,0,0,0
2019-05-05,UK,philips-hue,dib_without_portability_gate,13,0,0,0,6
2019-05-05,UK,ring-doorbell,dib_without_portability_gate,10,0,0,0,5
2019-05-05,UK,roku-tv,dib_without_portability_gate,66,0,0,0,58
2019-05-05,UK,samsungtv-wired,dib_without_portability_gate,40,0,0,0,36
2019-05-05,UK,sengled-hub,dib_without_portability_gate,0,0,0,0,0
2019-05-05,UK,smarter-coffee-mach,dib_without_portability_gate,0,0,0,0,0
2019-05-05,UK,smartthings,dib_without_portability_gate,5,0,0,0,4
2019-05-05,UK,sousvide,dib_without_portability_gate,1,0,0,0,0
2019-05-05,UK,t-wemo-plug,dib_without_portability_gate,38,2,0,0,6
2019-05-05,UK,tp-link-plug,dib_without_portability_gate,25,0,0,0,21
2019-05-05,UK,tplink-bulb,dib_without_portability_gate,45,8,0,0,8
2019-05-05,UK,tplink-plug2,dib_without_portability_gate,0,0,0,0,0
2019-05-05,UK,wansview-cam-wired,dib_without_portability_gate,13,0,0,0,11
2019-05-05,UK,xiaomi-cam2,dib_without_portability_gate,0,0,0,0,0
2019-05-05,UK,xiaomi-cleaner,dib_without_portability_gate,1,0,0,0,0
2019-05-05,UK,xiaomi-hub,dib_without_portability_gate,38,1,0,0,4
2019-05-05,UK,xiaomi-plug,dib_without_portability_gate,0,0,0,0,0
2019-05-05,UK,yi-camera,dib_without_portability_gate,6,0,0,0,0
2019-05-06,US,amcrest-cam-wired,dib,0,0,0,0,0
2019-05-06,US,appletv,dib,55,0,0,0,55
2019-05-06,US,blink-camera,dib,0,0,0,0,0
2019-05-06,US,blink-security-hub,dib,7,0,1,1,6
2019-05-06,US,brewer,dib,0,0,0,0,0
2019-05-06,US,bulb1,dib,0,0,0,0,0
2019-05-06,US,cloudcam,dib,0,0,0,0,0
2019-05-06,US,dlink-mov,dib,0,0,0,0,0
2019-05-06,US,dryer,dib,0,0,0,0,0
2019-05-06,US,echodot,dib,28,0,1,1,28
2019-05-06,US,echoplus,dib,33,0,5,5,33
2019-05-06,US,echospot,dib,51,0,5,5,51
2019-05-06,US,firetv,dib,80,0,0,0,80
2019-05-06,US,fridge,dib,0,0,0,0,0
2019-05-06,US,google-home-mini,dib,30,0,0,0,30
2019-05-06,US,google-home-mini2,dib,0,0,0,0,0
2019-05-06,US,ikettle,dib,0,0,0,0,0
2019-05-06,US,insteon-hub,dib,1,0,0,0,1
2019-05-06,US,invoke,dib,0,0,0,0,0
2019-05-06,US,lefun-cam-wired,dib,0,0,0,0,0
2019-05-06,US,lgtv-wired,dib,0,0,0,0,0
2019-05-06,US,lightify-hub,dib,0,0,0,0,0
2019-05-06,US,luohe-spycam,dib,0,0,0,0,0
2019-05-06,US,magichome-strip,dib,0,0,0,0,0
2019-05-06,US,microseven-camera,dib,0,0,0,0,0
2019-05-06,US,microwave,dib,0,0,0,0,0
2019-05-06,US,nest-tstat,dib,11,0,4,4,10
2019-05-06,US,philips-hue,dib,10,0,0,0,6
2019-05-06,US,ring-doorbell,dib,5,0,0,0,5
2019-05-06,US,roku-tv,dib,57,0,2,2,56
2019-05-06,US,samsungtv-wired,dib,36,0,0,0,36
2019-05-06,US,sengled-hub,dib,0,0,0,0,0
2019-05-06,US,smartthings,dib,4,0,0,0,4
2019-05-06,US,sousvide,dib,0,0,0,0,0
2019-05-06,US,t-echodot,dib,0,0,0,0,0
2019-05-06,US,t-smartthings-hub,dib,0,0,0,0,0
2019-05-06,US,t-wemo-plug,dib,9,0,1,1,6
2019-05-06,US,tp-link-plug,dib,21,0,0,0,21
2019-05-06,US,tplink-bulb,dib,8,0,0,0,8
2019-05-06,US,wansview-cam-wired,dib,11,0,0,0,11
2019-05-06,US,washer,dib,0,0,0,0,0
2019-05-06,US,wink-hub2,dib,0,0,0,0,0
2019-05-06,US,xiaomi-cleaner,dib,0,0,0,0,0
2019-05-06,US,xiaomi-hub,dib,4,0,0,0,4
2019-05-06,US,xiaomi-ricecooker,dib,0,0,0,0,0
2019-05-06,US,xiaomi-strip,dib,0,0,0,0,0
2019-05-06,US,yi-camera,dib,0,0,0,0,0
2019-05-06,US,zmodo-doorbell,dib,0,0,0,0,0
2019-05-06,US,amcrest-cam-wired,pooled_union,16898,0,0,0,12
2019-05-06,US,appletv,pooled_union,154,0,0,0,120
2019-05-06,US,blink-camera,pooled_union,27,0,0,0,8
2019-05-06,US,blink-security-hub,pooled_union,66,0,0,0,16
2019-05-06,US,brewer,pooled_union,8,0,0,0,5
2019-05-06,US,bulb1,pooled_union,11,0,0,0,4
2019-05-06,US,cloudcam,pooled_union,55,0,0,0,35
2019-05-06,US,dlink-mov,pooled_union,23,0,0,0,17
2019-05-06,US,dryer,pooled_union,45,0,0,0,32
2019-05-06,US,echodot,pooled_union,327,16,0,0,58
2019-05-06,US,echoplus,pooled_union,502,19,0,0,56
2019-05-06,US,echospot,pooled_union,512,17,0,0,96
2019-05-06,US,firetv,pooled_union,245,0,0,0,181
2019-05-06,US,fridge,pooled_union,252,0,0,0,78
2019-05-06,US,google-home-mini,pooled_union,164,0,0,0,55
2019-05-06,US,google-home-mini2,pooled_union,55,0,0,0,47
2019-05-06,US,ikettle,pooled_union,8,0,0,0,6
2019-05-06,US,insteon-hub,pooled_union,14,0,0,0,9
2019-05-06,US,invoke,pooled_union,58,0,0,0,39
2019-05-06,US,lefun-cam-wired,pooled_union,308,0,0,0,1
2019-05-06,US,lgtv-wired,pooled_union,81,0,0,0,46
2019-05-06,US,lightify-hub,pooled_union,24,0,0,0,10
2019-05-06,US,luohe-spycam,pooled_union,116,0,0,0,8
2019-05-06,US,magichome-strip,pooled_union,9,0,0,0,6
2019-05-06,US,microseven-camera,pooled_union,6,0,0,0,5
2019-05-06,US,microwave,pooled_union,5,0,0,0,4
2019-05-06,US,nest-tstat,pooled_union,145,3,0,0,93
2019-05-06,US,philips-hue,pooled_union,79,0,0,0,32
2019-05-06,US,ring-doorbell,pooled_union,897,48,0,0,12
2019-05-06,US,roku-tv,pooled_union,183,1,0,0,98
2019-05-06,US,samsungtv-wired,pooled_union,513,0,0,0,344
2019-05-06,US,sengled-hub,pooled_union,26,0,0,0,12
2019-05-06,US,smartthings,pooled_union,41,0,0,0,16
2019-05-06,US,sousvide,pooled_union,1,0,0,0,0
2019-05-06,US,t-echodot,pooled_union,58,0,0,0,37
2019-05-06,US,t-smartthings-hub,pooled_union,8,0,0,0,6
2019-05-06,US,t-wemo-plug,pooled_union,90,0,0,0,10
2019-05-06,US,tp-link-plug,pooled_union,41,0,0,0,25
2019-05-06,US,tplink-bulb,pooled_union,112,0,0,0,21
2019-05-06,US,wansview-cam-wired,pooled_union,795,0,0,0,15
2019-05-06,US,washer,pooled_union,42,0,0,0,28
2019-05-06,US,wink-hub2,pooled_union,47,0,0,0,12
2019-05-06,US,xiaomi-cleaner,pooled_union,29,0,0,0,17
2019-05-06,US,xiaomi-hub,pooled_union,49,0,0,0,4
2019-05-06,US,xiaomi-ricecooker,pooled_union,9,0,0,0,4
2019-05-06,US,xiaomi-strip,pooled_union,40,0,0,0,4
2019-05-06,US,yi-camera,pooled_union,888,78,0,0,12
2019-05-06,US,zmodo-doorbell,pooled_union,46,0,0,0,36
2019-05-06,US,amcrest-cam-wired,quorum_only,0,0,0,0,0
2019-05-06,US,appletv,quorum_only,70,0,0,0,67
2019-05-06,US,blink-camera,quorum_only,0,0,0,0,0
2019-05-06,US,blink-security-hub,quorum_only,8,0,0,0,7
2019-05-06,US,brewer,quorum_only,0,0,0,0,0
2019-05-06,US,bulb1,quorum_only,0,0,0,0,0
2019-05-06,US,cloudcam,quorum_only,0,0,0,0,0
2019-05-06,US,dlink-mov,quorum_only,0,0,0,0,0
2019-05-06,US,dryer,quorum_only,0,0,0,0,0
2019-05-06,US,echodot,quorum_only,39,1,0,0,29
2019-05-06,US,echoplus,quorum_only,100,0,0,0,38
2019-05-06,US,echospot,quorum_only,108,0,0,0,56
2019-05-06,US,firetv,quorum_only,88,0,0,0,81
2019-05-06,US,fridge,quorum_only,0,0,0,0,0
2019-05-06,US,google-home-mini,quorum_only,60,0,0,0,30
2019-05-06,US,google-home-mini2,quorum_only,0,0,0,0,0
2019-05-06,US,ikettle,quorum_only,0,0,0,0,0
2019-05-06,US,insteon-hub,quorum_only,1,0,0,0,1
2019-05-06,US,invoke,quorum_only,0,0,0,0,0
2019-05-06,US,lefun-cam-wired,quorum_only,0,0,0,0,0
2019-05-06,US,lgtv-wired,quorum_only,0,0,0,0,0
2019-05-06,US,lightify-hub,quorum_only,1,0,0,0,0
2019-05-06,US,luohe-spycam,quorum_only,0,0,0,0,0
2019-05-06,US,magichome-strip,quorum_only,0,0,0,0,0
2019-05-06,US,microseven-camera,quorum_only,0,0,0,0,0
2019-05-06,US,microwave,quorum_only,0,0,0,0,0
2019-05-06,US,nest-tstat,quorum_only,18,0,0,0,14
2019-05-06,US,philips-hue,quorum_only,30,0,0,0,23
2019-05-06,US,ring-doorbell,quorum_only,10,0,0,0,5
2019-05-06,US,roku-tv,quorum_only,66,0,0,0,58
2019-05-06,US,samsungtv-wired,quorum_only,52,0,0,0,46
2019-05-06,US,sengled-hub,quorum_only,0,0,0,0,0
2019-05-06,US,smartthings,quorum_only,10,0,0,0,7
2019-05-06,US,sousvide,quorum_only,1,0,0,0,0
2019-05-06,US,t-echodot,quorum_only,0,0,0,0,0
2019-05-06,US,t-smartthings-hub,quorum_only,0,0,0,0,0
2019-05-06,US,t-wemo-plug,quorum_only,38,0,0,0,6
2019-05-06,US,tp-link-plug,quorum_only,25,0,0,0,21
2019-05-06,US,tplink-bulb,quorum_only,45,0,0,0,8
2019-05-06,US,wansview-cam-wired,quorum_only,23,0,0,0,11
2019-05-06,US,washer,quorum_only,0,0,0,0,0
2019-05-06,US,wink-hub2,quorum_only,0,0,0,0,0
2019-05-06,US,xiaomi-cleaner,quorum_only,1,0,0,0,0
2019-05-06,US,xiaomi-hub,quorum_only,38,0,0,0,4
2019-05-06,US,xiaomi-ricecooker,quorum_only,0,0,0,0,0
2019-05-06,US,xiaomi-strip,quorum_only,0,0,0,0,0
2019-05-06,US,yi-camera,quorum_only,7,1,0,0,0
2019-05-06,US,zmodo-doorbell,quorum_only,0,0,0,0,0
2019-05-06,US,amcrest-cam-wired,majority,16898,0,0,0,12
2019-05-06,US,appletv,majority,154,0,0,0,120
2019-05-06,US,blink-camera,majority,27,0,0,0,8
2019-05-06,US,blink-security-hub,majority,66,0,0,0,16
2019-05-06,US,brewer,majority,8,0,0,0,5
2019-05-06,US,bulb1,majority,11,0,0,0,4
2019-05-06,US,cloudcam,majority,55,0,0,0,35
2019-05-06,US,dlink-mov,majority,23,0,0,0,17
2019-05-06,US,dryer,majority,45,0,0,0,32
2019-05-06,US,echodot,majority,327,16,0,0,58
2019-05-06,US,echoplus,majority,502,19,0,0,56
2019-05-06,US,echospot,majority,512,17,0,0,96
2019-05-06,US,firetv,majority,245,0,0,0,181
2019-05-06,US,fridge,majority,252,0,0,0,78
2019-05-06,US,google-home-mini,majority,164,0,0,0,55
2019-05-06,US,google-home-mini2,majority,55,0,0,0,47
2019-05-06,US,ikettle,majority,8,0,0,0,6
2019-05-06,US,insteon-hub,majority,14,0,0,0,9
2019-05-06,US,invoke,majority,58,0,0,0,39
2019-05-06,US,lefun-cam-wired,majority,308,0,0,0,1
2019-05-06,US,lgtv-wired,majority,81,0,0,0,46
2019-05-06,US,lightify-hub,majority,24,0,0,0,10
2019-05-06,US,luohe-spycam,majority,116,0,0,0,8
2019-05-06,US,magichome-strip,majority,9,0,0,0,6
2019-05-06,US,microseven-camera,majority,6,0,0,0,5
2019-05-06,US,microwave,majority,5,0,0,0,4
2019-05-06,US,nest-tstat,majority,145,3,0,0,93
2019-05-06,US,philips-hue,majority,79,0,0,0,32
2019-05-06,US,ring-doorbell,majority,897,48,0,0,12
2019-05-06,US,roku-tv,majority,183,1,0,0,98
2019-05-06,US,samsungtv-wired,majority,513,0,0,0,344
2019-05-06,US,sengled-hub,majority,26,0,0,0,12
2019-05-06,US,smartthings,majority,41,0,0,0,16
2019-05-06,US,sousvide,majority,1,0,0,0,0
2019-05-06,US,t-echodot,majority,58,0,0,0,37
2019-05-06,US,t-smartthings-hub,majority,8,0,0,0,6
2019-05-06,US,t-wemo-plug,majority,90,0,0,0,10
2019-05-06,US,tp-link-plug,majority,41,0,0,0,25
2019-05-06,US,tplink-bulb,majority,112,0,0,0,21
2019-05-06,US,wansview-cam-wired,majority,795,0,0,0,15
2019-05-06,US,washer,majority,42,0,0,0,28
2019-05-06,US,wink-hub2,majority,47,0,0,0,12
2019-05-06,US,xiaomi-cleaner,majority,29,0,0,0,17
2019-05-06,US,xiaomi-hub,majority,49,0,0,0,4
2019-05-06,US,xiaomi-ricecooker,majority,9,0,0,0,4
2019-05-06,US,xiaomi-strip,majority,40,0,0,0,4
2019-05-06,US,yi-camera,majority,888,78,0,0,12
2019-05-06,US,zmodo-doorbell,majority,46,0,0,0,36
2019-05-06,US,amcrest-cam-wired,dib_without_portability_gate,0,0,0,0,0
2019-05-06,US,appletv,dib_without_portability_gate,56,0,0,0,55
2019-05-06,US,blink-camera,dib_without_portability_gate,0,0,0,0,0
2019-05-06,US,blink-security-hub,dib_without_portability_gate,7,0,1,1,6
2019-05-06,US,brewer,dib_without_portability_gate,0,0,0,0,0
2019-05-06,US,bulb1,dib_without_portability_gate,0,0,0,0,0
2019-05-06,US,cloudcam,dib_without_portability_gate,0,0,0,0,0
2019-05-06,US,dlink-mov,dib_without_portability_gate,0,0,0,0,0
2019-05-06,US,dryer,dib_without_portability_gate,0,0,0,0,0
2019-05-06,US,echodot,dib_without_portability_gate,36,1,3,3,28
2019-05-06,US,echoplus,dib_without_portability_gate,64,0,27,27,33
2019-05-06,US,echospot,dib_without_portability_gate,93,0,14,14,51
2019-05-06,US,firetv,dib_without_portability_gate,87,0,0,0,80
2019-05-06,US,fridge,dib_without_portability_gate,0,0,0,0,0
2019-05-06,US,google-home-mini,dib_without_portability_gate,60,0,0,0,30
2019-05-06,US,google-home-mini2,dib_without_portability_gate,0,0,0,0,0
2019-05-06,US,ikettle,dib_without_portability_gate,0,0,0,0,0
2019-05-06,US,insteon-hub,dib_without_portability_gate,1,0,0,0,1
2019-05-06,US,invoke,dib_without_portability_gate,0,0,0,0,0
2019-05-06,US,lefun-cam-wired,dib_without_portability_gate,0,0,0,0,0
2019-05-06,US,lgtv-wired,dib_without_portability_gate,0,0,0,0,0
2019-05-06,US,lightify-hub,dib_without_portability_gate,1,0,0,0,0
2019-05-06,US,luohe-spycam,dib_without_portability_gate,0,0,0,0,0
2019-05-06,US,magichome-strip,dib_without_portability_gate,0,0,0,0,0
2019-05-06,US,microseven-camera,dib_without_portability_gate,0,0,0,0,0
2019-05-06,US,microwave,dib_without_portability_gate,0,0,0,0,0
2019-05-06,US,nest-tstat,dib_without_portability_gate,13,0,5,5,10
2019-05-06,US,philips-hue,dib_without_portability_gate,13,0,0,0,6
2019-05-06,US,ring-doorbell,dib_without_portability_gate,7,0,3,3,5
2019-05-06,US,roku-tv,dib_without_portability_gate,60,0,6,6,56
2019-05-06,US,samsungtv-wired,dib_without_portability_gate,40,0,0,0,36
2019-05-06,US,sengled-hub,dib_without_portability_gate,0,0,0,0,0
2019-05-06,US,smartthings,dib_without_portability_gate,5,0,0,0,4
2019-05-06,US,sousvide,dib_without_portability_gate,1,0,0,0,0
2019-05-06,US,t-echodot,dib_without_portability_gate,0,0,0,0,0
2019-05-06,US,t-smartthings-hub,dib_without_portability_gate,0,0,0,0,0
2019-05-06,US,t-wemo-plug,dib_without_portability_gate,37,0,1,1,6
2019-05-06,US,tp-link-plug,dib_without_portability_gate,25,0,0,0,21
2019-05-06,US,tplink-bulb,dib_without_portability_gate,37,0,8,8,8
2019-05-06,US,wansview-cam-wired,dib_without_portability_gate,13,0,0,0,11
2019-05-06,US,washer,dib_without_portability_gate,0,0,0,0,0
2019-05-06,US,wink-hub2,dib_without_portability_gate,0,0,0,0,0
2019-05-06,US,xiaomi-cleaner,dib_without_portability_gate,1,0,0,0,0
2019-05-06,US,xiaomi-hub,dib_without_portability_gate,36,0,2,2,4
2019-05-06,US,xiaomi-ricecooker,dib_without_portability_gate,0,0,0,0,0
2019-05-06,US,xiaomi-strip,dib_without_portability_gate,0,0,0,0,0
2019-05-06,US,yi-camera,dib_without_portability_gate,3,0,3,3,0
2019-05-06,US,zmodo-doorbell,dib_without_portability_gate,0,0,0,0,0
2019-05-06,UK,allure-speaker,dib,0,0,0,0,0
2019-05-06,UK,appletv,dib,55,0,0,0,55
2019-05-06,UK,blink-camera,dib,0,0,0,0,0
2019-05-06,UK,blink-security-hub,dib,7,0,1,1,6
2019-05-06,UK,bosiwo-camera-wifi,dib,0,0,0,0,0
2019-05-06,UK,bosiwo-camera-wired,dib,0,0,0,0,0
2019-05-06,UK,charger-camera,dib,0,0,0,0,0
2019-05-06,UK,echodot,dib,28,0,1,1,28
2019-05-06,UK,echoplus,dib,33,0,5,5,33
2019-05-06,UK,echospot,dib,51,0,5,5,51
2019-05-06,UK,firetv,dib,80,0,0,0,80
2019-05-06,UK,google-home,dib,0,0,0,0,0
2019-05-06,UK,google-home-mini,dib,30,0,0,0,30
2019-05-06,UK,honeywell-thermostat,dib,0,0,0,0,0
2019-05-06,UK,insteon-hub,dib,1,0,0,0,1
2019-05-06,UK,lightify-hub,dib,0,0,0,0,0
2019-05-06,UK,magichome-strip,dib,0,0,0,0,0
2019-05-06,UK,nest-tstat,dib,11,0,4,4,10
2019-05-06,UK,netatmo-weather,dib,0,0,0,0,0
2019-05-06,UK,philips-hue,dib,10,0,0,0,6
2019-05-06,UK,ring-doorbell,dib,5,0,0,0,5
2019-05-06,UK,roku-tv,dib,57,0,2,2,56
2019-05-06,UK,samsungtv-wired,dib,36,0,0,0,36
2019-05-06,UK,sengled-hub,dib,0,0,0,0,0
2019-05-06,UK,smarter-coffee-mach,dib,0,0,0,0,0
2019-05-06,UK,smartthings,dib,4,0,0,0,4
2019-05-06,UK,sousvide,dib,0,0,0,0,0
2019-05-06,UK,t-wemo-plug,dib,9,0,1,1,6
2019-05-06,UK,tp-link-plug,dib,21,0,0,0,21
2019-05-06,UK,tplink-bulb,dib,8,0,0,0,8
2019-05-06,UK,tplink-plug2,dib,0,0,0,0,0
2019-05-06,UK,wansview-cam-wired,dib,11,0,0,0,11
2019-05-06,UK,xiaomi-cam2,dib,0,0,0,0,0
2019-05-06,UK,xiaomi-cleaner,dib,0,0,0,0,0
2019-05-06,UK,xiaomi-hub,dib,4,0,0,0,4
2019-05-06,UK,xiaomi-plug,dib,0,0,0,0,0
2019-05-06,UK,yi-camera,dib,0,0,0,0,0
2019-05-06,UK,allure-speaker,pooled_union,47,1,0,0,33
2019-05-06,UK,appletv,pooled_union,154,0,0,0,120
2019-05-06,UK,blink-camera,pooled_union,27,0,0,0,8
2019-05-06,UK,blink-security-hub,pooled_union,66,0,0,0,16
2019-05-06,UK,bosiwo-camera-wifi,pooled_union,3,0,0,0,0
2019-05-06,UK,bosiwo-camera-wired,pooled_union,162,0,0,0,0
2019-05-06,UK,charger-camera,pooled_union,16,0,0,0,4
2019-05-06,UK,echodot,pooled_union,327,16,0,0,58
2019-05-06,UK,echoplus,pooled_union,502,19,0,0,56
2019-05-06,UK,echospot,pooled_union,512,17,0,0,96
2019-05-06,UK,firetv,pooled_union,245,0,0,0,181
2019-05-06,UK,google-home,pooled_union,140,0,0,0,38
2019-05-06,UK,google-home-mini,pooled_union,164,0,0,0,55
2019-05-06,UK,honeywell-thermostat,pooled_union,8,0,0,0,6
2019-05-06,UK,insteon-hub,pooled_union,14,0,0,0,9
2019-05-06,UK,lightify-hub,pooled_union,24,0,0,0,10
2019-05-06,UK,magichome-strip,pooled_union,9,0,0,0,6
2019-05-06,UK,nest-tstat,pooled_union,145,3,0,0,93
2019-05-06,UK,netatmo-weather,pooled_union,4,0,0,0,2
2019-05-06,UK,philips-hue,pooled_union,79,0,0,0,32
2019-05-06,UK,ring-doorbell,pooled_union,897,48,0,0,12
2019-05-06,UK,roku-tv,pooled_union,183,1,0,0,98
2019-05-06,UK,samsungtv-wired,pooled_union,513,0,0,0,344
2019-05-06,UK,sengled-hub,pooled_union,26,0,0,0,12
2019-05-06,UK,smarter-coffee-mach,pooled_union,4,0,0,0,2
2019-05-06,UK,smartthings,pooled_union,41,0,0,0,16
2019-05-06,UK,sousvide,pooled_union,1,0,0,0,0
2019-05-06,UK,t-wemo-plug,pooled_union,90,0,0,0,10
2019-05-06,UK,tp-link-plug,pooled_union,41,0,0,0,25
2019-05-06,UK,tplink-bulb,pooled_union,112,0,0,0,21
2019-05-06,UK,tplink-plug2,pooled_union,12,0,0,0,7
2019-05-06,UK,wansview-cam-wired,pooled_union,795,0,0,0,15
2019-05-06,UK,xiaomi-cam2,pooled_union,355,31,0,0,12
2019-05-06,UK,xiaomi-cleaner,pooled_union,29,0,0,0,17
2019-05-06,UK,xiaomi-hub,pooled_union,49,0,0,0,4
2019-05-06,UK,xiaomi-plug,pooled_union,14,0,0,0,3
2019-05-06,UK,yi-camera,pooled_union,888,78,0,0,12
2019-05-06,UK,allure-speaker,quorum_only,0,0,0,0,0
2019-05-06,UK,appletv,quorum_only,70,0,0,0,67
2019-05-06,UK,blink-camera,quorum_only,0,0,0,0,0
2019-05-06,UK,blink-security-hub,quorum_only,8,0,0,0,7
2019-05-06,UK,bosiwo-camera-wifi,quorum_only,0,0,0,0,0
2019-05-06,UK,bosiwo-camera-wired,quorum_only,0,0,0,0,0
2019-05-06,UK,charger-camera,quorum_only,0,0,0,0,0
2019-05-06,UK,echodot,quorum_only,39,1,0,0,29
2019-05-06,UK,echoplus,quorum_only,100,0,0,0,38
2019-05-06,UK,echospot,quorum_only,108,0,0,0,56
2019-05-06,UK,firetv,quorum_only,88,0,0,0,81
2019-05-06,UK,google-home,quorum_only,0,0,0,0,0
2019-05-06,UK,google-home-mini,quorum_only,60,0,0,0,30
2019-05-06,UK,honeywell-thermostat,quorum_only,0,0,0,0,0
2019-05-06,UK,insteon-hub,quorum_only,1,0,0,0,1
2019-05-06,UK,lightify-hub,quorum_only,1,0,0,0,0
2019-05-06,UK,magichome-strip,quorum_only,0,0,0,0,0
2019-05-06,UK,nest-tstat,quorum_only,18,0,0,0,14
2019-05-06,UK,netatmo-weather,quorum_only,0,0,0,0,0
2019-05-06,UK,philips-hue,quorum_only,30,0,0,0,23
2019-05-06,UK,ring-doorbell,quorum_only,10,0,0,0,5
2019-05-06,UK,roku-tv,quorum_only,66,0,0,0,58
2019-05-06,UK,samsungtv-wired,quorum_only,52,0,0,0,46
2019-05-06,UK,sengled-hub,quorum_only,0,0,0,0,0
2019-05-06,UK,smarter-coffee-mach,quorum_only,0,0,0,0,0
2019-05-06,UK,smartthings,quorum_only,10,0,0,0,7
2019-05-06,UK,sousvide,quorum_only,1,0,0,0,0
2019-05-06,UK,t-wemo-plug,quorum_only,38,0,0,0,6
2019-05-06,UK,tp-link-plug,quorum_only,25,0,0,0,21
2019-05-06,UK,tplink-bulb,quorum_only,45,0,0,0,8
2019-05-06,UK,tplink-plug2,quorum_only,0,0,0,0,0
2019-05-06,UK,wansview-cam-wired,quorum_only,23,0,0,0,11
2019-05-06,UK,xiaomi-cam2,quorum_only,0,0,0,0,0
2019-05-06,UK,xiaomi-cleaner,quorum_only,1,0,0,0,0
2019-05-06,UK,xiaomi-hub,quorum_only,38,0,0,0,4
2019-05-06,UK,xiaomi-plug,quorum_only,0,0,0,0,0
2019-05-06,UK,yi-camera,quorum_only,7,1,0,0,0
2019-05-06,UK,allure-speaker,majority,47,1,0,0,33
2019-05-06,UK,appletv,majority,154,0,0,0,120
2019-05-06,UK,blink-camera,majority,27,0,0,0,8
2019-05-06,UK,blink-security-hub,majority,66,0,0,0,16
2019-05-06,UK,bosiwo-camera-wifi,majority,3,0,0,0,0
2019-05-06,UK,bosiwo-camera-wired,majority,162,0,0,0,0
2019-05-06,UK,charger-camera,majority,16,0,0,0,4
2019-05-06,UK,echodot,majority,327,16,0,0,58
2019-05-06,UK,echoplus,majority,502,19,0,0,56
2019-05-06,UK,echospot,majority,512,17,0,0,96
2019-05-06,UK,firetv,majority,245,0,0,0,181
2019-05-06,UK,google-home,majority,140,0,0,0,38
2019-05-06,UK,google-home-mini,majority,164,0,0,0,55
2019-05-06,UK,honeywell-thermostat,majority,8,0,0,0,6
2019-05-06,UK,insteon-hub,majority,14,0,0,0,9
2019-05-06,UK,lightify-hub,majority,24,0,0,0,10
2019-05-06,UK,magichome-strip,majority,9,0,0,0,6
2019-05-06,UK,nest-tstat,majority,145,3,0,0,93
2019-05-06,UK,netatmo-weather,majority,4,0,0,0,2
2019-05-06,UK,philips-hue,majority,79,0,0,0,32
2019-05-06,UK,ring-doorbell,majority,897,48,0,0,12
2019-05-06,UK,roku-tv,majority,183,1,0,0,98
2019-05-06,UK,samsungtv-wired,majority,513,0,0,0,344
2019-05-06,UK,sengled-hub,majority,26,0,0,0,12
2019-05-06,UK,smarter-coffee-mach,majority,4,0,0,0,2
2019-05-06,UK,smartthings,majority,41,0,0,0,16
2019-05-06,UK,sousvide,majority,1,0,0,0,0
2019-05-06,UK,t-wemo-plug,majority,90,0,0,0,10
2019-05-06,UK,tp-link-plug,majority,41,0,0,0,25
2019-05-06,UK,tplink-bulb,majority,112,0,0,0,21
2019-05-06,UK,tplink-plug2,majority,12,0,0,0,7
2019-05-06,UK,wansview-cam-wired,majority,795,0,0,0,15
2019-05-06,UK,xiaomi-cam2,majority,355,31,0,0,12
2019-05-06,UK,xiaomi-cleaner,majority,29,0,0,0,17
2019-05-06,UK,xiaomi-hub,majority,49,0,0,0,4
2019-05-06,UK,xiaomi-plug,majority,14,0,0,0,3
2019-05-06,UK,yi-camera,majority,888,78,0,0,12
2019-05-06,UK,allure-speaker,dib_without_portability_gate,0,0,0,0,0
2019-05-06,UK,appletv,dib_without_portability_gate,56,0,0,0,55
2019-05-06,UK,blink-camera,dib_without_portability_gate,0,0,0,0,0
2019-05-06,UK,blink-security-hub,dib_without_portability_gate,7,0,1,1,6
2019-05-06,UK,bosiwo-camera-wifi,dib_without_portability_gate,0,0,0,0,0
2019-05-06,UK,bosiwo-camera-wired,dib_without_portability_gate,0,0,0,0,0
2019-05-06,UK,charger-camera,dib_without_portability_gate,0,0,0,0,0
2019-05-06,UK,echodot,dib_without_portability_gate,36,1,3,3,28
2019-05-06,UK,echoplus,dib_without_portability_gate,64,0,27,27,33
2019-05-06,UK,echospot,dib_without_portability_gate,93,0,14,14,51
2019-05-06,UK,firetv,dib_without_portability_gate,87,0,0,0,80
2019-05-06,UK,google-home,dib_without_portability_gate,0,0,0,0,0
2019-05-06,UK,google-home-mini,dib_without_portability_gate,60,0,0,0,30
2019-05-06,UK,honeywell-thermostat,dib_without_portability_gate,0,0,0,0,0
2019-05-06,UK,insteon-hub,dib_without_portability_gate,1,0,0,0,1
2019-05-06,UK,lightify-hub,dib_without_portability_gate,1,0,0,0,0
2019-05-06,UK,magichome-strip,dib_without_portability_gate,0,0,0,0,0
2019-05-06,UK,nest-tstat,dib_without_portability_gate,13,0,5,5,10
2019-05-06,UK,netatmo-weather,dib_without_portability_gate,0,0,0,0,0
2019-05-06,UK,philips-hue,dib_without_portability_gate,13,0,0,0,6
2019-05-06,UK,ring-doorbell,dib_without_portability_gate,7,0,3,3,5
2019-05-06,UK,roku-tv,dib_without_portability_gate,60,0,6,6,56
2019-05-06,UK,samsungtv-wired,dib_without_portability_gate,40,0,0,0,36
2019-05-06,UK,sengled-hub,dib_without_portability_gate,0,0,0,0,0
2019-05-06,UK,smarter-coffee-mach,dib_without_portability_gate,0,0,0,0,0
2019-05-06,UK,smartthings,dib_without_portability_gate,5,0,0,0,4
2019-05-06,UK,sousvide,dib_without_portability_gate,1,0,0,0,0
2019-05-06,UK,t-wemo-plug,dib_without_portability_gate,37,0,1,1,6
2019-05-06,UK,tp-link-plug,dib_without_portability_gate,25,0,0,0,21
2019-05-06,UK,tplink-bulb,dib_without_portability_gate,37,0,8,8,8
2019-05-06,UK,tplink-plug2,dib_without_portability_gate,0,0,0,0,0
2019-05-06,UK,wansview-cam-wired,dib_without_portability_gate,13,0,0,0,11
2019-05-06,UK,xiaomi-cam2,dib_without_portability_gate,0,0,0,0,0
2019-05-06,UK,xiaomi-cleaner,dib_without_portability_gate,1,0,0,0,0
2019-05-06,UK,xiaomi-hub,dib_without_portability_gate,36,0,2,2,4
2019-05-06,UK,xiaomi-plug,dib_without_portability_gate,0,0,0,0,0
2019-05-06,UK,yi-camera,dib_without_portability_gate,3,0,3,3,0
2019-05-08,US,amcrest-cam-wired,dib,0,0,0,0,0
2019-05-08,US,appletv,dib,56,1,0,0,56
2019-05-08,US,blink-camera,dib,0,0,0,0,0
2019-05-08,US,blink-security-hub,dib,7,0,0,0,6
2019-05-08,US,brewer,dib,0,0,0,0,0
2019-05-08,US,bulb1,dib,0,0,0,0,0
2019-05-08,US,cloudcam,dib,0,0,0,0,0
2019-05-08,US,dlink-mov,dib,0,0,0,0,0
2019-05-08,US,dryer,dib,0,0,0,0,0
2019-05-08,US,echodot,dib,28,0,0,0,28
2019-05-08,US,echoplus,dib,33,0,0,0,33
2019-05-08,US,echospot,dib,51,0,0,0,51
2019-05-08,US,firetv,dib,80,0,0,0,80
2019-05-08,US,fridge,dib,0,0,0,0,0
2019-05-08,US,google-home-mini,dib,30,0,0,0,30
2019-05-08,US,google-home-mini2,dib,0,0,0,0,0
2019-05-08,US,ikettle,dib,0,0,0,0,0
2019-05-08,US,insteon-hub,dib,1,0,0,0,1
2019-05-08,US,invoke,dib,0,0,0,0,0
2019-05-08,US,lefun-cam-wired,dib,0,0,0,0,0
2019-05-08,US,lgtv-wired,dib,0,0,0,0,0
2019-05-08,US,lightify-hub,dib,0,0,0,0,0
2019-05-08,US,luohe-spycam,dib,0,0,0,0,0
2019-05-08,US,magichome-strip,dib,0,0,0,0,0
2019-05-08,US,microseven-camera,dib,0,0,0,0,0
2019-05-08,US,microwave,dib,0,0,0,0,0
2019-05-08,US,nest-tstat,dib,11,0,0,0,10
2019-05-08,US,philips-hue,dib,10,0,0,0,6
2019-05-08,US,ring-doorbell,dib,5,0,0,0,5
2019-05-08,US,roku-tv,dib,57,0,0,0,56
2019-05-08,US,samsungtv-wired,dib,36,0,0,0,36
2019-05-08,US,sengled-hub,dib,0,0,0,0,0
2019-05-08,US,smartthings,dib,4,0,0,0,4
2019-05-08,US,sousvide,dib,0,0,0,0,0
2019-05-08,US,t-echodot,dib,0,0,0,0,0
2019-05-08,US,t-smartthings-hub,dib,0,0,0,0,0
2019-05-08,US,t-wemo-plug,dib,9,0,0,0,6
2019-05-08,US,tp-link-plug,dib,21,0,0,0,21
2019-05-08,US,tplink-bulb,dib,8,0,0,0,8
2019-05-08,US,wansview-cam-wired,dib,11,0,0,0,11
2019-05-08,US,washer,dib,0,0,0,0,0
2019-05-08,US,wink-hub2,dib,0,0,0,0,0
2019-05-08,US,xiaomi-cleaner,dib,0,0,0,0,0
2019-05-08,US,xiaomi-hub,dib,4,0,0,0,4
2019-05-08,US,xiaomi-ricecooker,dib,0,0,0,0,0
2019-05-08,US,xiaomi-strip,dib,0,0,0,0,0
2019-05-08,US,yi-camera,dib,0,0,0,0,0
2019-05-08,US,zmodo-doorbell,dib,0,0,0,0,0
2019-05-08,US,amcrest-cam-wired,pooled_union,16898,0,0,0,12
2019-05-08,US,appletv,pooled_union,154,0,0,0,120
2019-05-08,US,blink-camera,pooled_union,27,0,0,0,8
2019-05-08,US,blink-security-hub,pooled_union,66,0,0,0,16
2019-05-08,US,brewer,pooled_union,8,0,0,0,5
2019-05-08,US,bulb1,pooled_union,11,0,0,0,4
2019-05-08,US,cloudcam,pooled_union,55,0,0,0,35
2019-05-08,US,dlink-mov,pooled_union,23,0,0,0,17
2019-05-08,US,dryer,pooled_union,45,0,0,0,32
2019-05-08,US,echodot,pooled_union,327,0,0,0,58
2019-05-08,US,echoplus,pooled_union,502,0,0,0,56
2019-05-08,US,echospot,pooled_union,512,0,0,0,96
2019-05-08,US,firetv,pooled_union,245,0,0,0,181
2019-05-08,US,fridge,pooled_union,252,0,0,0,78
2019-05-08,US,google-home-mini,pooled_union,164,0,0,0,55
2019-05-08,US,google-home-mini2,pooled_union,55,0,0,0,47
2019-05-08,US,ikettle,pooled_union,8,0,0,0,6
2019-05-08,US,insteon-hub,pooled_union,14,0,0,0,9
2019-05-08,US,invoke,pooled_union,58,0,0,0,39
2019-05-08,US,lefun-cam-wired,pooled_union,308,0,0,0,1
2019-05-08,US,lgtv-wired,pooled_union,81,0,0,0,46
2019-05-08,US,lightify-hub,pooled_union,24,0,0,0,10
2019-05-08,US,luohe-spycam,pooled_union,116,0,0,0,8
2019-05-08,US,magichome-strip,pooled_union,9,0,0,0,6
2019-05-08,US,microseven-camera,pooled_union,6,0,0,0,5
2019-05-08,US,microwave,pooled_union,5,0,0,0,4
2019-05-08,US,nest-tstat,pooled_union,145,0,0,0,93
2019-05-08,US,philips-hue,pooled_union,79,0,0,0,32
2019-05-08,US,ring-doorbell,pooled_union,906,9,0,0,12
2019-05-08,US,roku-tv,pooled_union,183,0,0,0,98
2019-05-08,US,samsungtv-wired,pooled_union,513,0,0,0,344
2019-05-08,US,sengled-hub,pooled_union,26,0,0,0,12
2019-05-08,US,smartthings,pooled_union,41,0,0,0,16
2019-05-08,US,sousvide,pooled_union,1,0,0,0,0
2019-05-08,US,t-echodot,pooled_union,58,0,0,0,37
2019-05-08,US,t-smartthings-hub,pooled_union,8,0,0,0,6
2019-05-08,US,t-wemo-plug,pooled_union,90,0,0,0,10
2019-05-08,US,tp-link-plug,pooled_union,41,0,0,0,25
2019-05-08,US,tplink-bulb,pooled_union,112,0,0,0,21
2019-05-08,US,wansview-cam-wired,pooled_union,795,0,0,0,15
2019-05-08,US,washer,pooled_union,42,0,0,0,28
2019-05-08,US,wink-hub2,pooled_union,47,0,0,0,12
2019-05-08,US,xiaomi-cleaner,pooled_union,29,0,0,0,17
2019-05-08,US,xiaomi-hub,pooled_union,49,0,0,0,4
2019-05-08,US,xiaomi-ricecooker,pooled_union,9,0,0,0,4
2019-05-08,US,xiaomi-strip,pooled_union,40,0,0,0,4
2019-05-08,US,yi-camera,pooled_union,888,0,0,0,12
2019-05-08,US,zmodo-doorbell,pooled_union,46,0,0,0,36
2019-05-08,US,amcrest-cam-wired,quorum_only,0,0,0,0,0
2019-05-08,US,appletv,quorum_only,71,1,0,0,68
2019-05-08,US,blink-camera,quorum_only,0,0,0,0,0
2019-05-08,US,blink-security-hub,quorum_only,8,0,0,0,7
2019-05-08,US,brewer,quorum_only,0,0,0,0,0
2019-05-08,US,bulb1,quorum_only,0,0,0,0,0
2019-05-08,US,cloudcam,quorum_only,0,0,0,0,0
2019-05-08,US,dlink-mov,quorum_only,0,0,0,0,0
2019-05-08,US,dryer,quorum_only,0,0,0,0,0
2019-05-08,US,echodot,quorum_only,39,0,0,0,29
2019-05-08,US,echoplus,quorum_only,100,0,0,0,38
2019-05-08,US,echospot,quorum_only,108,0,0,0,56
2019-05-08,US,firetv,quorum_only,88,0,0,0,81
2019-05-08,US,fridge,quorum_only,0,0,0,0,0
2019-05-08,US,google-home-mini,quorum_only,60,0,0,0,30
2019-05-08,US,google-home-mini2,quorum_only,0,0,0,0,0
2019-05-08,US,ikettle,quorum_only,0,0,0,0,0
2019-05-08,US,insteon-hub,quorum_only,1,0,0,0,1
2019-05-08,US,invoke,quorum_only,0,0,0,0,0
2019-05-08,US,lefun-cam-wired,quorum_only,0,0,0,0,0
2019-05-08,US,lgtv-wired,quorum_only,0,0,0,0,0
2019-05-08,US,lightify-hub,quorum_only,1,0,0,0,0
2019-05-08,US,luohe-spycam,quorum_only,0,0,0,0,0
2019-05-08,US,magichome-strip,quorum_only,0,0,0,0,0
2019-05-08,US,microseven-camera,quorum_only,0,0,0,0,0
2019-05-08,US,microwave,quorum_only,0,0,0,0,0
2019-05-08,US,nest-tstat,quorum_only,18,0,0,0,14
2019-05-08,US,philips-hue,quorum_only,30,0,0,0,23
2019-05-08,US,ring-doorbell,quorum_only,10,0,0,0,5
2019-05-08,US,roku-tv,quorum_only,66,0,0,0,58
2019-05-08,US,samsungtv-wired,quorum_only,52,0,0,0,46
2019-05-08,US,sengled-hub,quorum_only,0,0,0,0,0
2019-05-08,US,smartthings,quorum_only,10,0,0,0,7
2019-05-08,US,sousvide,quorum_only,1,0,0,0,0
2019-05-08,US,t-echodot,quorum_only,0,0,0,0,0
2019-05-08,US,t-smartthings-hub,quorum_only,0,0,0,0,0
2019-05-08,US,t-wemo-plug,quorum_only,38,0,0,0,6
2019-05-08,US,tp-link-plug,quorum_only,25,0,0,0,21
2019-05-08,US,tplink-bulb,quorum_only,45,0,0,0,8
2019-05-08,US,wansview-cam-wired,quorum_only,23,0,0,0,11
2019-05-08,US,washer,quorum_only,0,0,0,0,0
2019-05-08,US,wink-hub2,quorum_only,0,0,0,0,0
2019-05-08,US,xiaomi-cleaner,quorum_only,1,0,0,0,0
2019-05-08,US,xiaomi-hub,quorum_only,38,0,0,0,4
2019-05-08,US,xiaomi-ricecooker,quorum_only,0,0,0,0,0
2019-05-08,US,xiaomi-strip,quorum_only,0,0,0,0,0
2019-05-08,US,yi-camera,quorum_only,7,0,0,0,0
2019-05-08,US,zmodo-doorbell,quorum_only,0,0,0,0,0
2019-05-08,US,amcrest-cam-wired,majority,16898,0,0,0,12
2019-05-08,US,appletv,majority,154,0,0,0,120
2019-05-08,US,blink-camera,majority,27,0,0,0,8
2019-05-08,US,blink-security-hub,majority,66,0,0,0,16
2019-05-08,US,brewer,majority,8,0,0,0,5
2019-05-08,US,bulb1,majority,11,0,0,0,4
2019-05-08,US,cloudcam,majority,55,0,0,0,35
2019-05-08,US,dlink-mov,majority,23,0,0,0,17
2019-05-08,US,dryer,majority,45,0,0,0,32
2019-05-08,US,echodot,majority,327,0,0,0,58
2019-05-08,US,echoplus,majority,502,0,0,0,56
2019-05-08,US,echospot,majority,512,0,0,0,96
2019-05-08,US,firetv,majority,245,0,0,0,181
2019-05-08,US,fridge,majority,252,0,0,0,78
2019-05-08,US,google-home-mini,majority,164,0,0,0,55
2019-05-08,US,google-home-mini2,majority,55,0,0,0,47
2019-05-08,US,ikettle,majority,8,0,0,0,6
2019-05-08,US,insteon-hub,majority,14,0,0,0,9
2019-05-08,US,invoke,majority,58,0,0,0,39
2019-05-08,US,lefun-cam-wired,majority,308,0,0,0,1
2019-05-08,US,lgtv-wired,majority,81,0,0,0,46
2019-05-08,US,lightify-hub,majority,24,0,0,0,10
2019-05-08,US,luohe-spycam,majority,116,0,0,0,8
2019-05-08,US,magichome-strip,majority,9,0,0,0,6
2019-05-08,US,microseven-camera,majority,6,0,0,0,5
2019-05-08,US,microwave,majority,5,0,0,0,4
2019-05-08,US,nest-tstat,majority,145,0,0,0,93
2019-05-08,US,philips-hue,majority,79,0,0,0,32
2019-05-08,US,ring-doorbell,majority,906,9,0,0,12
2019-05-08,US,roku-tv,majority,183,0,0,0,98
2019-05-08,US,samsungtv-wired,majority,513,0,0,0,344
2019-05-08,US,sengled-hub,majority,26,0,0,0,12
2019-05-08,US,smartthings,majority,41,0,0,0,16
2019-05-08,US,sousvide,majority,1,0,0,0,0
2019-05-08,US,t-echodot,majority,58,0,0,0,37
2019-05-08,US,t-smartthings-hub,majority,8,0,0,0,6
2019-05-08,US,t-wemo-plug,majority,90,0,0,0,10
2019-05-08,US,tp-link-plug,majority,41,0,0,0,25
2019-05-08,US,tplink-bulb,majority,112,0,0,0,21
2019-05-08,US,wansview-cam-wired,majority,795,0,0,0,15
2019-05-08,US,washer,majority,42,0,0,0,28
2019-05-08,US,wink-hub2,majority,47,0,0,0,12
2019-05-08,US,xiaomi-cleaner,majority,29,0,0,0,17
2019-05-08,US,xiaomi-hub,majority,49,0,0,0,4
2019-05-08,US,xiaomi-ricecooker,majority,9,0,0,0,4
2019-05-08,US,xiaomi-strip,majority,40,0,0,0,4
2019-05-08,US,yi-camera,majority,888,0,0,0,12
2019-05-08,US,zmodo-doorbell,majority,46,0,0,0,36
2019-05-08,US,amcrest-cam-wired,dib_without_portability_gate,0,0,0,0,0
2019-05-08,US,appletv,dib_without_portability_gate,57,1,0,0,56
2019-05-08,US,blink-camera,dib_without_portability_gate,0,0,0,0,0
2019-05-08,US,blink-security-hub,dib_without_portability_gate,7,0,0,0,6
2019-05-08,US,brewer,dib_without_portability_gate,0,0,0,0,0
2019-05-08,US,bulb1,dib_without_portability_gate,0,0,0,0,0
2019-05-08,US,cloudcam,dib_without_portability_gate,0,0,0,0,0
2019-05-08,US,dlink-mov,dib_without_portability_gate,0,0,0,0,0
2019-05-08,US,dryer,dib_without_portability_gate,0,0,0,0,0
2019-05-08,US,echodot,dib_without_portability_gate,36,0,0,0,28
2019-05-08,US,echoplus,dib_without_portability_gate,64,0,0,0,33
2019-05-08,US,echospot,dib_without_portability_gate,93,0,0,0,51
2019-05-08,US,firetv,dib_without_portability_gate,87,0,0,0,80
2019-05-08,US,fridge,dib_without_portability_gate,0,0,0,0,0
2019-05-08,US,google-home-mini,dib_without_portability_gate,60,0,0,0,30
2019-05-08,US,google-home-mini2,dib_without_portability_gate,0,0,0,0,0
2019-05-08,US,ikettle,dib_without_portability_gate,0,0,0,0,0
2019-05-08,US,insteon-hub,dib_without_portability_gate,1,0,0,0,1
2019-05-08,US,invoke,dib_without_portability_gate,0,0,0,0,0
2019-05-08,US,lefun-cam-wired,dib_without_portability_gate,0,0,0,0,0
2019-05-08,US,lgtv-wired,dib_without_portability_gate,0,0,0,0,0
2019-05-08,US,lightify-hub,dib_without_portability_gate,1,0,0,0,0
2019-05-08,US,luohe-spycam,dib_without_portability_gate,0,0,0,0,0
2019-05-08,US,magichome-strip,dib_without_portability_gate,0,0,0,0,0
2019-05-08,US,microseven-camera,dib_without_portability_gate,0,0,0,0,0
2019-05-08,US,microwave,dib_without_portability_gate,0,0,0,0,0
2019-05-08,US,nest-tstat,dib_without_portability_gate,13,0,0,0,10
2019-05-08,US,philips-hue,dib_without_portability_gate,13,0,0,0,6
2019-05-08,US,ring-doorbell,dib_without_portability_gate,7,0,0,0,5
2019-05-08,US,roku-tv,dib_without_portability_gate,60,0,0,0,56
2019-05-08,US,samsungtv-wired,dib_without_portability_gate,40,0,0,0,36
2019-05-08,US,sengled-hub,dib_without_portability_gate,0,0,0,0,0
2019-05-08,US,smartthings,dib_without_portability_gate,5,0,0,0,4
2019-05-08,US,sousvide,dib_without_portability_gate,1,0,0,0,0
2019-05-08,US,t-echodot,dib_without_portability_gate,0,0,0,0,0
2019-05-08,US,t-smartthings-hub,dib_without_portability_gate,0,0,0,0,0
2019-05-08,US,t-wemo-plug,dib_without_portability_gate,37,0,0,0,6
2019-05-08,US,tp-link-plug,dib_without_portability_gate,25,0,0,0,21
2019-05-08,US,tplink-bulb,dib_without_portability_gate,37,0,0,0,8
2019-05-08,US,wansview-cam-wired,dib_without_portability_gate,13,0,0,0,11
2019-05-08,US,washer,dib_without_portability_gate,0,0,0,0,0
2019-05-08,US,wink-hub2,dib_without_portability_gate,0,0,0,0,0
2019-05-08,US,xiaomi-cleaner,dib_without_portability_gate,1,0,0,0,0
2019-05-08,US,xiaomi-hub,dib_without_portability_gate,36,0,0,0,4
2019-05-08,US,xiaomi-ricecooker,dib_without_portability_gate,0,0,0,0,0
2019-05-08,US,xiaomi-strip,dib_without_portability_gate,0,0,0,0,0
2019-05-08,US,yi-camera,dib_without_portability_gate,3,0,0,0,0
2019-05-08,US,zmodo-doorbell,dib_without_portability_gate,0,0,0,0,0
2019-05-08,UK,allure-speaker,dib,0,0,0,0,0
2019-05-08,UK,appletv,dib,56,1,0,0,56
2019-05-08,UK,blink-camera,dib,0,0,0,0,0
2019-05-08,UK,blink-security-hub,dib,7,0,0,0,6
2019-05-08,UK,bosiwo-camera-wifi,dib,0,0,0,0,0
2019-05-08,UK,bosiwo-camera-wired,dib,0,0,0,0,0
2019-05-08,UK,charger-camera,dib,0,0,0,0,0
2019-05-08,UK,echodot,dib,28,0,0,0,28
2019-05-08,UK,echoplus,dib,33,0,0,0,33
2019-05-08,UK,echospot,dib,51,0,0,0,51
2019-05-08,UK,firetv,dib,80,0,0,0,80
2019-05-08,UK,google-home,dib,0,0,0,0,0
2019-05-08,UK,google-home-mini,dib,30,0,0,0,30
2019-05-08,UK,honeywell-thermostat,dib,0,0,0,0,0
2019-05-08,UK,insteon-hub,dib,1,0,0,0,1
2019-05-08,UK,lightify-hub,dib,0,0,0,0,0
2019-05-08,UK,magichome-strip,dib,0,0,0,0,0
2019-05-08,UK,nest-tstat,dib,11,0,0,0,10
2019-05-08,UK,netatmo-weather,dib,0,0,0,0,0
2019-05-08,UK,philips-hue,dib,10,0,0,0,6
2019-05-08,UK,ring-doorbell,dib,5,0,0,0,5
2019-05-08,UK,roku-tv,dib,57,0,0,0,56
2019-05-08,UK,samsungtv-wired,dib,36,0,0,0,36
2019-05-08,UK,sengled-hub,dib,0,0,0,0,0
2019-05-08,UK,smarter-coffee-mach,dib,0,0,0,0,0
2019-05-08,UK,smartthings,dib,4,0,0,0,4
2019-05-08,UK,sousvide,dib,0,0,0,0,0
2019-05-08,UK,t-wemo-plug,dib,9,0,0,0,6
2019-05-08,UK,tp-link-plug,dib,21,0,0,0,21
2019-05-08,UK,tplink-bulb,dib,8,0,0,0,8
2019-05-08,UK,tplink-plug2,dib,0,0,0,0,0
2019-05-08,UK,wansview-cam-wired,dib,11,0,0,0,11
2019-05-08,UK,xiaomi-cam2,dib,0,0,0,0,0
2019-05-08,UK,xiaomi-cleaner,dib,0,0,0,0,0
2019-05-08,UK,xiaomi-hub,dib,4,0,0,0,4
2019-05-08,UK,xiaomi-plug,dib,0,0,0,0,0
2019-05-08,UK,yi-camera,dib,0,0,0,0,0
2019-05-08,UK,allure-speaker,pooled_union,47,0,0,0,33
2019-05-08,UK,appletv,pooled_union,154,0,0,0,120
2019-05-08,UK,blink-camera,pooled_union,27,0,0,0,8
2019-05-08,UK,blink-security-hub,pooled_union,66,0,0,0,16
2019-05-08,UK,bosiwo-camera-wifi,pooled_union,3,0,0,0,0
2019-05-08,UK,bosiwo-camera-wired,pooled_union,162,0,0,0,0
2019-05-08,UK,charger-camera,pooled_union,16,0,0,0,4
2019-05-08,UK,echodot,pooled_union,327,0,0,0,58
2019-05-08,UK,echoplus,pooled_union,502,0,0,0,56
2019-05-08,UK,echospot,pooled_union,512,0,0,0,96
2019-05-08,UK,firetv,pooled_union,245,0,0,0,181
2019-05-08,UK,google-home,pooled_union,140,0,0,0,38
2019-05-08,UK,google-home-mini,pooled_union,164,0,0,0,55
2019-05-08,UK,honeywell-thermostat,pooled_union,8,0,0,0,6
2019-05-08,UK,insteon-hub,pooled_union,14,0,0,0,9
2019-05-08,UK,lightify-hub,pooled_union,24,0,0,0,10
2019-05-08,UK,magichome-strip,pooled_union,9,0,0,0,6
2019-05-08,UK,nest-tstat,pooled_union,145,0,0,0,93
2019-05-08,UK,netatmo-weather,pooled_union,4,0,0,0,2
2019-05-08,UK,philips-hue,pooled_union,79,0,0,0,32
2019-05-08,UK,ring-doorbell,pooled_union,906,9,0,0,12
2019-05-08,UK,roku-tv,pooled_union,183,0,0,0,98
2019-05-08,UK,samsungtv-wired,pooled_union,513,0,0,0,344
2019-05-08,UK,sengled-hub,pooled_union,26,0,0,0,12
2019-05-08,UK,smarter-coffee-mach,pooled_union,4,0,0,0,2
2019-05-08,UK,smartthings,pooled_union,41,0,0,0,16
2019-05-08,UK,sousvide,pooled_union,1,0,0,0,0
2019-05-08,UK,t-wemo-plug,pooled_union,90,0,0,0,10
2019-05-08,UK,tp-link-plug,pooled_union,41,0,0,0,25
2019-05-08,UK,tplink-bulb,pooled_union,112,0,0,0,21
2019-05-08,UK,tplink-plug2,pooled_union,12,0,0,0,7
2019-05-08,UK,wansview-cam-wired,pooled_union,795,0,0,0,15
2019-05-08,UK,xiaomi-cam2,pooled_union,355,0,0,0,12
2019-05-08,UK,xiaomi-cleaner,pooled_union,29,0,0,0,17
2019-05-08,UK,xiaomi-hub,pooled_union,49,0,0,0,4
2019-05-08,UK,xiaomi-plug,pooled_union,14,0,0,0,3
2019-05-08,UK,yi-camera,pooled_union,888,0,0,0,12
2019-05-08,UK,allure-speaker,quorum_only,0,0,0,0,0
2019-05-08,UK,appletv,quorum_only,71,1,0,0,68
2019-05-08,UK,blink-camera,quorum_only,0,0,0,0,0
2019-05-08,UK,blink-security-hub,quorum_only,8,0,0,0,7
2019-05-08,UK,bosiwo-camera-wifi,quorum_only,0,0,0,0,0
2019-05-08,UK,bosiwo-camera-wired,quorum_only,0,0,0,0,0
2019-05-08,UK,charger-camera,quorum_only,0,0,0,0,0
2019-05-08,UK,echodot,quorum_only,39,0,0,0,29
2019-05-08,UK,echoplus,quorum_only,100,0,0,0,38
2019-05-08,UK,echospot,quorum_only,108,0,0,0,56
2019-05-08,UK,firetv,quorum_only,88,0,0,0,81
2019-05-08,UK,google-home,quorum_only,0,0,0,0,0
2019-05-08,UK,google-home-mini,quorum_only,60,0,0,0,30
2019-05-08,UK,honeywell-thermostat,quorum_only,0,0,0,0,0
2019-05-08,UK,insteon-hub,quorum_only,1,0,0,0,1
2019-05-08,UK,lightify-hub,quorum_only,1,0,0,0,0
2019-05-08,UK,magichome-strip,quorum_only,0,0,0,0,0
2019-05-08,UK,nest-tstat,quorum_only,18,0,0,0,14
2019-05-08,UK,netatmo-weather,quorum_only,0,0,0,0,0
2019-05-08,UK,philips-hue,quorum_only,30,0,0,0,23
2019-05-08,UK,ring-doorbell,quorum_only,10,0,0,0,5
2019-05-08,UK,roku-tv,quorum_only,66,0,0,0,58
2019-05-08,UK,samsungtv-wired,quorum_only,52,0,0,0,46
2019-05-08,UK,sengled-hub,quorum_only,0,0,0,0,0
2019-05-08,UK,smarter-coffee-mach,quorum_only,0,0,0,0,0
2019-05-08,UK,smartthings,quorum_only,10,0,0,0,7
2019-05-08,UK,sousvide,quorum_only,1,0,0,0,0
2019-05-08,UK,t-wemo-plug,quorum_only,38,0,0,0,6
2019-05-08,UK,tp-link-plug,quorum_only,25,0,0,0,21
2019-05-08,UK,tplink-bulb,quorum_only,45,0,0,0,8
2019-05-08,UK,tplink-plug2,quorum_only,0,0,0,0,0
2019-05-08,UK,wansview-cam-wired,quorum_only,23,0,0,0,11
2019-05-08,UK,xiaomi-cam2,quorum_only,0,0,0,0,0
2019-05-08,UK,xiaomi-cleaner,quorum_only,1,0,0,0,0
2019-05-08,UK,xiaomi-hub,quorum_only,38,0,0,0,4
2019-05-08,UK,xiaomi-plug,quorum_only,0,0,0,0,0
2019-05-08,UK,yi-camera,quorum_only,7,0,0,0,0
2019-05-08,UK,allure-speaker,majority,47,0,0,0,33
2019-05-08,UK,appletv,majority,154,0,0,0,120
2019-05-08,UK,blink-camera,majority,27,0,0,0,8
2019-05-08,UK,blink-security-hub,majority,66,0,0,0,16
2019-05-08,UK,bosiwo-camera-wifi,majority,3,0,0,0,0
2019-05-08,UK,bosiwo-camera-wired,majority,162,0,0,0,0
2019-05-08,UK,charger-camera,majority,16,0,0,0,4
2019-05-08,UK,echodot,majority,327,0,0,0,58
2019-05-08,UK,echoplus,majority,502,0,0,0,56
2019-05-08,UK,echospot,majority,512,0,0,0,96
2019-05-08,UK,firetv,majority,245,0,0,0,181
2019-05-08,UK,google-home,majority,140,0,0,0,38
2019-05-08,UK,google-home-mini,majority,164,0,0,0,55
2019-05-08,UK,honeywell-thermostat,majority,8,0,0,0,6
2019-05-08,UK,insteon-hub,majority,14,0,0,0,9
2019-05-08,UK,lightify-hub,majority,24,0,0,0,10
2019-05-08,UK,magichome-strip,majority,9,0,0,0,6
2019-05-08,UK,nest-tstat,majority,145,0,0,0,93
2019-05-08,UK,netatmo-weather,majority,4,0,0,0,2
2019-05-08,UK,philips-hue,majority,79,0,0,0,32
2019-05-08,UK,ring-doorbell,majority,906,9,0,0,12
2019-05-08,UK,roku-tv,majority,183,0,0,0,98
2019-05-08,UK,samsungtv-wired,majority,513,0,0,0,344
2019-05-08,UK,sengled-hub,majority,26,0,0,0,12
2019-05-08,UK,smarter-coffee-mach,majority,4,0,0,0,2
2019-05-08,UK,smartthings,majority,41,0,0,0,16
2019-05-08,UK,sousvide,majority,1,0,0,0,0
2019-05-08,UK,t-wemo-plug,majority,90,0,0,0,10
2019-05-08,UK,tp-link-plug,majority,41,0,0,0,25
2019-05-08,UK,tplink-bulb,majority,112,0,0,0,21
2019-05-08,UK,tplink-plug2,majority,12,0,0,0,7
2019-05-08,UK,wansview-cam-wired,majority,795,0,0,0,15
2019-05-08,UK,xiaomi-cam2,majority,355,0,0,0,12
2019-05-08,UK,xiaomi-cleaner,majority,29,0,0,0,17
2019-05-08,UK,xiaomi-hub,majority,49,0,0,0,4
2019-05-08,UK,xiaomi-plug,majority,14,0,0,0,3
2019-05-08,UK,yi-camera,majority,888,0,0,0,12
2019-05-08,UK,allure-speaker,dib_without_portability_gate,0,0,0,0,0
2019-05-08,UK,appletv,dib_without_portability_gate,57,1,0,0,56
2019-05-08,UK,blink-camera,dib_without_portability_gate,0,0,0,0,0
2019-05-08,UK,blink-security-hub,dib_without_portability_gate,7,0,0,0,6
2019-05-08,UK,bosiwo-camera-wifi,dib_without_portability_gate,0,0,0,0,0
2019-05-08,UK,bosiwo-camera-wired,dib_without_portability_gate,0,0,0,0,0
2019-05-08,UK,charger-camera,dib_without_portability_gate,0,0,0,0,0
2019-05-08,UK,echodot,dib_without_portability_gate,36,0,0,0,28
2019-05-08,UK,echoplus,dib_without_portability_gate,64,0,0,0,33
2019-05-08,UK,echospot,dib_without_portability_gate,93,0,0,0,51
2019-05-08,UK,firetv,dib_without_portability_gate,87,0,0,0,80
2019-05-08,UK,google-home,dib_without_portability_gate,0,0,0,0,0
2019-05-08,UK,google-home-mini,dib_without_portability_gate,60,0,0,0,30
2019-05-08,UK,honeywell-thermostat,dib_without_portability_gate,0,0,0,0,0
2019-05-08,UK,insteon-hub,dib_without_portability_gate,1,0,0,0,1
2019-05-08,UK,lightify-hub,dib_without_portability_gate,1,0,0,0,0
2019-05-08,UK,magichome-strip,dib_without_portability_gate,0,0,0,0,0
2019-05-08,UK,nest-tstat,dib_without_portability_gate,13,0,0,0,10
2019-05-08,UK,netatmo-weather,dib_without_portability_gate,0,0,0,0,0
2019-05-08,UK,philips-hue,dib_without_portability_gate,13,0,0,0,6
2019-05-08,UK,ring-doorbell,dib_without_portability_gate,7,0,0,0,5
2019-05-08,UK,roku-tv,dib_without_portability_gate,60,0,0,0,56
2019-05-08,UK,samsungtv-wired,dib_without_portability_gate,40,0,0,0,36
2019-05-08,UK,sengled-hub,dib_without_portability_gate,0,0,0,0,0
2019-05-08,UK,smarter-coffee-mach,dib_without_portability_gate,0,0,0,0,0
2019-05-08,UK,smartthings,dib_without_portability_gate,5,0,0,0,4
2019-05-08,UK,sousvide,dib_without_portability_gate,1,0,0,0,0
2019-05-08,UK,t-wemo-plug,dib_without_portability_gate,37,0,0,0,6
2019-05-08,UK,tp-link-plug,dib_without_portability_gate,25,0,0,0,21
2019-05-08,UK,tplink-bulb,dib_without_portability_gate,37,0,0,0,8
2019-05-08,UK,tplink-plug2,dib_without_portability_gate,0,0,0,0,0
2019-05-08,UK,wansview-cam-wired,dib_without_portability_gate,13,0,0,0,11
2019-05-08,UK,xiaomi-cam2,dib_without_portability_gate,0,0,0,0,0
2019-05-08,UK,xiaomi-cleaner,dib_without_portability_gate,1,0,0,0,0
2019-05-08,UK,xiaomi-hub,dib_without_portability_gate,36,0,0,0,4
2019-05-08,UK,xiaomi-plug,dib_without_portability_gate,0,0,0,0,0
2019-05-08,UK,yi-camera,dib_without_portability_gate,3,0,0,0,0
